image_id,label_id,label_name,relpath
train_00000,0,AM General Hummer SUV 2000,images/train/train_00000.jpg
train_00001,0,AM General Hummer SUV 2000,images/train/train_00001.jpg
train_00002,0,AM General Hummer SUV 2000,images/train/train_00002.jpg
train_00003,0,AM General Hummer SUV 2000,images/train/train_00003.jpg
train_00004,0,AM General Hummer SUV 2000,images/train/train_00004.jpg
train_00005,0,AM General Hummer SUV 2000,images/train/train_00005.jpg
train_00006,0,AM General Hummer SUV 2000,images/train/train_00006.jpg
train_00007,0,AM General Hummer SUV 2000,images/train/train_00007.jpg
train_00009,0,AM General Hummer SUV 2000,images/train/train_00009.jpg
train_00010,0,AM General Hummer SUV 2000,images/train/train_00010.jpg
train_00011,0,AM General Hummer SUV 2000,images/train/train_00011.jpg
train_00012,0,AM General Hummer SUV 2000,images/train/train_00012.jpg
train_00013,0,AM General Hummer SUV 2000,images/train/train_00013.jpg
train_00014,0,AM General Hummer SUV 2000,images/train/train_00014.jpg
train_00015,0,AM General Hummer SUV 2000,images/train/train_00015.jpg
train_00016,0,AM General Hummer SUV 2000,images/train/train_00016.jpg
train_00017,0,AM General Hummer SUV 2000,images/train/train_00017.jpg
train_00018,0,AM General Hummer SUV 2000,images/train/train_00018.jpg
train_00019,0,AM General Hummer SUV 2000,images/train/train_00019.jpg
train_00020,0,AM General Hummer SUV 2000,images/train/train_00020.jpg
train_00021,0,AM General Hummer SUV 2000,images/train/train_00021.jpg
train_00022,0,AM General Hummer SUV 2000,images/train/train_00022.jpg
train_00024,0,AM General Hummer SUV 2000,images/train/train_00024.jpg
train_00025,0,AM General Hummer SUV 2000,images/train/train_00025.jpg
train_00026,0,AM General Hummer SUV 2000,images/train/train_00026.jpg
train_00027,0,AM General Hummer SUV 2000,images/train/train_00027.jpg
train_00028,0,AM General Hummer SUV 2000,images/train/train_00028.jpg
train_00030,0,AM General Hummer SUV 2000,images/train/train_00030.jpg
train_00031,0,AM General Hummer SUV 2000,images/train/train_00031.jpg
train_00032,0,AM General Hummer SUV 2000,images/train/train_00032.jpg
train_00033,0,AM General Hummer SUV 2000,images/train/train_00033.jpg
train_00036,0,AM General Hummer SUV 2000,images/train/train_00036.jpg
train_00037,0,AM General Hummer SUV 2000,images/train/train_00037.jpg
train_00039,0,AM General Hummer SUV 2000,images/train/train_00039.jpg
train_00040,0,AM General Hummer SUV 2000,images/train/train_00040.jpg
train_00042,0,AM General Hummer SUV 2000,images/train/train_00042.jpg
train_00043,0,AM General Hummer SUV 2000,images/train/train_00043.jpg
train_00044,0,AM General Hummer SUV 2000,images/train/train_00044.jpg
train_00045,1,Acura RL Sedan 2012,images/train/train_00045.jpg
train_00046,1,Acura RL Sedan 2012,images/train/train_00046.jpg
train_00047,1,Acura RL Sedan 2012,images/train/train_00047.jpg
train_00048,1,Acura RL Sedan 2012,images/train/train_00048.jpg
train_00049,1,Acura RL Sedan 2012,images/train/train_00049.jpg
train_00050,1,Acura RL Sedan 2012,images/train/train_00050.jpg
train_00051,1,Acura RL Sedan 2012,images/train/train_00051.jpg
train_00052,1,Acura RL Sedan 2012,images/train/train_00052.jpg
train_00053,1,Acura RL Sedan 2012,images/train/train_00053.jpg
train_00054,1,Acura RL Sedan 2012,images/train/train_00054.jpg
train_00055,1,Acura RL Sedan 2012,images/train/train_00055.jpg
train_00056,1,Acura RL Sedan 2012,images/train/train_00056.jpg
train_00058,1,Acura RL Sedan 2012,images/train/train_00058.jpg
train_00059,1,Acura RL Sedan 2012,images/train/train_00059.jpg
train_00060,1,Acura RL Sedan 2012,images/train/train_00060.jpg
train_00061,1,Acura RL Sedan 2012,images/train/train_00061.jpg
train_00062,1,Acura RL Sedan 2012,images/train/train_00062.jpg
train_00063,1,Acura RL Sedan 2012,images/train/train_00063.jpg
train_00064,1,Acura RL Sedan 2012,images/train/train_00064.jpg
train_00065,1,Acura RL Sedan 2012,images/train/train_00065.jpg
train_00066,1,Acura RL Sedan 2012,images/train/train_00066.jpg
train_00067,1,Acura RL Sedan 2012,images/train/train_00067.jpg
train_00068,1,Acura RL Sedan 2012,images/train/train_00068.jpg
train_00071,1,Acura RL Sedan 2012,images/train/train_00071.jpg
train_00072,1,Acura RL Sedan 2012,images/train/train_00072.jpg
train_00073,1,Acura RL Sedan 2012,images/train/train_00073.jpg
train_00075,1,Acura RL Sedan 2012,images/train/train_00075.jpg
train_00077,10,Aston Martin Virage Coupe 2012,images/train/train_00077.jpg
train_00078,10,Aston Martin Virage Coupe 2012,images/train/train_00078.jpg
train_00079,10,Aston Martin Virage Coupe 2012,images/train/train_00079.jpg
train_00081,10,Aston Martin Virage Coupe 2012,images/train/train_00081.jpg
train_00082,10,Aston Martin Virage Coupe 2012,images/train/train_00082.jpg
train_00083,10,Aston Martin Virage Coupe 2012,images/train/train_00083.jpg
train_00084,10,Aston Martin Virage Coupe 2012,images/train/train_00084.jpg
train_00085,10,Aston Martin Virage Coupe 2012,images/train/train_00085.jpg
train_00086,10,Aston Martin Virage Coupe 2012,images/train/train_00086.jpg
train_00087,10,Aston Martin Virage Coupe 2012,images/train/train_00087.jpg
train_00088,10,Aston Martin Virage Coupe 2012,images/train/train_00088.jpg
train_00089,10,Aston Martin Virage Coupe 2012,images/train/train_00089.jpg
train_00090,10,Aston Martin Virage Coupe 2012,images/train/train_00090.jpg
train_00091,10,Aston Martin Virage Coupe 2012,images/train/train_00091.jpg
train_00093,10,Aston Martin Virage Coupe 2012,images/train/train_00093.jpg
train_00094,10,Aston Martin Virage Coupe 2012,images/train/train_00094.jpg
train_00096,10,Aston Martin Virage Coupe 2012,images/train/train_00096.jpg
train_00097,10,Aston Martin Virage Coupe 2012,images/train/train_00097.jpg
train_00098,10,Aston Martin Virage Coupe 2012,images/train/train_00098.jpg
train_00101,10,Aston Martin Virage Coupe 2012,images/train/train_00101.jpg
train_00102,10,Aston Martin Virage Coupe 2012,images/train/train_00102.jpg
train_00103,10,Aston Martin Virage Coupe 2012,images/train/train_00103.jpg
train_00104,10,Aston Martin Virage Coupe 2012,images/train/train_00104.jpg
train_00105,10,Aston Martin Virage Coupe 2012,images/train/train_00105.jpg
train_00106,10,Aston Martin Virage Coupe 2012,images/train/train_00106.jpg
train_00107,10,Aston Martin Virage Coupe 2012,images/train/train_00107.jpg
train_00108,10,Aston Martin Virage Coupe 2012,images/train/train_00108.jpg
train_00109,10,Aston Martin Virage Coupe 2012,images/train/train_00109.jpg
train_00110,10,Aston Martin Virage Coupe 2012,images/train/train_00110.jpg
train_00111,10,Aston Martin Virage Coupe 2012,images/train/train_00111.jpg
train_00113,10,Aston Martin Virage Coupe 2012,images/train/train_00113.jpg
train_00114,10,Aston Martin Virage Coupe 2012,images/train/train_00114.jpg
train_00115,100,Ferrari FF Coupe 2012,images/train/train_00115.jpg
train_00116,100,Ferrari FF Coupe 2012,images/train/train_00116.jpg
train_00118,100,Ferrari FF Coupe 2012,images/train/train_00118.jpg
train_00119,100,Ferrari FF Coupe 2012,images/train/train_00119.jpg
train_00120,100,Ferrari FF Coupe 2012,images/train/train_00120.jpg
train_00121,100,Ferrari FF Coupe 2012,images/train/train_00121.jpg
train_00122,100,Ferrari FF Coupe 2012,images/train/train_00122.jpg
train_00123,100,Ferrari FF Coupe 2012,images/train/train_00123.jpg
train_00124,100,Ferrari FF Coupe 2012,images/train/train_00124.jpg
train_00125,100,Ferrari FF Coupe 2012,images/train/train_00125.jpg
train_00126,100,Ferrari FF Coupe 2012,images/train/train_00126.jpg
train_00128,100,Ferrari FF Coupe 2012,images/train/train_00128.jpg
train_00129,100,Ferrari FF Coupe 2012,images/train/train_00129.jpg
train_00130,100,Ferrari FF Coupe 2012,images/train/train_00130.jpg
train_00131,100,Ferrari FF Coupe 2012,images/train/train_00131.jpg
train_00132,100,Ferrari FF Coupe 2012,images/train/train_00132.jpg
train_00133,100,Ferrari FF Coupe 2012,images/train/train_00133.jpg
train_00134,100,Ferrari FF Coupe 2012,images/train/train_00134.jpg
train_00135,100,Ferrari FF Coupe 2012,images/train/train_00135.jpg
train_00136,100,Ferrari FF Coupe 2012,images/train/train_00136.jpg
train_00137,100,Ferrari FF Coupe 2012,images/train/train_00137.jpg
train_00138,100,Ferrari FF Coupe 2012,images/train/train_00138.jpg
train_00139,100,Ferrari FF Coupe 2012,images/train/train_00139.jpg
train_00141,100,Ferrari FF Coupe 2012,images/train/train_00141.jpg
train_00143,100,Ferrari FF Coupe 2012,images/train/train_00143.jpg
train_00144,100,Ferrari FF Coupe 2012,images/train/train_00144.jpg
train_00146,100,Ferrari FF Coupe 2012,images/train/train_00146.jpg
train_00148,100,Ferrari FF Coupe 2012,images/train/train_00148.jpg
train_00149,100,Ferrari FF Coupe 2012,images/train/train_00149.jpg
train_00150,100,Ferrari FF Coupe 2012,images/train/train_00150.jpg
train_00151,100,Ferrari FF Coupe 2012,images/train/train_00151.jpg
train_00152,100,Ferrari FF Coupe 2012,images/train/train_00152.jpg
train_00153,100,Ferrari FF Coupe 2012,images/train/train_00153.jpg
train_00154,100,Ferrari FF Coupe 2012,images/train/train_00154.jpg
train_00155,100,Ferrari FF Coupe 2012,images/train/train_00155.jpg
train_00156,100,Ferrari FF Coupe 2012,images/train/train_00156.jpg
train_00157,101,Ferrari California Convertible 2012,images/train/train_00157.jpg
train_00158,101,Ferrari California Convertible 2012,images/train/train_00158.jpg
train_00159,101,Ferrari California Convertible 2012,images/train/train_00159.jpg
train_00160,101,Ferrari California Convertible 2012,images/train/train_00160.jpg
train_00161,101,Ferrari California Convertible 2012,images/train/train_00161.jpg
train_00162,101,Ferrari California Convertible 2012,images/train/train_00162.jpg
train_00163,101,Ferrari California Convertible 2012,images/train/train_00163.jpg
train_00166,101,Ferrari California Convertible 2012,images/train/train_00166.jpg
train_00167,101,Ferrari California Convertible 2012,images/train/train_00167.jpg
train_00168,101,Ferrari California Convertible 2012,images/train/train_00168.jpg
train_00169,101,Ferrari California Convertible 2012,images/train/train_00169.jpg
train_00170,101,Ferrari California Convertible 2012,images/train/train_00170.jpg
train_00171,101,Ferrari California Convertible 2012,images/train/train_00171.jpg
train_00172,101,Ferrari California Convertible 2012,images/train/train_00172.jpg
train_00173,101,Ferrari California Convertible 2012,images/train/train_00173.jpg
train_00174,101,Ferrari California Convertible 2012,images/train/train_00174.jpg
train_00177,101,Ferrari California Convertible 2012,images/train/train_00177.jpg
train_00178,101,Ferrari California Convertible 2012,images/train/train_00178.jpg
train_00179,101,Ferrari California Convertible 2012,images/train/train_00179.jpg
train_00180,101,Ferrari California Convertible 2012,images/train/train_00180.jpg
train_00181,101,Ferrari California Convertible 2012,images/train/train_00181.jpg
train_00182,101,Ferrari California Convertible 2012,images/train/train_00182.jpg
train_00183,101,Ferrari California Convertible 2012,images/train/train_00183.jpg
train_00184,101,Ferrari California Convertible 2012,images/train/train_00184.jpg
train_00185,101,Ferrari California Convertible 2012,images/train/train_00185.jpg
train_00186,101,Ferrari California Convertible 2012,images/train/train_00186.jpg
train_00187,101,Ferrari California Convertible 2012,images/train/train_00187.jpg
train_00188,101,Ferrari California Convertible 2012,images/train/train_00188.jpg
train_00190,101,Ferrari California Convertible 2012,images/train/train_00190.jpg
train_00191,101,Ferrari California Convertible 2012,images/train/train_00191.jpg
train_00192,101,Ferrari California Convertible 2012,images/train/train_00192.jpg
train_00194,101,Ferrari California Convertible 2012,images/train/train_00194.jpg
train_00195,101,Ferrari California Convertible 2012,images/train/train_00195.jpg
train_00196,102,Ferrari 458 Italia Convertible 2012,images/train/train_00196.jpg
train_00197,102,Ferrari 458 Italia Convertible 2012,images/train/train_00197.jpg
train_00198,102,Ferrari 458 Italia Convertible 2012,images/train/train_00198.jpg
train_00199,102,Ferrari 458 Italia Convertible 2012,images/train/train_00199.jpg
train_00200,102,Ferrari 458 Italia Convertible 2012,images/train/train_00200.jpg
train_00203,102,Ferrari 458 Italia Convertible 2012,images/train/train_00203.jpg
train_00204,102,Ferrari 458 Italia Convertible 2012,images/train/train_00204.jpg
train_00207,102,Ferrari 458 Italia Convertible 2012,images/train/train_00207.jpg
train_00208,102,Ferrari 458 Italia Convertible 2012,images/train/train_00208.jpg
train_00210,102,Ferrari 458 Italia Convertible 2012,images/train/train_00210.jpg
train_00211,102,Ferrari 458 Italia Convertible 2012,images/train/train_00211.jpg
train_00212,102,Ferrari 458 Italia Convertible 2012,images/train/train_00212.jpg
train_00213,102,Ferrari 458 Italia Convertible 2012,images/train/train_00213.jpg
train_00214,102,Ferrari 458 Italia Convertible 2012,images/train/train_00214.jpg
train_00215,102,Ferrari 458 Italia Convertible 2012,images/train/train_00215.jpg
train_00216,102,Ferrari 458 Italia Convertible 2012,images/train/train_00216.jpg
train_00217,102,Ferrari 458 Italia Convertible 2012,images/train/train_00217.jpg
train_00218,102,Ferrari 458 Italia Convertible 2012,images/train/train_00218.jpg
train_00219,102,Ferrari 458 Italia Convertible 2012,images/train/train_00219.jpg
train_00220,102,Ferrari 458 Italia Convertible 2012,images/train/train_00220.jpg
train_00221,102,Ferrari 458 Italia Convertible 2012,images/train/train_00221.jpg
train_00222,102,Ferrari 458 Italia Convertible 2012,images/train/train_00222.jpg
train_00223,102,Ferrari 458 Italia Convertible 2012,images/train/train_00223.jpg
train_00224,102,Ferrari 458 Italia Convertible 2012,images/train/train_00224.jpg
train_00225,102,Ferrari 458 Italia Convertible 2012,images/train/train_00225.jpg
train_00226,102,Ferrari 458 Italia Convertible 2012,images/train/train_00226.jpg
train_00227,102,Ferrari 458 Italia Convertible 2012,images/train/train_00227.jpg
train_00228,102,Ferrari 458 Italia Convertible 2012,images/train/train_00228.jpg
train_00229,102,Ferrari 458 Italia Convertible 2012,images/train/train_00229.jpg
train_00230,102,Ferrari 458 Italia Convertible 2012,images/train/train_00230.jpg
train_00231,102,Ferrari 458 Italia Convertible 2012,images/train/train_00231.jpg
train_00232,102,Ferrari 458 Italia Convertible 2012,images/train/train_00232.jpg
train_00233,102,Ferrari 458 Italia Convertible 2012,images/train/train_00233.jpg
train_00235,102,Ferrari 458 Italia Convertible 2012,images/train/train_00235.jpg
train_00236,103,Ferrari 458 Italia Coupe 2012,images/train/train_00236.jpg
train_00237,103,Ferrari 458 Italia Coupe 2012,images/train/train_00237.jpg
train_00238,103,Ferrari 458 Italia Coupe 2012,images/train/train_00238.jpg
train_00239,103,Ferrari 458 Italia Coupe 2012,images/train/train_00239.jpg
train_00241,103,Ferrari 458 Italia Coupe 2012,images/train/train_00241.jpg
train_00242,103,Ferrari 458 Italia Coupe 2012,images/train/train_00242.jpg
train_00244,103,Ferrari 458 Italia Coupe 2012,images/train/train_00244.jpg
train_00245,103,Ferrari 458 Italia Coupe 2012,images/train/train_00245.jpg
train_00246,103,Ferrari 458 Italia Coupe 2012,images/train/train_00246.jpg
train_00247,103,Ferrari 458 Italia Coupe 2012,images/train/train_00247.jpg
train_00248,103,Ferrari 458 Italia Coupe 2012,images/train/train_00248.jpg
train_00249,103,Ferrari 458 Italia Coupe 2012,images/train/train_00249.jpg
train_00251,103,Ferrari 458 Italia Coupe 2012,images/train/train_00251.jpg
train_00252,103,Ferrari 458 Italia Coupe 2012,images/train/train_00252.jpg
train_00253,103,Ferrari 458 Italia Coupe 2012,images/train/train_00253.jpg
train_00254,103,Ferrari 458 Italia Coupe 2012,images/train/train_00254.jpg
train_00256,103,Ferrari 458 Italia Coupe 2012,images/train/train_00256.jpg
train_00257,103,Ferrari 458 Italia Coupe 2012,images/train/train_00257.jpg
train_00258,103,Ferrari 458 Italia Coupe 2012,images/train/train_00258.jpg
train_00259,103,Ferrari 458 Italia Coupe 2012,images/train/train_00259.jpg
train_00260,103,Ferrari 458 Italia Coupe 2012,images/train/train_00260.jpg
train_00262,103,Ferrari 458 Italia Coupe 2012,images/train/train_00262.jpg
train_00263,103,Ferrari 458 Italia Coupe 2012,images/train/train_00263.jpg
train_00264,103,Ferrari 458 Italia Coupe 2012,images/train/train_00264.jpg
train_00265,103,Ferrari 458 Italia Coupe 2012,images/train/train_00265.jpg
train_00266,103,Ferrari 458 Italia Coupe 2012,images/train/train_00266.jpg
train_00268,103,Ferrari 458 Italia Coupe 2012,images/train/train_00268.jpg
train_00269,103,Ferrari 458 Italia Coupe 2012,images/train/train_00269.jpg
train_00270,103,Ferrari 458 Italia Coupe 2012,images/train/train_00270.jpg
train_00271,103,Ferrari 458 Italia Coupe 2012,images/train/train_00271.jpg
train_00272,103,Ferrari 458 Italia Coupe 2012,images/train/train_00272.jpg
train_00273,103,Ferrari 458 Italia Coupe 2012,images/train/train_00273.jpg
train_00274,103,Ferrari 458 Italia Coupe 2012,images/train/train_00274.jpg
train_00275,103,Ferrari 458 Italia Coupe 2012,images/train/train_00275.jpg
train_00276,103,Ferrari 458 Italia Coupe 2012,images/train/train_00276.jpg
train_00277,103,Ferrari 458 Italia Coupe 2012,images/train/train_00277.jpg
train_00278,103,Ferrari 458 Italia Coupe 2012,images/train/train_00278.jpg
train_00279,104,Fisker Karma Sedan 2012,images/train/train_00279.jpg
train_00280,104,Fisker Karma Sedan 2012,images/train/train_00280.jpg
train_00281,104,Fisker Karma Sedan 2012,images/train/train_00281.jpg
train_00283,104,Fisker Karma Sedan 2012,images/train/train_00283.jpg
train_00284,104,Fisker Karma Sedan 2012,images/train/train_00284.jpg
train_00285,104,Fisker Karma Sedan 2012,images/train/train_00285.jpg
train_00286,104,Fisker Karma Sedan 2012,images/train/train_00286.jpg
train_00287,104,Fisker Karma Sedan 2012,images/train/train_00287.jpg
train_00288,104,Fisker Karma Sedan 2012,images/train/train_00288.jpg
train_00289,104,Fisker Karma Sedan 2012,images/train/train_00289.jpg
train_00290,104,Fisker Karma Sedan 2012,images/train/train_00290.jpg
train_00291,104,Fisker Karma Sedan 2012,images/train/train_00291.jpg
train_00292,104,Fisker Karma Sedan 2012,images/train/train_00292.jpg
train_00293,104,Fisker Karma Sedan 2012,images/train/train_00293.jpg
train_00295,104,Fisker Karma Sedan 2012,images/train/train_00295.jpg
train_00296,104,Fisker Karma Sedan 2012,images/train/train_00296.jpg
train_00297,104,Fisker Karma Sedan 2012,images/train/train_00297.jpg
train_00298,104,Fisker Karma Sedan 2012,images/train/train_00298.jpg
train_00299,104,Fisker Karma Sedan 2012,images/train/train_00299.jpg
train_00300,104,Fisker Karma Sedan 2012,images/train/train_00300.jpg
train_00301,104,Fisker Karma Sedan 2012,images/train/train_00301.jpg
train_00302,104,Fisker Karma Sedan 2012,images/train/train_00302.jpg
train_00304,104,Fisker Karma Sedan 2012,images/train/train_00304.jpg
train_00305,104,Fisker Karma Sedan 2012,images/train/train_00305.jpg
train_00306,104,Fisker Karma Sedan 2012,images/train/train_00306.jpg
train_00308,104,Fisker Karma Sedan 2012,images/train/train_00308.jpg
train_00309,104,Fisker Karma Sedan 2012,images/train/train_00309.jpg
train_00310,104,Fisker Karma Sedan 2012,images/train/train_00310.jpg
train_00311,104,Fisker Karma Sedan 2012,images/train/train_00311.jpg
train_00312,104,Fisker Karma Sedan 2012,images/train/train_00312.jpg
train_00313,104,Fisker Karma Sedan 2012,images/train/train_00313.jpg
train_00314,104,Fisker Karma Sedan 2012,images/train/train_00314.jpg
train_00315,104,Fisker Karma Sedan 2012,images/train/train_00315.jpg
train_00316,104,Fisker Karma Sedan 2012,images/train/train_00316.jpg
train_00317,104,Fisker Karma Sedan 2012,images/train/train_00317.jpg
train_00318,104,Fisker Karma Sedan 2012,images/train/train_00318.jpg
train_00321,104,Fisker Karma Sedan 2012,images/train/train_00321.jpg
train_00323,105,Ford F-450 Super Duty Crew Cab 2012,images/train/train_00323.jpg
train_00324,105,Ford F-450 Super Duty Crew Cab 2012,images/train/train_00324.jpg
train_00325,105,Ford F-450 Super Duty Crew Cab 2012,images/train/train_00325.jpg
train_00326,105,Ford F-450 Super Duty Crew Cab 2012,images/train/train_00326.jpg
train_00327,105,Ford F-450 Super Duty Crew Cab 2012,images/train/train_00327.jpg
train_00328,105,Ford F-450 Super Duty Crew Cab 2012,images/train/train_00328.jpg
train_00330,105,Ford F-450 Super Duty Crew Cab 2012,images/train/train_00330.jpg
train_00332,105,Ford F-450 Super Duty Crew Cab 2012,images/train/train_00332.jpg
train_00333,105,Ford F-450 Super Duty Crew Cab 2012,images/train/train_00333.jpg
train_00334,105,Ford F-450 Super Duty Crew Cab 2012,images/train/train_00334.jpg
train_00336,105,Ford F-450 Super Duty Crew Cab 2012,images/train/train_00336.jpg
train_00337,105,Ford F-450 Super Duty Crew Cab 2012,images/train/train_00337.jpg
train_00338,105,Ford F-450 Super Duty Crew Cab 2012,images/train/train_00338.jpg
train_00339,105,Ford F-450 Super Duty Crew Cab 2012,images/train/train_00339.jpg
train_00341,105,Ford F-450 Super Duty Crew Cab 2012,images/train/train_00341.jpg
train_00342,105,Ford F-450 Super Duty Crew Cab 2012,images/train/train_00342.jpg
train_00343,105,Ford F-450 Super Duty Crew Cab 2012,images/train/train_00343.jpg
train_00344,105,Ford F-450 Super Duty Crew Cab 2012,images/train/train_00344.jpg
train_00345,105,Ford F-450 Super Duty Crew Cab 2012,images/train/train_00345.jpg
train_00346,105,Ford F-450 Super Duty Crew Cab 2012,images/train/train_00346.jpg
train_00347,105,Ford F-450 Super Duty Crew Cab 2012,images/train/train_00347.jpg
train_00348,105,Ford F-450 Super Duty Crew Cab 2012,images/train/train_00348.jpg
train_00349,105,Ford F-450 Super Duty Crew Cab 2012,images/train/train_00349.jpg
train_00350,105,Ford F-450 Super Duty Crew Cab 2012,images/train/train_00350.jpg
train_00351,105,Ford F-450 Super Duty Crew Cab 2012,images/train/train_00351.jpg
train_00353,105,Ford F-450 Super Duty Crew Cab 2012,images/train/train_00353.jpg
train_00354,105,Ford F-450 Super Duty Crew Cab 2012,images/train/train_00354.jpg
train_00355,105,Ford F-450 Super Duty Crew Cab 2012,images/train/train_00355.jpg
train_00356,105,Ford F-450 Super Duty Crew Cab 2012,images/train/train_00356.jpg
train_00357,105,Ford F-450 Super Duty Crew Cab 2012,images/train/train_00357.jpg
train_00358,105,Ford F-450 Super Duty Crew Cab 2012,images/train/train_00358.jpg
train_00359,105,Ford F-450 Super Duty Crew Cab 2012,images/train/train_00359.jpg
train_00361,105,Ford F-450 Super Duty Crew Cab 2012,images/train/train_00361.jpg
train_00362,105,Ford F-450 Super Duty Crew Cab 2012,images/train/train_00362.jpg
train_00363,105,Ford F-450 Super Duty Crew Cab 2012,images/train/train_00363.jpg
train_00364,105,Ford F-450 Super Duty Crew Cab 2012,images/train/train_00364.jpg
train_00365,106,Ford Mustang Convertible 2007,images/train/train_00365.jpg
train_00366,106,Ford Mustang Convertible 2007,images/train/train_00366.jpg
train_00367,106,Ford Mustang Convertible 2007,images/train/train_00367.jpg
train_00369,106,Ford Mustang Convertible 2007,images/train/train_00369.jpg
train_00371,106,Ford Mustang Convertible 2007,images/train/train_00371.jpg
train_00372,106,Ford Mustang Convertible 2007,images/train/train_00372.jpg
train_00373,106,Ford Mustang Convertible 2007,images/train/train_00373.jpg
train_00374,106,Ford Mustang Convertible 2007,images/train/train_00374.jpg
train_00375,106,Ford Mustang Convertible 2007,images/train/train_00375.jpg
train_00377,106,Ford Mustang Convertible 2007,images/train/train_00377.jpg
train_00378,106,Ford Mustang Convertible 2007,images/train/train_00378.jpg
train_00379,106,Ford Mustang Convertible 2007,images/train/train_00379.jpg
train_00380,106,Ford Mustang Convertible 2007,images/train/train_00380.jpg
train_00381,106,Ford Mustang Convertible 2007,images/train/train_00381.jpg
train_00382,106,Ford Mustang Convertible 2007,images/train/train_00382.jpg
train_00383,106,Ford Mustang Convertible 2007,images/train/train_00383.jpg
train_00384,106,Ford Mustang Convertible 2007,images/train/train_00384.jpg
train_00385,106,Ford Mustang Convertible 2007,images/train/train_00385.jpg
train_00386,106,Ford Mustang Convertible 2007,images/train/train_00386.jpg
train_00387,106,Ford Mustang Convertible 2007,images/train/train_00387.jpg
train_00389,106,Ford Mustang Convertible 2007,images/train/train_00389.jpg
train_00390,106,Ford Mustang Convertible 2007,images/train/train_00390.jpg
train_00391,106,Ford Mustang Convertible 2007,images/train/train_00391.jpg
train_00392,106,Ford Mustang Convertible 2007,images/train/train_00392.jpg
train_00393,106,Ford Mustang Convertible 2007,images/train/train_00393.jpg
train_00394,106,Ford Mustang Convertible 2007,images/train/train_00394.jpg
train_00395,106,Ford Mustang Convertible 2007,images/train/train_00395.jpg
train_00396,106,Ford Mustang Convertible 2007,images/train/train_00396.jpg
train_00397,106,Ford Mustang Convertible 2007,images/train/train_00397.jpg
train_00398,106,Ford Mustang Convertible 2007,images/train/train_00398.jpg
train_00399,106,Ford Mustang Convertible 2007,images/train/train_00399.jpg
train_00400,106,Ford Mustang Convertible 2007,images/train/train_00400.jpg
train_00402,106,Ford Mustang Convertible 2007,images/train/train_00402.jpg
train_00403,106,Ford Mustang Convertible 2007,images/train/train_00403.jpg
train_00405,106,Ford Mustang Convertible 2007,images/train/train_00405.jpg
train_00406,106,Ford Mustang Convertible 2007,images/train/train_00406.jpg
train_00407,106,Ford Mustang Convertible 2007,images/train/train_00407.jpg
train_00409,106,Ford Mustang Convertible 2007,images/train/train_00409.jpg
train_00410,107,Ford Freestar Minivan 2007,images/train/train_00410.jpg
train_00411,107,Ford Freestar Minivan 2007,images/train/train_00411.jpg
train_00412,107,Ford Freestar Minivan 2007,images/train/train_00412.jpg
train_00413,107,Ford Freestar Minivan 2007,images/train/train_00413.jpg
train_00414,107,Ford Freestar Minivan 2007,images/train/train_00414.jpg
train_00415,107,Ford Freestar Minivan 2007,images/train/train_00415.jpg
train_00416,107,Ford Freestar Minivan 2007,images/train/train_00416.jpg
train_00417,107,Ford Freestar Minivan 2007,images/train/train_00417.jpg
train_00418,107,Ford Freestar Minivan 2007,images/train/train_00418.jpg
train_00420,107,Ford Freestar Minivan 2007,images/train/train_00420.jpg
train_00421,107,Ford Freestar Minivan 2007,images/train/train_00421.jpg
train_00422,107,Ford Freestar Minivan 2007,images/train/train_00422.jpg
train_00425,107,Ford Freestar Minivan 2007,images/train/train_00425.jpg
train_00426,107,Ford Freestar Minivan 2007,images/train/train_00426.jpg
train_00427,107,Ford Freestar Minivan 2007,images/train/train_00427.jpg
train_00428,107,Ford Freestar Minivan 2007,images/train/train_00428.jpg
train_00429,107,Ford Freestar Minivan 2007,images/train/train_00429.jpg
train_00430,107,Ford Freestar Minivan 2007,images/train/train_00430.jpg
train_00431,107,Ford Freestar Minivan 2007,images/train/train_00431.jpg
train_00432,107,Ford Freestar Minivan 2007,images/train/train_00432.jpg
train_00433,107,Ford Freestar Minivan 2007,images/train/train_00433.jpg
train_00435,107,Ford Freestar Minivan 2007,images/train/train_00435.jpg
train_00436,107,Ford Freestar Minivan 2007,images/train/train_00436.jpg
train_00437,107,Ford Freestar Minivan 2007,images/train/train_00437.jpg
train_00438,107,Ford Freestar Minivan 2007,images/train/train_00438.jpg
train_00439,107,Ford Freestar Minivan 2007,images/train/train_00439.jpg
train_00440,107,Ford Freestar Minivan 2007,images/train/train_00440.jpg
train_00441,107,Ford Freestar Minivan 2007,images/train/train_00441.jpg
train_00442,107,Ford Freestar Minivan 2007,images/train/train_00442.jpg
train_00444,107,Ford Freestar Minivan 2007,images/train/train_00444.jpg
train_00445,107,Ford Freestar Minivan 2007,images/train/train_00445.jpg
train_00447,107,Ford Freestar Minivan 2007,images/train/train_00447.jpg
train_00448,107,Ford Freestar Minivan 2007,images/train/train_00448.jpg
train_00449,107,Ford Freestar Minivan 2007,images/train/train_00449.jpg
train_00450,107,Ford Freestar Minivan 2007,images/train/train_00450.jpg
train_00451,107,Ford Freestar Minivan 2007,images/train/train_00451.jpg
train_00452,107,Ford Freestar Minivan 2007,images/train/train_00452.jpg
train_00454,108,Ford Expedition EL SUV 2009,images/train/train_00454.jpg
train_00456,108,Ford Expedition EL SUV 2009,images/train/train_00456.jpg
train_00459,108,Ford Expedition EL SUV 2009,images/train/train_00459.jpg
train_00460,108,Ford Expedition EL SUV 2009,images/train/train_00460.jpg
train_00461,108,Ford Expedition EL SUV 2009,images/train/train_00461.jpg
train_00462,108,Ford Expedition EL SUV 2009,images/train/train_00462.jpg
train_00463,108,Ford Expedition EL SUV 2009,images/train/train_00463.jpg
train_00464,108,Ford Expedition EL SUV 2009,images/train/train_00464.jpg
train_00465,108,Ford Expedition EL SUV 2009,images/train/train_00465.jpg
train_00466,108,Ford Expedition EL SUV 2009,images/train/train_00466.jpg
train_00467,108,Ford Expedition EL SUV 2009,images/train/train_00467.jpg
train_00468,108,Ford Expedition EL SUV 2009,images/train/train_00468.jpg
train_00469,108,Ford Expedition EL SUV 2009,images/train/train_00469.jpg
train_00470,108,Ford Expedition EL SUV 2009,images/train/train_00470.jpg
train_00471,108,Ford Expedition EL SUV 2009,images/train/train_00471.jpg
train_00472,108,Ford Expedition EL SUV 2009,images/train/train_00472.jpg
train_00473,108,Ford Expedition EL SUV 2009,images/train/train_00473.jpg
train_00474,108,Ford Expedition EL SUV 2009,images/train/train_00474.jpg
train_00475,108,Ford Expedition EL SUV 2009,images/train/train_00475.jpg
train_00476,108,Ford Expedition EL SUV 2009,images/train/train_00476.jpg
train_00478,108,Ford Expedition EL SUV 2009,images/train/train_00478.jpg
train_00480,108,Ford Expedition EL SUV 2009,images/train/train_00480.jpg
train_00481,108,Ford Expedition EL SUV 2009,images/train/train_00481.jpg
train_00482,108,Ford Expedition EL SUV 2009,images/train/train_00482.jpg
train_00483,108,Ford Expedition EL SUV 2009,images/train/train_00483.jpg
train_00484,108,Ford Expedition EL SUV 2009,images/train/train_00484.jpg
train_00485,108,Ford Expedition EL SUV 2009,images/train/train_00485.jpg
train_00486,108,Ford Expedition EL SUV 2009,images/train/train_00486.jpg
train_00487,108,Ford Expedition EL SUV 2009,images/train/train_00487.jpg
train_00488,108,Ford Expedition EL SUV 2009,images/train/train_00488.jpg
train_00489,108,Ford Expedition EL SUV 2009,images/train/train_00489.jpg
train_00490,108,Ford Expedition EL SUV 2009,images/train/train_00490.jpg
train_00491,108,Ford Expedition EL SUV 2009,images/train/train_00491.jpg
train_00493,108,Ford Expedition EL SUV 2009,images/train/train_00493.jpg
train_00494,108,Ford Expedition EL SUV 2009,images/train/train_00494.jpg
train_00495,108,Ford Expedition EL SUV 2009,images/train/train_00495.jpg
train_00496,108,Ford Expedition EL SUV 2009,images/train/train_00496.jpg
train_00498,108,Ford Expedition EL SUV 2009,images/train/train_00498.jpg
train_00499,109,Ford Edge SUV 2012,images/train/train_00499.jpg
train_00501,109,Ford Edge SUV 2012,images/train/train_00501.jpg
train_00502,109,Ford Edge SUV 2012,images/train/train_00502.jpg
train_00503,109,Ford Edge SUV 2012,images/train/train_00503.jpg
train_00504,109,Ford Edge SUV 2012,images/train/train_00504.jpg
train_00505,109,Ford Edge SUV 2012,images/train/train_00505.jpg
train_00506,109,Ford Edge SUV 2012,images/train/train_00506.jpg
train_00507,109,Ford Edge SUV 2012,images/train/train_00507.jpg
train_00508,109,Ford Edge SUV 2012,images/train/train_00508.jpg
train_00509,109,Ford Edge SUV 2012,images/train/train_00509.jpg
train_00510,109,Ford Edge SUV 2012,images/train/train_00510.jpg
train_00512,109,Ford Edge SUV 2012,images/train/train_00512.jpg
train_00513,109,Ford Edge SUV 2012,images/train/train_00513.jpg
train_00514,109,Ford Edge SUV 2012,images/train/train_00514.jpg
train_00515,109,Ford Edge SUV 2012,images/train/train_00515.jpg
train_00516,109,Ford Edge SUV 2012,images/train/train_00516.jpg
train_00517,109,Ford Edge SUV 2012,images/train/train_00517.jpg
train_00518,109,Ford Edge SUV 2012,images/train/train_00518.jpg
train_00519,109,Ford Edge SUV 2012,images/train/train_00519.jpg
train_00520,109,Ford Edge SUV 2012,images/train/train_00520.jpg
train_00521,109,Ford Edge SUV 2012,images/train/train_00521.jpg
train_00522,109,Ford Edge SUV 2012,images/train/train_00522.jpg
train_00524,109,Ford Edge SUV 2012,images/train/train_00524.jpg
train_00525,109,Ford Edge SUV 2012,images/train/train_00525.jpg
train_00526,109,Ford Edge SUV 2012,images/train/train_00526.jpg
train_00528,109,Ford Edge SUV 2012,images/train/train_00528.jpg
train_00529,109,Ford Edge SUV 2012,images/train/train_00529.jpg
train_00531,109,Ford Edge SUV 2012,images/train/train_00531.jpg
train_00532,109,Ford Edge SUV 2012,images/train/train_00532.jpg
train_00533,109,Ford Edge SUV 2012,images/train/train_00533.jpg
train_00534,109,Ford Edge SUV 2012,images/train/train_00534.jpg
train_00535,109,Ford Edge SUV 2012,images/train/train_00535.jpg
train_00536,109,Ford Edge SUV 2012,images/train/train_00536.jpg
train_00538,109,Ford Edge SUV 2012,images/train/train_00538.jpg
train_00539,109,Ford Edge SUV 2012,images/train/train_00539.jpg
train_00540,109,Ford Edge SUV 2012,images/train/train_00540.jpg
train_00541,109,Ford Edge SUV 2012,images/train/train_00541.jpg
train_00542,11,Audi RS 4 Convertible 2008,images/train/train_00542.jpg
train_00543,11,Audi RS 4 Convertible 2008,images/train/train_00543.jpg
train_00546,11,Audi RS 4 Convertible 2008,images/train/train_00546.jpg
train_00548,11,Audi RS 4 Convertible 2008,images/train/train_00548.jpg
train_00549,11,Audi RS 4 Convertible 2008,images/train/train_00549.jpg
train_00550,11,Audi RS 4 Convertible 2008,images/train/train_00550.jpg
train_00552,11,Audi RS 4 Convertible 2008,images/train/train_00552.jpg
train_00553,11,Audi RS 4 Convertible 2008,images/train/train_00553.jpg
train_00554,11,Audi RS 4 Convertible 2008,images/train/train_00554.jpg
train_00555,11,Audi RS 4 Convertible 2008,images/train/train_00555.jpg
train_00556,11,Audi RS 4 Convertible 2008,images/train/train_00556.jpg
train_00557,11,Audi RS 4 Convertible 2008,images/train/train_00557.jpg
train_00559,11,Audi RS 4 Convertible 2008,images/train/train_00559.jpg
train_00560,11,Audi RS 4 Convertible 2008,images/train/train_00560.jpg
train_00561,11,Audi RS 4 Convertible 2008,images/train/train_00561.jpg
train_00562,11,Audi RS 4 Convertible 2008,images/train/train_00562.jpg
train_00563,11,Audi RS 4 Convertible 2008,images/train/train_00563.jpg
train_00564,11,Audi RS 4 Convertible 2008,images/train/train_00564.jpg
train_00565,11,Audi RS 4 Convertible 2008,images/train/train_00565.jpg
train_00566,11,Audi RS 4 Convertible 2008,images/train/train_00566.jpg
train_00567,11,Audi RS 4 Convertible 2008,images/train/train_00567.jpg
train_00568,11,Audi RS 4 Convertible 2008,images/train/train_00568.jpg
train_00569,11,Audi RS 4 Convertible 2008,images/train/train_00569.jpg
train_00570,11,Audi RS 4 Convertible 2008,images/train/train_00570.jpg
train_00571,11,Audi RS 4 Convertible 2008,images/train/train_00571.jpg
train_00573,11,Audi RS 4 Convertible 2008,images/train/train_00573.jpg
train_00574,11,Audi RS 4 Convertible 2008,images/train/train_00574.jpg
train_00575,11,Audi RS 4 Convertible 2008,images/train/train_00575.jpg
train_00576,11,Audi RS 4 Convertible 2008,images/train/train_00576.jpg
train_00577,11,Audi RS 4 Convertible 2008,images/train/train_00577.jpg
train_00578,11,Audi RS 4 Convertible 2008,images/train/train_00578.jpg
train_00579,110,Ford Ranger SuperCab 2011,images/train/train_00579.jpg
train_00580,110,Ford Ranger SuperCab 2011,images/train/train_00580.jpg
train_00581,110,Ford Ranger SuperCab 2011,images/train/train_00581.jpg
train_00582,110,Ford Ranger SuperCab 2011,images/train/train_00582.jpg
train_00583,110,Ford Ranger SuperCab 2011,images/train/train_00583.jpg
train_00584,110,Ford Ranger SuperCab 2011,images/train/train_00584.jpg
train_00585,110,Ford Ranger SuperCab 2011,images/train/train_00585.jpg
train_00587,110,Ford Ranger SuperCab 2011,images/train/train_00587.jpg
train_00589,110,Ford Ranger SuperCab 2011,images/train/train_00589.jpg
train_00590,110,Ford Ranger SuperCab 2011,images/train/train_00590.jpg
train_00591,110,Ford Ranger SuperCab 2011,images/train/train_00591.jpg
train_00592,110,Ford Ranger SuperCab 2011,images/train/train_00592.jpg
train_00593,110,Ford Ranger SuperCab 2011,images/train/train_00593.jpg
train_00594,110,Ford Ranger SuperCab 2011,images/train/train_00594.jpg
train_00595,110,Ford Ranger SuperCab 2011,images/train/train_00595.jpg
train_00596,110,Ford Ranger SuperCab 2011,images/train/train_00596.jpg
train_00597,110,Ford Ranger SuperCab 2011,images/train/train_00597.jpg
train_00598,110,Ford Ranger SuperCab 2011,images/train/train_00598.jpg
train_00599,110,Ford Ranger SuperCab 2011,images/train/train_00599.jpg
train_00600,110,Ford Ranger SuperCab 2011,images/train/train_00600.jpg
train_00601,110,Ford Ranger SuperCab 2011,images/train/train_00601.jpg
train_00603,110,Ford Ranger SuperCab 2011,images/train/train_00603.jpg
train_00605,110,Ford Ranger SuperCab 2011,images/train/train_00605.jpg
train_00606,110,Ford Ranger SuperCab 2011,images/train/train_00606.jpg
train_00607,110,Ford Ranger SuperCab 2011,images/train/train_00607.jpg
train_00608,110,Ford Ranger SuperCab 2011,images/train/train_00608.jpg
train_00609,110,Ford Ranger SuperCab 2011,images/train/train_00609.jpg
train_00610,110,Ford Ranger SuperCab 2011,images/train/train_00610.jpg
train_00611,110,Ford Ranger SuperCab 2011,images/train/train_00611.jpg
train_00612,110,Ford Ranger SuperCab 2011,images/train/train_00612.jpg
train_00613,110,Ford Ranger SuperCab 2011,images/train/train_00613.jpg
train_00614,110,Ford Ranger SuperCab 2011,images/train/train_00614.jpg
train_00617,110,Ford Ranger SuperCab 2011,images/train/train_00617.jpg
train_00618,110,Ford Ranger SuperCab 2011,images/train/train_00618.jpg
train_00619,110,Ford Ranger SuperCab 2011,images/train/train_00619.jpg
train_00620,110,Ford Ranger SuperCab 2011,images/train/train_00620.jpg
train_00621,111,Ford GT Coupe 2006,images/train/train_00621.jpg
train_00622,111,Ford GT Coupe 2006,images/train/train_00622.jpg
train_00623,111,Ford GT Coupe 2006,images/train/train_00623.jpg
train_00624,111,Ford GT Coupe 2006,images/train/train_00624.jpg
train_00625,111,Ford GT Coupe 2006,images/train/train_00625.jpg
train_00627,111,Ford GT Coupe 2006,images/train/train_00627.jpg
train_00628,111,Ford GT Coupe 2006,images/train/train_00628.jpg
train_00629,111,Ford GT Coupe 2006,images/train/train_00629.jpg
train_00630,111,Ford GT Coupe 2006,images/train/train_00630.jpg
train_00631,111,Ford GT Coupe 2006,images/train/train_00631.jpg
train_00633,111,Ford GT Coupe 2006,images/train/train_00633.jpg
train_00634,111,Ford GT Coupe 2006,images/train/train_00634.jpg
train_00635,111,Ford GT Coupe 2006,images/train/train_00635.jpg
train_00637,111,Ford GT Coupe 2006,images/train/train_00637.jpg
train_00638,111,Ford GT Coupe 2006,images/train/train_00638.jpg
train_00639,111,Ford GT Coupe 2006,images/train/train_00639.jpg
train_00640,111,Ford GT Coupe 2006,images/train/train_00640.jpg
train_00641,111,Ford GT Coupe 2006,images/train/train_00641.jpg
train_00642,111,Ford GT Coupe 2006,images/train/train_00642.jpg
train_00644,111,Ford GT Coupe 2006,images/train/train_00644.jpg
train_00645,111,Ford GT Coupe 2006,images/train/train_00645.jpg
train_00646,111,Ford GT Coupe 2006,images/train/train_00646.jpg
train_00647,111,Ford GT Coupe 2006,images/train/train_00647.jpg
train_00649,111,Ford GT Coupe 2006,images/train/train_00649.jpg
train_00650,111,Ford GT Coupe 2006,images/train/train_00650.jpg
train_00651,111,Ford GT Coupe 2006,images/train/train_00651.jpg
train_00652,111,Ford GT Coupe 2006,images/train/train_00652.jpg
train_00653,111,Ford GT Coupe 2006,images/train/train_00653.jpg
train_00655,111,Ford GT Coupe 2006,images/train/train_00655.jpg
train_00656,111,Ford GT Coupe 2006,images/train/train_00656.jpg
train_00657,111,Ford GT Coupe 2006,images/train/train_00657.jpg
train_00658,111,Ford GT Coupe 2006,images/train/train_00658.jpg
train_00659,111,Ford GT Coupe 2006,images/train/train_00659.jpg
train_00660,111,Ford GT Coupe 2006,images/train/train_00660.jpg
train_00662,111,Ford GT Coupe 2006,images/train/train_00662.jpg
train_00663,111,Ford GT Coupe 2006,images/train/train_00663.jpg
train_00664,111,Ford GT Coupe 2006,images/train/train_00664.jpg
train_00665,111,Ford GT Coupe 2006,images/train/train_00665.jpg
train_00666,111,Ford GT Coupe 2006,images/train/train_00666.jpg
train_00667,112,Ford F-150 Regular Cab 2012,images/train/train_00667.jpg
train_00668,112,Ford F-150 Regular Cab 2012,images/train/train_00668.jpg
train_00669,112,Ford F-150 Regular Cab 2012,images/train/train_00669.jpg
train_00670,112,Ford F-150 Regular Cab 2012,images/train/train_00670.jpg
train_00671,112,Ford F-150 Regular Cab 2012,images/train/train_00671.jpg
train_00672,112,Ford F-150 Regular Cab 2012,images/train/train_00672.jpg
train_00673,112,Ford F-150 Regular Cab 2012,images/train/train_00673.jpg
train_00674,112,Ford F-150 Regular Cab 2012,images/train/train_00674.jpg
train_00675,112,Ford F-150 Regular Cab 2012,images/train/train_00675.jpg
train_00676,112,Ford F-150 Regular Cab 2012,images/train/train_00676.jpg
train_00677,112,Ford F-150 Regular Cab 2012,images/train/train_00677.jpg
train_00678,112,Ford F-150 Regular Cab 2012,images/train/train_00678.jpg
train_00679,112,Ford F-150 Regular Cab 2012,images/train/train_00679.jpg
train_00680,112,Ford F-150 Regular Cab 2012,images/train/train_00680.jpg
train_00681,112,Ford F-150 Regular Cab 2012,images/train/train_00681.jpg
train_00682,112,Ford F-150 Regular Cab 2012,images/train/train_00682.jpg
train_00684,112,Ford F-150 Regular Cab 2012,images/train/train_00684.jpg
train_00686,112,Ford F-150 Regular Cab 2012,images/train/train_00686.jpg
train_00687,112,Ford F-150 Regular Cab 2012,images/train/train_00687.jpg
train_00688,112,Ford F-150 Regular Cab 2012,images/train/train_00688.jpg
train_00689,112,Ford F-150 Regular Cab 2012,images/train/train_00689.jpg
train_00690,112,Ford F-150 Regular Cab 2012,images/train/train_00690.jpg
train_00691,112,Ford F-150 Regular Cab 2012,images/train/train_00691.jpg
train_00692,112,Ford F-150 Regular Cab 2012,images/train/train_00692.jpg
train_00694,112,Ford F-150 Regular Cab 2012,images/train/train_00694.jpg
train_00695,112,Ford F-150 Regular Cab 2012,images/train/train_00695.jpg
train_00697,112,Ford F-150 Regular Cab 2012,images/train/train_00697.jpg
train_00698,112,Ford F-150 Regular Cab 2012,images/train/train_00698.jpg
train_00699,112,Ford F-150 Regular Cab 2012,images/train/train_00699.jpg
train_00700,112,Ford F-150 Regular Cab 2012,images/train/train_00700.jpg
train_00701,112,Ford F-150 Regular Cab 2012,images/train/train_00701.jpg
train_00702,112,Ford F-150 Regular Cab 2012,images/train/train_00702.jpg
train_00704,112,Ford F-150 Regular Cab 2012,images/train/train_00704.jpg
train_00706,112,Ford F-150 Regular Cab 2012,images/train/train_00706.jpg
train_00707,112,Ford F-150 Regular Cab 2012,images/train/train_00707.jpg
train_00708,112,Ford F-150 Regular Cab 2012,images/train/train_00708.jpg
train_00709,112,Ford F-150 Regular Cab 2012,images/train/train_00709.jpg
train_00711,113,Ford F-150 Regular Cab 2007,images/train/train_00711.jpg
train_00712,113,Ford F-150 Regular Cab 2007,images/train/train_00712.jpg
train_00713,113,Ford F-150 Regular Cab 2007,images/train/train_00713.jpg
train_00714,113,Ford F-150 Regular Cab 2007,images/train/train_00714.jpg
train_00715,113,Ford F-150 Regular Cab 2007,images/train/train_00715.jpg
train_00716,113,Ford F-150 Regular Cab 2007,images/train/train_00716.jpg
train_00717,113,Ford F-150 Regular Cab 2007,images/train/train_00717.jpg
train_00718,113,Ford F-150 Regular Cab 2007,images/train/train_00718.jpg
train_00719,113,Ford F-150 Regular Cab 2007,images/train/train_00719.jpg
train_00720,113,Ford F-150 Regular Cab 2007,images/train/train_00720.jpg
train_00721,113,Ford F-150 Regular Cab 2007,images/train/train_00721.jpg
train_00722,113,Ford F-150 Regular Cab 2007,images/train/train_00722.jpg
train_00723,113,Ford F-150 Regular Cab 2007,images/train/train_00723.jpg
train_00725,113,Ford F-150 Regular Cab 2007,images/train/train_00725.jpg
train_00726,113,Ford F-150 Regular Cab 2007,images/train/train_00726.jpg
train_00727,113,Ford F-150 Regular Cab 2007,images/train/train_00727.jpg
train_00729,113,Ford F-150 Regular Cab 2007,images/train/train_00729.jpg
train_00730,113,Ford F-150 Regular Cab 2007,images/train/train_00730.jpg
train_00731,113,Ford F-150 Regular Cab 2007,images/train/train_00731.jpg
train_00732,113,Ford F-150 Regular Cab 2007,images/train/train_00732.jpg
train_00734,113,Ford F-150 Regular Cab 2007,images/train/train_00734.jpg
train_00735,113,Ford F-150 Regular Cab 2007,images/train/train_00735.jpg
train_00736,113,Ford F-150 Regular Cab 2007,images/train/train_00736.jpg
train_00737,113,Ford F-150 Regular Cab 2007,images/train/train_00737.jpg
train_00738,113,Ford F-150 Regular Cab 2007,images/train/train_00738.jpg
train_00739,113,Ford F-150 Regular Cab 2007,images/train/train_00739.jpg
train_00740,113,Ford F-150 Regular Cab 2007,images/train/train_00740.jpg
train_00742,113,Ford F-150 Regular Cab 2007,images/train/train_00742.jpg
train_00743,113,Ford F-150 Regular Cab 2007,images/train/train_00743.jpg
train_00744,113,Ford F-150 Regular Cab 2007,images/train/train_00744.jpg
train_00745,113,Ford F-150 Regular Cab 2007,images/train/train_00745.jpg
train_00747,113,Ford F-150 Regular Cab 2007,images/train/train_00747.jpg
train_00748,113,Ford F-150 Regular Cab 2007,images/train/train_00748.jpg
train_00749,113,Ford F-150 Regular Cab 2007,images/train/train_00749.jpg
train_00751,113,Ford F-150 Regular Cab 2007,images/train/train_00751.jpg
train_00752,113,Ford F-150 Regular Cab 2007,images/train/train_00752.jpg
train_00753,113,Ford F-150 Regular Cab 2007,images/train/train_00753.jpg
train_00754,113,Ford F-150 Regular Cab 2007,images/train/train_00754.jpg
train_00755,114,Ford Focus Sedan 2007,images/train/train_00755.jpg
train_00756,114,Ford Focus Sedan 2007,images/train/train_00756.jpg
train_00757,114,Ford Focus Sedan 2007,images/train/train_00757.jpg
train_00758,114,Ford Focus Sedan 2007,images/train/train_00758.jpg
train_00759,114,Ford Focus Sedan 2007,images/train/train_00759.jpg
train_00760,114,Ford Focus Sedan 2007,images/train/train_00760.jpg
train_00761,114,Ford Focus Sedan 2007,images/train/train_00761.jpg
train_00762,114,Ford Focus Sedan 2007,images/train/train_00762.jpg
train_00763,114,Ford Focus Sedan 2007,images/train/train_00763.jpg
train_00764,114,Ford Focus Sedan 2007,images/train/train_00764.jpg
train_00765,114,Ford Focus Sedan 2007,images/train/train_00765.jpg
train_00767,114,Ford Focus Sedan 2007,images/train/train_00767.jpg
train_00768,114,Ford Focus Sedan 2007,images/train/train_00768.jpg
train_00770,114,Ford Focus Sedan 2007,images/train/train_00770.jpg
train_00771,114,Ford Focus Sedan 2007,images/train/train_00771.jpg
train_00772,114,Ford Focus Sedan 2007,images/train/train_00772.jpg
train_00773,114,Ford Focus Sedan 2007,images/train/train_00773.jpg
train_00775,114,Ford Focus Sedan 2007,images/train/train_00775.jpg
train_00776,114,Ford Focus Sedan 2007,images/train/train_00776.jpg
train_00777,114,Ford Focus Sedan 2007,images/train/train_00777.jpg
train_00778,114,Ford Focus Sedan 2007,images/train/train_00778.jpg
train_00779,114,Ford Focus Sedan 2007,images/train/train_00779.jpg
train_00781,114,Ford Focus Sedan 2007,images/train/train_00781.jpg
train_00782,114,Ford Focus Sedan 2007,images/train/train_00782.jpg
train_00783,114,Ford Focus Sedan 2007,images/train/train_00783.jpg
train_00784,114,Ford Focus Sedan 2007,images/train/train_00784.jpg
train_00785,114,Ford Focus Sedan 2007,images/train/train_00785.jpg
train_00786,114,Ford Focus Sedan 2007,images/train/train_00786.jpg
train_00787,114,Ford Focus Sedan 2007,images/train/train_00787.jpg
train_00789,114,Ford Focus Sedan 2007,images/train/train_00789.jpg
train_00790,114,Ford Focus Sedan 2007,images/train/train_00790.jpg
train_00791,114,Ford Focus Sedan 2007,images/train/train_00791.jpg
train_00792,114,Ford Focus Sedan 2007,images/train/train_00792.jpg
train_00793,114,Ford Focus Sedan 2007,images/train/train_00793.jpg
train_00796,114,Ford Focus Sedan 2007,images/train/train_00796.jpg
train_00797,114,Ford Focus Sedan 2007,images/train/train_00797.jpg
train_00798,114,Ford Focus Sedan 2007,images/train/train_00798.jpg
train_00799,114,Ford Focus Sedan 2007,images/train/train_00799.jpg
train_00800,115,Ford E-Series Wagon Van 2012,images/train/train_00800.jpg
train_00801,115,Ford E-Series Wagon Van 2012,images/train/train_00801.jpg
train_00802,115,Ford E-Series Wagon Van 2012,images/train/train_00802.jpg
train_00804,115,Ford E-Series Wagon Van 2012,images/train/train_00804.jpg
train_00805,115,Ford E-Series Wagon Van 2012,images/train/train_00805.jpg
train_00806,115,Ford E-Series Wagon Van 2012,images/train/train_00806.jpg
train_00808,115,Ford E-Series Wagon Van 2012,images/train/train_00808.jpg
train_00810,115,Ford E-Series Wagon Van 2012,images/train/train_00810.jpg
train_00811,115,Ford E-Series Wagon Van 2012,images/train/train_00811.jpg
train_00812,115,Ford E-Series Wagon Van 2012,images/train/train_00812.jpg
train_00814,115,Ford E-Series Wagon Van 2012,images/train/train_00814.jpg
train_00815,115,Ford E-Series Wagon Van 2012,images/train/train_00815.jpg
train_00816,115,Ford E-Series Wagon Van 2012,images/train/train_00816.jpg
train_00817,115,Ford E-Series Wagon Van 2012,images/train/train_00817.jpg
train_00818,115,Ford E-Series Wagon Van 2012,images/train/train_00818.jpg
train_00819,115,Ford E-Series Wagon Van 2012,images/train/train_00819.jpg
train_00820,115,Ford E-Series Wagon Van 2012,images/train/train_00820.jpg
train_00821,115,Ford E-Series Wagon Van 2012,images/train/train_00821.jpg
train_00822,115,Ford E-Series Wagon Van 2012,images/train/train_00822.jpg
train_00823,115,Ford E-Series Wagon Van 2012,images/train/train_00823.jpg
train_00825,115,Ford E-Series Wagon Van 2012,images/train/train_00825.jpg
train_00826,115,Ford E-Series Wagon Van 2012,images/train/train_00826.jpg
train_00828,115,Ford E-Series Wagon Van 2012,images/train/train_00828.jpg
train_00829,115,Ford E-Series Wagon Van 2012,images/train/train_00829.jpg
train_00830,115,Ford E-Series Wagon Van 2012,images/train/train_00830.jpg
train_00831,115,Ford E-Series Wagon Van 2012,images/train/train_00831.jpg
train_00832,115,Ford E-Series Wagon Van 2012,images/train/train_00832.jpg
train_00833,115,Ford E-Series Wagon Van 2012,images/train/train_00833.jpg
train_00834,115,Ford E-Series Wagon Van 2012,images/train/train_00834.jpg
train_00835,115,Ford E-Series Wagon Van 2012,images/train/train_00835.jpg
train_00836,115,Ford E-Series Wagon Van 2012,images/train/train_00836.jpg
train_00837,115,Ford E-Series Wagon Van 2012,images/train/train_00837.jpg
train_00838,116,Ford Fiesta Sedan 2012,images/train/train_00838.jpg
train_00839,116,Ford Fiesta Sedan 2012,images/train/train_00839.jpg
train_00840,116,Ford Fiesta Sedan 2012,images/train/train_00840.jpg
train_00841,116,Ford Fiesta Sedan 2012,images/train/train_00841.jpg
train_00842,116,Ford Fiesta Sedan 2012,images/train/train_00842.jpg
train_00843,116,Ford Fiesta Sedan 2012,images/train/train_00843.jpg
train_00844,116,Ford Fiesta Sedan 2012,images/train/train_00844.jpg
train_00846,116,Ford Fiesta Sedan 2012,images/train/train_00846.jpg
train_00847,116,Ford Fiesta Sedan 2012,images/train/train_00847.jpg
train_00848,116,Ford Fiesta Sedan 2012,images/train/train_00848.jpg
train_00849,116,Ford Fiesta Sedan 2012,images/train/train_00849.jpg
train_00850,116,Ford Fiesta Sedan 2012,images/train/train_00850.jpg
train_00851,116,Ford Fiesta Sedan 2012,images/train/train_00851.jpg
train_00852,116,Ford Fiesta Sedan 2012,images/train/train_00852.jpg
train_00853,116,Ford Fiesta Sedan 2012,images/train/train_00853.jpg
train_00855,116,Ford Fiesta Sedan 2012,images/train/train_00855.jpg
train_00856,116,Ford Fiesta Sedan 2012,images/train/train_00856.jpg
train_00857,116,Ford Fiesta Sedan 2012,images/train/train_00857.jpg
train_00858,116,Ford Fiesta Sedan 2012,images/train/train_00858.jpg
train_00859,116,Ford Fiesta Sedan 2012,images/train/train_00859.jpg
train_00860,116,Ford Fiesta Sedan 2012,images/train/train_00860.jpg
train_00861,116,Ford Fiesta Sedan 2012,images/train/train_00861.jpg
train_00862,116,Ford Fiesta Sedan 2012,images/train/train_00862.jpg
train_00864,116,Ford Fiesta Sedan 2012,images/train/train_00864.jpg
train_00865,116,Ford Fiesta Sedan 2012,images/train/train_00865.jpg
train_00866,116,Ford Fiesta Sedan 2012,images/train/train_00866.jpg
train_00867,116,Ford Fiesta Sedan 2012,images/train/train_00867.jpg
train_00870,116,Ford Fiesta Sedan 2012,images/train/train_00870.jpg
train_00871,116,Ford Fiesta Sedan 2012,images/train/train_00871.jpg
train_00873,116,Ford Fiesta Sedan 2012,images/train/train_00873.jpg
train_00874,116,Ford Fiesta Sedan 2012,images/train/train_00874.jpg
train_00875,116,Ford Fiesta Sedan 2012,images/train/train_00875.jpg
train_00876,116,Ford Fiesta Sedan 2012,images/train/train_00876.jpg
train_00877,116,Ford Fiesta Sedan 2012,images/train/train_00877.jpg
train_00878,116,Ford Fiesta Sedan 2012,images/train/train_00878.jpg
train_00879,116,Ford Fiesta Sedan 2012,images/train/train_00879.jpg
train_00880,116,Ford Fiesta Sedan 2012,images/train/train_00880.jpg
train_00882,117,GMC Terrain SUV 2012,images/train/train_00882.jpg
train_00883,117,GMC Terrain SUV 2012,images/train/train_00883.jpg
train_00884,117,GMC Terrain SUV 2012,images/train/train_00884.jpg
train_00885,117,GMC Terrain SUV 2012,images/train/train_00885.jpg
train_00886,117,GMC Terrain SUV 2012,images/train/train_00886.jpg
train_00888,117,GMC Terrain SUV 2012,images/train/train_00888.jpg
train_00889,117,GMC Terrain SUV 2012,images/train/train_00889.jpg
train_00890,117,GMC Terrain SUV 2012,images/train/train_00890.jpg
train_00891,117,GMC Terrain SUV 2012,images/train/train_00891.jpg
train_00892,117,GMC Terrain SUV 2012,images/train/train_00892.jpg
train_00893,117,GMC Terrain SUV 2012,images/train/train_00893.jpg
train_00894,117,GMC Terrain SUV 2012,images/train/train_00894.jpg
train_00895,117,GMC Terrain SUV 2012,images/train/train_00895.jpg
train_00897,117,GMC Terrain SUV 2012,images/train/train_00897.jpg
train_00899,117,GMC Terrain SUV 2012,images/train/train_00899.jpg
train_00900,117,GMC Terrain SUV 2012,images/train/train_00900.jpg
train_00901,117,GMC Terrain SUV 2012,images/train/train_00901.jpg
train_00903,117,GMC Terrain SUV 2012,images/train/train_00903.jpg
train_00904,117,GMC Terrain SUV 2012,images/train/train_00904.jpg
train_00905,117,GMC Terrain SUV 2012,images/train/train_00905.jpg
train_00906,117,GMC Terrain SUV 2012,images/train/train_00906.jpg
train_00907,117,GMC Terrain SUV 2012,images/train/train_00907.jpg
train_00908,117,GMC Terrain SUV 2012,images/train/train_00908.jpg
train_00909,117,GMC Terrain SUV 2012,images/train/train_00909.jpg
train_00910,117,GMC Terrain SUV 2012,images/train/train_00910.jpg
train_00911,117,GMC Terrain SUV 2012,images/train/train_00911.jpg
train_00913,117,GMC Terrain SUV 2012,images/train/train_00913.jpg
train_00914,117,GMC Terrain SUV 2012,images/train/train_00914.jpg
train_00915,117,GMC Terrain SUV 2012,images/train/train_00915.jpg
train_00916,117,GMC Terrain SUV 2012,images/train/train_00916.jpg
train_00917,117,GMC Terrain SUV 2012,images/train/train_00917.jpg
train_00918,117,GMC Terrain SUV 2012,images/train/train_00918.jpg
train_00919,117,GMC Terrain SUV 2012,images/train/train_00919.jpg
train_00920,117,GMC Terrain SUV 2012,images/train/train_00920.jpg
train_00921,117,GMC Terrain SUV 2012,images/train/train_00921.jpg
train_00922,117,GMC Terrain SUV 2012,images/train/train_00922.jpg
train_00923,118,GMC Savana Van 2012,images/train/train_00923.jpg
train_00924,118,GMC Savana Van 2012,images/train/train_00924.jpg
train_00925,118,GMC Savana Van 2012,images/train/train_00925.jpg
train_00926,118,GMC Savana Van 2012,images/train/train_00926.jpg
train_00928,118,GMC Savana Van 2012,images/train/train_00928.jpg
train_00929,118,GMC Savana Van 2012,images/train/train_00929.jpg
train_00930,118,GMC Savana Van 2012,images/train/train_00930.jpg
train_00931,118,GMC Savana Van 2012,images/train/train_00931.jpg
train_00933,118,GMC Savana Van 2012,images/train/train_00933.jpg
train_00934,118,GMC Savana Van 2012,images/train/train_00934.jpg
train_00936,118,GMC Savana Van 2012,images/train/train_00936.jpg
train_00937,118,GMC Savana Van 2012,images/train/train_00937.jpg
train_00938,118,GMC Savana Van 2012,images/train/train_00938.jpg
train_00940,118,GMC Savana Van 2012,images/train/train_00940.jpg
train_00941,118,GMC Savana Van 2012,images/train/train_00941.jpg
train_00942,118,GMC Savana Van 2012,images/train/train_00942.jpg
train_00943,118,GMC Savana Van 2012,images/train/train_00943.jpg
train_00944,118,GMC Savana Van 2012,images/train/train_00944.jpg
train_00946,118,GMC Savana Van 2012,images/train/train_00946.jpg
train_00947,118,GMC Savana Van 2012,images/train/train_00947.jpg
train_00948,118,GMC Savana Van 2012,images/train/train_00948.jpg
train_00949,118,GMC Savana Van 2012,images/train/train_00949.jpg
train_00950,118,GMC Savana Van 2012,images/train/train_00950.jpg
train_00951,118,GMC Savana Van 2012,images/train/train_00951.jpg
train_00952,118,GMC Savana Van 2012,images/train/train_00952.jpg
train_00954,118,GMC Savana Van 2012,images/train/train_00954.jpg
train_00955,118,GMC Savana Van 2012,images/train/train_00955.jpg
train_00956,118,GMC Savana Van 2012,images/train/train_00956.jpg
train_00957,118,GMC Savana Van 2012,images/train/train_00957.jpg
train_00958,118,GMC Savana Van 2012,images/train/train_00958.jpg
train_00959,118,GMC Savana Van 2012,images/train/train_00959.jpg
train_00960,118,GMC Savana Van 2012,images/train/train_00960.jpg
train_00961,118,GMC Savana Van 2012,images/train/train_00961.jpg
train_00962,118,GMC Savana Van 2012,images/train/train_00962.jpg
train_00963,118,GMC Savana Van 2012,images/train/train_00963.jpg
train_00964,118,GMC Savana Van 2012,images/train/train_00964.jpg
train_00965,118,GMC Savana Van 2012,images/train/train_00965.jpg
train_00966,118,GMC Savana Van 2012,images/train/train_00966.jpg
train_00967,118,GMC Savana Van 2012,images/train/train_00967.jpg
train_00968,118,GMC Savana Van 2012,images/train/train_00968.jpg
train_00970,118,GMC Savana Van 2012,images/train/train_00970.jpg
train_00973,118,GMC Savana Van 2012,images/train/train_00973.jpg
train_00975,118,GMC Savana Van 2012,images/train/train_00975.jpg
train_00976,118,GMC Savana Van 2012,images/train/train_00976.jpg
train_00977,118,GMC Savana Van 2012,images/train/train_00977.jpg
train_00978,118,GMC Savana Van 2012,images/train/train_00978.jpg
train_00979,118,GMC Savana Van 2012,images/train/train_00979.jpg
train_00980,118,GMC Savana Van 2012,images/train/train_00980.jpg
train_00981,118,GMC Savana Van 2012,images/train/train_00981.jpg
train_00982,118,GMC Savana Van 2012,images/train/train_00982.jpg
train_00983,118,GMC Savana Van 2012,images/train/train_00983.jpg
train_00984,118,GMC Savana Van 2012,images/train/train_00984.jpg
train_00985,118,GMC Savana Van 2012,images/train/train_00985.jpg
train_00986,118,GMC Savana Van 2012,images/train/train_00986.jpg
train_00987,118,GMC Savana Van 2012,images/train/train_00987.jpg
train_00988,118,GMC Savana Van 2012,images/train/train_00988.jpg
train_00989,118,GMC Savana Van 2012,images/train/train_00989.jpg
train_00990,118,GMC Savana Van 2012,images/train/train_00990.jpg
train_00991,119,GMC Yukon Hybrid SUV 2012,images/train/train_00991.jpg
train_00992,119,GMC Yukon Hybrid SUV 2012,images/train/train_00992.jpg
train_00993,119,GMC Yukon Hybrid SUV 2012,images/train/train_00993.jpg
train_00994,119,GMC Yukon Hybrid SUV 2012,images/train/train_00994.jpg
train_00995,119,GMC Yukon Hybrid SUV 2012,images/train/train_00995.jpg
train_00996,119,GMC Yukon Hybrid SUV 2012,images/train/train_00996.jpg
train_00997,119,GMC Yukon Hybrid SUV 2012,images/train/train_00997.jpg
train_00998,119,GMC Yukon Hybrid SUV 2012,images/train/train_00998.jpg
train_01000,119,GMC Yukon Hybrid SUV 2012,images/train/train_01000.jpg
train_01001,119,GMC Yukon Hybrid SUV 2012,images/train/train_01001.jpg
train_01002,119,GMC Yukon Hybrid SUV 2012,images/train/train_01002.jpg
train_01003,119,GMC Yukon Hybrid SUV 2012,images/train/train_01003.jpg
train_01004,119,GMC Yukon Hybrid SUV 2012,images/train/train_01004.jpg
train_01005,119,GMC Yukon Hybrid SUV 2012,images/train/train_01005.jpg
train_01006,119,GMC Yukon Hybrid SUV 2012,images/train/train_01006.jpg
train_01007,119,GMC Yukon Hybrid SUV 2012,images/train/train_01007.jpg
train_01008,119,GMC Yukon Hybrid SUV 2012,images/train/train_01008.jpg
train_01009,119,GMC Yukon Hybrid SUV 2012,images/train/train_01009.jpg
train_01010,119,GMC Yukon Hybrid SUV 2012,images/train/train_01010.jpg
train_01011,119,GMC Yukon Hybrid SUV 2012,images/train/train_01011.jpg
train_01012,119,GMC Yukon Hybrid SUV 2012,images/train/train_01012.jpg
train_01013,119,GMC Yukon Hybrid SUV 2012,images/train/train_01013.jpg
train_01014,119,GMC Yukon Hybrid SUV 2012,images/train/train_01014.jpg
train_01015,119,GMC Yukon Hybrid SUV 2012,images/train/train_01015.jpg
train_01016,119,GMC Yukon Hybrid SUV 2012,images/train/train_01016.jpg
train_01017,119,GMC Yukon Hybrid SUV 2012,images/train/train_01017.jpg
train_01020,119,GMC Yukon Hybrid SUV 2012,images/train/train_01020.jpg
train_01022,119,GMC Yukon Hybrid SUV 2012,images/train/train_01022.jpg
train_01024,119,GMC Yukon Hybrid SUV 2012,images/train/train_01024.jpg
train_01025,119,GMC Yukon Hybrid SUV 2012,images/train/train_01025.jpg
train_01026,119,GMC Yukon Hybrid SUV 2012,images/train/train_01026.jpg
train_01027,119,GMC Yukon Hybrid SUV 2012,images/train/train_01027.jpg
train_01028,119,GMC Yukon Hybrid SUV 2012,images/train/train_01028.jpg
train_01029,119,GMC Yukon Hybrid SUV 2012,images/train/train_01029.jpg
train_01030,119,GMC Yukon Hybrid SUV 2012,images/train/train_01030.jpg
train_01032,119,GMC Yukon Hybrid SUV 2012,images/train/train_01032.jpg
train_01033,119,GMC Yukon Hybrid SUV 2012,images/train/train_01033.jpg
train_01034,12,Audi A5 Coupe 2012,images/train/train_01034.jpg
train_01035,12,Audi A5 Coupe 2012,images/train/train_01035.jpg
train_01036,12,Audi A5 Coupe 2012,images/train/train_01036.jpg
train_01037,12,Audi A5 Coupe 2012,images/train/train_01037.jpg
train_01038,12,Audi A5 Coupe 2012,images/train/train_01038.jpg
train_01039,12,Audi A5 Coupe 2012,images/train/train_01039.jpg
train_01040,12,Audi A5 Coupe 2012,images/train/train_01040.jpg
train_01043,12,Audi A5 Coupe 2012,images/train/train_01043.jpg
train_01044,12,Audi A5 Coupe 2012,images/train/train_01044.jpg
train_01046,12,Audi A5 Coupe 2012,images/train/train_01046.jpg
train_01047,12,Audi A5 Coupe 2012,images/train/train_01047.jpg
train_01048,12,Audi A5 Coupe 2012,images/train/train_01048.jpg
train_01049,12,Audi A5 Coupe 2012,images/train/train_01049.jpg
train_01050,12,Audi A5 Coupe 2012,images/train/train_01050.jpg
train_01051,12,Audi A5 Coupe 2012,images/train/train_01051.jpg
train_01052,12,Audi A5 Coupe 2012,images/train/train_01052.jpg
train_01053,12,Audi A5 Coupe 2012,images/train/train_01053.jpg
train_01054,12,Audi A5 Coupe 2012,images/train/train_01054.jpg
train_01055,12,Audi A5 Coupe 2012,images/train/train_01055.jpg
train_01056,12,Audi A5 Coupe 2012,images/train/train_01056.jpg
train_01057,12,Audi A5 Coupe 2012,images/train/train_01057.jpg
train_01058,12,Audi A5 Coupe 2012,images/train/train_01058.jpg
train_01059,12,Audi A5 Coupe 2012,images/train/train_01059.jpg
train_01062,12,Audi A5 Coupe 2012,images/train/train_01062.jpg
train_01063,12,Audi A5 Coupe 2012,images/train/train_01063.jpg
train_01064,12,Audi A5 Coupe 2012,images/train/train_01064.jpg
train_01065,12,Audi A5 Coupe 2012,images/train/train_01065.jpg
train_01066,12,Audi A5 Coupe 2012,images/train/train_01066.jpg
train_01067,12,Audi A5 Coupe 2012,images/train/train_01067.jpg
train_01068,12,Audi A5 Coupe 2012,images/train/train_01068.jpg
train_01069,12,Audi A5 Coupe 2012,images/train/train_01069.jpg
train_01070,12,Audi A5 Coupe 2012,images/train/train_01070.jpg
train_01071,12,Audi A5 Coupe 2012,images/train/train_01071.jpg
train_01072,12,Audi A5 Coupe 2012,images/train/train_01072.jpg
train_01073,12,Audi A5 Coupe 2012,images/train/train_01073.jpg
train_01075,120,GMC Acadia SUV 2012,images/train/train_01075.jpg
train_01076,120,GMC Acadia SUV 2012,images/train/train_01076.jpg
train_01077,120,GMC Acadia SUV 2012,images/train/train_01077.jpg
train_01078,120,GMC Acadia SUV 2012,images/train/train_01078.jpg
train_01079,120,GMC Acadia SUV 2012,images/train/train_01079.jpg
train_01080,120,GMC Acadia SUV 2012,images/train/train_01080.jpg
train_01081,120,GMC Acadia SUV 2012,images/train/train_01081.jpg
train_01082,120,GMC Acadia SUV 2012,images/train/train_01082.jpg
train_01083,120,GMC Acadia SUV 2012,images/train/train_01083.jpg
train_01084,120,GMC Acadia SUV 2012,images/train/train_01084.jpg
train_01085,120,GMC Acadia SUV 2012,images/train/train_01085.jpg
train_01086,120,GMC Acadia SUV 2012,images/train/train_01086.jpg
train_01087,120,GMC Acadia SUV 2012,images/train/train_01087.jpg
train_01088,120,GMC Acadia SUV 2012,images/train/train_01088.jpg
train_01089,120,GMC Acadia SUV 2012,images/train/train_01089.jpg
train_01090,120,GMC Acadia SUV 2012,images/train/train_01090.jpg
train_01091,120,GMC Acadia SUV 2012,images/train/train_01091.jpg
train_01092,120,GMC Acadia SUV 2012,images/train/train_01092.jpg
train_01093,120,GMC Acadia SUV 2012,images/train/train_01093.jpg
train_01094,120,GMC Acadia SUV 2012,images/train/train_01094.jpg
train_01095,120,GMC Acadia SUV 2012,images/train/train_01095.jpg
train_01096,120,GMC Acadia SUV 2012,images/train/train_01096.jpg
train_01098,120,GMC Acadia SUV 2012,images/train/train_01098.jpg
train_01100,120,GMC Acadia SUV 2012,images/train/train_01100.jpg
train_01101,120,GMC Acadia SUV 2012,images/train/train_01101.jpg
train_01103,120,GMC Acadia SUV 2012,images/train/train_01103.jpg
train_01104,120,GMC Acadia SUV 2012,images/train/train_01104.jpg
train_01106,120,GMC Acadia SUV 2012,images/train/train_01106.jpg
train_01107,120,GMC Acadia SUV 2012,images/train/train_01107.jpg
train_01108,120,GMC Acadia SUV 2012,images/train/train_01108.jpg
train_01109,120,GMC Acadia SUV 2012,images/train/train_01109.jpg
train_01111,120,GMC Acadia SUV 2012,images/train/train_01111.jpg
train_01112,120,GMC Acadia SUV 2012,images/train/train_01112.jpg
train_01114,120,GMC Acadia SUV 2012,images/train/train_01114.jpg
train_01115,120,GMC Acadia SUV 2012,images/train/train_01115.jpg
train_01116,120,GMC Acadia SUV 2012,images/train/train_01116.jpg
train_01118,120,GMC Acadia SUV 2012,images/train/train_01118.jpg
train_01119,120,GMC Acadia SUV 2012,images/train/train_01119.jpg
train_01120,121,GMC Canyon Extended Cab 2012,images/train/train_01120.jpg
train_01121,121,GMC Canyon Extended Cab 2012,images/train/train_01121.jpg
train_01122,121,GMC Canyon Extended Cab 2012,images/train/train_01122.jpg
train_01123,121,GMC Canyon Extended Cab 2012,images/train/train_01123.jpg
train_01124,121,GMC Canyon Extended Cab 2012,images/train/train_01124.jpg
train_01126,121,GMC Canyon Extended Cab 2012,images/train/train_01126.jpg
train_01127,121,GMC Canyon Extended Cab 2012,images/train/train_01127.jpg
train_01129,121,GMC Canyon Extended Cab 2012,images/train/train_01129.jpg
train_01130,121,GMC Canyon Extended Cab 2012,images/train/train_01130.jpg
train_01132,121,GMC Canyon Extended Cab 2012,images/train/train_01132.jpg
train_01133,121,GMC Canyon Extended Cab 2012,images/train/train_01133.jpg
train_01134,121,GMC Canyon Extended Cab 2012,images/train/train_01134.jpg
train_01135,121,GMC Canyon Extended Cab 2012,images/train/train_01135.jpg
train_01136,121,GMC Canyon Extended Cab 2012,images/train/train_01136.jpg
train_01138,121,GMC Canyon Extended Cab 2012,images/train/train_01138.jpg
train_01139,121,GMC Canyon Extended Cab 2012,images/train/train_01139.jpg
train_01140,121,GMC Canyon Extended Cab 2012,images/train/train_01140.jpg
train_01142,121,GMC Canyon Extended Cab 2012,images/train/train_01142.jpg
train_01143,121,GMC Canyon Extended Cab 2012,images/train/train_01143.jpg
train_01144,121,GMC Canyon Extended Cab 2012,images/train/train_01144.jpg
train_01145,121,GMC Canyon Extended Cab 2012,images/train/train_01145.jpg
train_01146,121,GMC Canyon Extended Cab 2012,images/train/train_01146.jpg
train_01147,121,GMC Canyon Extended Cab 2012,images/train/train_01147.jpg
train_01149,121,GMC Canyon Extended Cab 2012,images/train/train_01149.jpg
train_01150,121,GMC Canyon Extended Cab 2012,images/train/train_01150.jpg
train_01151,121,GMC Canyon Extended Cab 2012,images/train/train_01151.jpg
train_01152,121,GMC Canyon Extended Cab 2012,images/train/train_01152.jpg
train_01153,121,GMC Canyon Extended Cab 2012,images/train/train_01153.jpg
train_01154,121,GMC Canyon Extended Cab 2012,images/train/train_01154.jpg
train_01155,121,GMC Canyon Extended Cab 2012,images/train/train_01155.jpg
train_01156,121,GMC Canyon Extended Cab 2012,images/train/train_01156.jpg
train_01157,121,GMC Canyon Extended Cab 2012,images/train/train_01157.jpg
train_01158,121,GMC Canyon Extended Cab 2012,images/train/train_01158.jpg
train_01159,121,GMC Canyon Extended Cab 2012,images/train/train_01159.jpg
train_01160,122,Geo Metro Convertible 1993,images/train/train_01160.jpg
train_01161,122,Geo Metro Convertible 1993,images/train/train_01161.jpg
train_01164,122,Geo Metro Convertible 1993,images/train/train_01164.jpg
train_01165,122,Geo Metro Convertible 1993,images/train/train_01165.jpg
train_01168,122,Geo Metro Convertible 1993,images/train/train_01168.jpg
train_01169,122,Geo Metro Convertible 1993,images/train/train_01169.jpg
train_01170,122,Geo Metro Convertible 1993,images/train/train_01170.jpg
train_01171,122,Geo Metro Convertible 1993,images/train/train_01171.jpg
train_01172,122,Geo Metro Convertible 1993,images/train/train_01172.jpg
train_01173,122,Geo Metro Convertible 1993,images/train/train_01173.jpg
train_01174,122,Geo Metro Convertible 1993,images/train/train_01174.jpg
train_01175,122,Geo Metro Convertible 1993,images/train/train_01175.jpg
train_01176,122,Geo Metro Convertible 1993,images/train/train_01176.jpg
train_01178,122,Geo Metro Convertible 1993,images/train/train_01178.jpg
train_01179,122,Geo Metro Convertible 1993,images/train/train_01179.jpg
train_01180,122,Geo Metro Convertible 1993,images/train/train_01180.jpg
train_01181,122,Geo Metro Convertible 1993,images/train/train_01181.jpg
train_01182,122,Geo Metro Convertible 1993,images/train/train_01182.jpg
train_01183,122,Geo Metro Convertible 1993,images/train/train_01183.jpg
train_01184,122,Geo Metro Convertible 1993,images/train/train_01184.jpg
train_01185,122,Geo Metro Convertible 1993,images/train/train_01185.jpg
train_01186,122,Geo Metro Convertible 1993,images/train/train_01186.jpg
train_01188,122,Geo Metro Convertible 1993,images/train/train_01188.jpg
train_01190,122,Geo Metro Convertible 1993,images/train/train_01190.jpg
train_01191,122,Geo Metro Convertible 1993,images/train/train_01191.jpg
train_01192,122,Geo Metro Convertible 1993,images/train/train_01192.jpg
train_01193,122,Geo Metro Convertible 1993,images/train/train_01193.jpg
train_01194,122,Geo Metro Convertible 1993,images/train/train_01194.jpg
train_01195,122,Geo Metro Convertible 1993,images/train/train_01195.jpg
train_01196,122,Geo Metro Convertible 1993,images/train/train_01196.jpg
train_01197,122,Geo Metro Convertible 1993,images/train/train_01197.jpg
train_01198,122,Geo Metro Convertible 1993,images/train/train_01198.jpg
train_01199,122,Geo Metro Convertible 1993,images/train/train_01199.jpg
train_01200,122,Geo Metro Convertible 1993,images/train/train_01200.jpg
train_01201,122,Geo Metro Convertible 1993,images/train/train_01201.jpg
train_01202,122,Geo Metro Convertible 1993,images/train/train_01202.jpg
train_01203,122,Geo Metro Convertible 1993,images/train/train_01203.jpg
train_01204,122,Geo Metro Convertible 1993,images/train/train_01204.jpg
train_01205,123,HUMMER H3T Crew Cab 2010,images/train/train_01205.jpg
train_01206,123,HUMMER H3T Crew Cab 2010,images/train/train_01206.jpg
train_01208,123,HUMMER H3T Crew Cab 2010,images/train/train_01208.jpg
train_01209,123,HUMMER H3T Crew Cab 2010,images/train/train_01209.jpg
train_01210,123,HUMMER H3T Crew Cab 2010,images/train/train_01210.jpg
train_01211,123,HUMMER H3T Crew Cab 2010,images/train/train_01211.jpg
train_01212,123,HUMMER H3T Crew Cab 2010,images/train/train_01212.jpg
train_01213,123,HUMMER H3T Crew Cab 2010,images/train/train_01213.jpg
train_01214,123,HUMMER H3T Crew Cab 2010,images/train/train_01214.jpg
train_01215,123,HUMMER H3T Crew Cab 2010,images/train/train_01215.jpg
train_01216,123,HUMMER H3T Crew Cab 2010,images/train/train_01216.jpg
train_01218,123,HUMMER H3T Crew Cab 2010,images/train/train_01218.jpg
train_01219,123,HUMMER H3T Crew Cab 2010,images/train/train_01219.jpg
train_01221,123,HUMMER H3T Crew Cab 2010,images/train/train_01221.jpg
train_01222,123,HUMMER H3T Crew Cab 2010,images/train/train_01222.jpg
train_01223,123,HUMMER H3T Crew Cab 2010,images/train/train_01223.jpg
train_01224,123,HUMMER H3T Crew Cab 2010,images/train/train_01224.jpg
train_01227,123,HUMMER H3T Crew Cab 2010,images/train/train_01227.jpg
train_01228,123,HUMMER H3T Crew Cab 2010,images/train/train_01228.jpg
train_01229,123,HUMMER H3T Crew Cab 2010,images/train/train_01229.jpg
train_01230,123,HUMMER H3T Crew Cab 2010,images/train/train_01230.jpg
train_01231,123,HUMMER H3T Crew Cab 2010,images/train/train_01231.jpg
train_01233,123,HUMMER H3T Crew Cab 2010,images/train/train_01233.jpg
train_01234,123,HUMMER H3T Crew Cab 2010,images/train/train_01234.jpg
train_01235,123,HUMMER H3T Crew Cab 2010,images/train/train_01235.jpg
train_01236,123,HUMMER H3T Crew Cab 2010,images/train/train_01236.jpg
train_01237,123,HUMMER H3T Crew Cab 2010,images/train/train_01237.jpg
train_01238,123,HUMMER H3T Crew Cab 2010,images/train/train_01238.jpg
train_01239,123,HUMMER H3T Crew Cab 2010,images/train/train_01239.jpg
train_01240,123,HUMMER H3T Crew Cab 2010,images/train/train_01240.jpg
train_01241,123,HUMMER H3T Crew Cab 2010,images/train/train_01241.jpg
train_01242,123,HUMMER H3T Crew Cab 2010,images/train/train_01242.jpg
train_01243,123,HUMMER H3T Crew Cab 2010,images/train/train_01243.jpg
train_01244,124,HUMMER H2 SUT Crew Cab 2009,images/train/train_01244.jpg
train_01245,124,HUMMER H2 SUT Crew Cab 2009,images/train/train_01245.jpg
train_01246,124,HUMMER H2 SUT Crew Cab 2009,images/train/train_01246.jpg
train_01247,124,HUMMER H2 SUT Crew Cab 2009,images/train/train_01247.jpg
train_01248,124,HUMMER H2 SUT Crew Cab 2009,images/train/train_01248.jpg
train_01250,124,HUMMER H2 SUT Crew Cab 2009,images/train/train_01250.jpg
train_01251,124,HUMMER H2 SUT Crew Cab 2009,images/train/train_01251.jpg
train_01252,124,HUMMER H2 SUT Crew Cab 2009,images/train/train_01252.jpg
train_01253,124,HUMMER H2 SUT Crew Cab 2009,images/train/train_01253.jpg
train_01254,124,HUMMER H2 SUT Crew Cab 2009,images/train/train_01254.jpg
train_01255,124,HUMMER H2 SUT Crew Cab 2009,images/train/train_01255.jpg
train_01256,124,HUMMER H2 SUT Crew Cab 2009,images/train/train_01256.jpg
train_01257,124,HUMMER H2 SUT Crew Cab 2009,images/train/train_01257.jpg
train_01258,124,HUMMER H2 SUT Crew Cab 2009,images/train/train_01258.jpg
train_01259,124,HUMMER H2 SUT Crew Cab 2009,images/train/train_01259.jpg
train_01260,124,HUMMER H2 SUT Crew Cab 2009,images/train/train_01260.jpg
train_01261,124,HUMMER H2 SUT Crew Cab 2009,images/train/train_01261.jpg
train_01262,124,HUMMER H2 SUT Crew Cab 2009,images/train/train_01262.jpg
train_01263,124,HUMMER H2 SUT Crew Cab 2009,images/train/train_01263.jpg
train_01264,124,HUMMER H2 SUT Crew Cab 2009,images/train/train_01264.jpg
train_01266,124,HUMMER H2 SUT Crew Cab 2009,images/train/train_01266.jpg
train_01269,124,HUMMER H2 SUT Crew Cab 2009,images/train/train_01269.jpg
train_01270,124,HUMMER H2 SUT Crew Cab 2009,images/train/train_01270.jpg
train_01271,124,HUMMER H2 SUT Crew Cab 2009,images/train/train_01271.jpg
train_01272,124,HUMMER H2 SUT Crew Cab 2009,images/train/train_01272.jpg
train_01273,124,HUMMER H2 SUT Crew Cab 2009,images/train/train_01273.jpg
train_01274,124,HUMMER H2 SUT Crew Cab 2009,images/train/train_01274.jpg
train_01276,124,HUMMER H2 SUT Crew Cab 2009,images/train/train_01276.jpg
train_01277,124,HUMMER H2 SUT Crew Cab 2009,images/train/train_01277.jpg
train_01278,124,HUMMER H2 SUT Crew Cab 2009,images/train/train_01278.jpg
train_01280,124,HUMMER H2 SUT Crew Cab 2009,images/train/train_01280.jpg
train_01281,124,HUMMER H2 SUT Crew Cab 2009,images/train/train_01281.jpg
train_01282,124,HUMMER H2 SUT Crew Cab 2009,images/train/train_01282.jpg
train_01283,124,HUMMER H2 SUT Crew Cab 2009,images/train/train_01283.jpg
train_01284,124,HUMMER H2 SUT Crew Cab 2009,images/train/train_01284.jpg
train_01286,124,HUMMER H2 SUT Crew Cab 2009,images/train/train_01286.jpg
train_01287,124,HUMMER H2 SUT Crew Cab 2009,images/train/train_01287.jpg
train_01288,125,Honda Odyssey Minivan 2012,images/train/train_01288.jpg
train_01290,125,Honda Odyssey Minivan 2012,images/train/train_01290.jpg
train_01292,125,Honda Odyssey Minivan 2012,images/train/train_01292.jpg
train_01293,125,Honda Odyssey Minivan 2012,images/train/train_01293.jpg
train_01294,125,Honda Odyssey Minivan 2012,images/train/train_01294.jpg
train_01295,125,Honda Odyssey Minivan 2012,images/train/train_01295.jpg
train_01296,125,Honda Odyssey Minivan 2012,images/train/train_01296.jpg
train_01298,125,Honda Odyssey Minivan 2012,images/train/train_01298.jpg
train_01299,125,Honda Odyssey Minivan 2012,images/train/train_01299.jpg
train_01300,125,Honda Odyssey Minivan 2012,images/train/train_01300.jpg
train_01301,125,Honda Odyssey Minivan 2012,images/train/train_01301.jpg
train_01303,125,Honda Odyssey Minivan 2012,images/train/train_01303.jpg
train_01304,125,Honda Odyssey Minivan 2012,images/train/train_01304.jpg
train_01305,125,Honda Odyssey Minivan 2012,images/train/train_01305.jpg
train_01307,125,Honda Odyssey Minivan 2012,images/train/train_01307.jpg
train_01308,125,Honda Odyssey Minivan 2012,images/train/train_01308.jpg
train_01309,125,Honda Odyssey Minivan 2012,images/train/train_01309.jpg
train_01310,125,Honda Odyssey Minivan 2012,images/train/train_01310.jpg
train_01312,125,Honda Odyssey Minivan 2012,images/train/train_01312.jpg
train_01313,125,Honda Odyssey Minivan 2012,images/train/train_01313.jpg
train_01314,125,Honda Odyssey Minivan 2012,images/train/train_01314.jpg
train_01315,125,Honda Odyssey Minivan 2012,images/train/train_01315.jpg
train_01316,125,Honda Odyssey Minivan 2012,images/train/train_01316.jpg
train_01317,125,Honda Odyssey Minivan 2012,images/train/train_01317.jpg
train_01318,125,Honda Odyssey Minivan 2012,images/train/train_01318.jpg
train_01319,125,Honda Odyssey Minivan 2012,images/train/train_01319.jpg
train_01320,125,Honda Odyssey Minivan 2012,images/train/train_01320.jpg
train_01321,125,Honda Odyssey Minivan 2012,images/train/train_01321.jpg
train_01322,125,Honda Odyssey Minivan 2012,images/train/train_01322.jpg
train_01323,125,Honda Odyssey Minivan 2012,images/train/train_01323.jpg
train_01324,125,Honda Odyssey Minivan 2012,images/train/train_01324.jpg
train_01325,125,Honda Odyssey Minivan 2012,images/train/train_01325.jpg
train_01326,125,Honda Odyssey Minivan 2012,images/train/train_01326.jpg
train_01327,125,Honda Odyssey Minivan 2012,images/train/train_01327.jpg
train_01328,125,Honda Odyssey Minivan 2012,images/train/train_01328.jpg
train_01329,125,Honda Odyssey Minivan 2012,images/train/train_01329.jpg
train_01330,126,Honda Odyssey Minivan 2007,images/train/train_01330.jpg
train_01331,126,Honda Odyssey Minivan 2007,images/train/train_01331.jpg
train_01332,126,Honda Odyssey Minivan 2007,images/train/train_01332.jpg
train_01333,126,Honda Odyssey Minivan 2007,images/train/train_01333.jpg
train_01334,126,Honda Odyssey Minivan 2007,images/train/train_01334.jpg
train_01335,126,Honda Odyssey Minivan 2007,images/train/train_01335.jpg
train_01336,126,Honda Odyssey Minivan 2007,images/train/train_01336.jpg
train_01337,126,Honda Odyssey Minivan 2007,images/train/train_01337.jpg
train_01338,126,Honda Odyssey Minivan 2007,images/train/train_01338.jpg
train_01341,126,Honda Odyssey Minivan 2007,images/train/train_01341.jpg
train_01342,126,Honda Odyssey Minivan 2007,images/train/train_01342.jpg
train_01344,126,Honda Odyssey Minivan 2007,images/train/train_01344.jpg
train_01346,126,Honda Odyssey Minivan 2007,images/train/train_01346.jpg
train_01347,126,Honda Odyssey Minivan 2007,images/train/train_01347.jpg
train_01348,126,Honda Odyssey Minivan 2007,images/train/train_01348.jpg
train_01349,126,Honda Odyssey Minivan 2007,images/train/train_01349.jpg
train_01350,126,Honda Odyssey Minivan 2007,images/train/train_01350.jpg
train_01351,126,Honda Odyssey Minivan 2007,images/train/train_01351.jpg
train_01352,126,Honda Odyssey Minivan 2007,images/train/train_01352.jpg
train_01354,126,Honda Odyssey Minivan 2007,images/train/train_01354.jpg
train_01356,126,Honda Odyssey Minivan 2007,images/train/train_01356.jpg
train_01357,126,Honda Odyssey Minivan 2007,images/train/train_01357.jpg
train_01358,126,Honda Odyssey Minivan 2007,images/train/train_01358.jpg
train_01359,126,Honda Odyssey Minivan 2007,images/train/train_01359.jpg
train_01360,126,Honda Odyssey Minivan 2007,images/train/train_01360.jpg
train_01361,126,Honda Odyssey Minivan 2007,images/train/train_01361.jpg
train_01362,126,Honda Odyssey Minivan 2007,images/train/train_01362.jpg
train_01363,126,Honda Odyssey Minivan 2007,images/train/train_01363.jpg
train_01364,126,Honda Odyssey Minivan 2007,images/train/train_01364.jpg
train_01365,126,Honda Odyssey Minivan 2007,images/train/train_01365.jpg
train_01366,126,Honda Odyssey Minivan 2007,images/train/train_01366.jpg
train_01367,126,Honda Odyssey Minivan 2007,images/train/train_01367.jpg
train_01368,126,Honda Odyssey Minivan 2007,images/train/train_01368.jpg
train_01369,126,Honda Odyssey Minivan 2007,images/train/train_01369.jpg
train_01370,126,Honda Odyssey Minivan 2007,images/train/train_01370.jpg
train_01371,127,Honda Accord Coupe 2012,images/train/train_01371.jpg
train_01372,127,Honda Accord Coupe 2012,images/train/train_01372.jpg
train_01373,127,Honda Accord Coupe 2012,images/train/train_01373.jpg
train_01376,127,Honda Accord Coupe 2012,images/train/train_01376.jpg
train_01377,127,Honda Accord Coupe 2012,images/train/train_01377.jpg
train_01379,127,Honda Accord Coupe 2012,images/train/train_01379.jpg
train_01380,127,Honda Accord Coupe 2012,images/train/train_01380.jpg
train_01381,127,Honda Accord Coupe 2012,images/train/train_01381.jpg
train_01382,127,Honda Accord Coupe 2012,images/train/train_01382.jpg
train_01383,127,Honda Accord Coupe 2012,images/train/train_01383.jpg
train_01384,127,Honda Accord Coupe 2012,images/train/train_01384.jpg
train_01385,127,Honda Accord Coupe 2012,images/train/train_01385.jpg
train_01386,127,Honda Accord Coupe 2012,images/train/train_01386.jpg
train_01387,127,Honda Accord Coupe 2012,images/train/train_01387.jpg
train_01388,127,Honda Accord Coupe 2012,images/train/train_01388.jpg
train_01389,127,Honda Accord Coupe 2012,images/train/train_01389.jpg
train_01390,127,Honda Accord Coupe 2012,images/train/train_01390.jpg
train_01392,127,Honda Accord Coupe 2012,images/train/train_01392.jpg
train_01393,127,Honda Accord Coupe 2012,images/train/train_01393.jpg
train_01394,127,Honda Accord Coupe 2012,images/train/train_01394.jpg
train_01395,127,Honda Accord Coupe 2012,images/train/train_01395.jpg
train_01396,127,Honda Accord Coupe 2012,images/train/train_01396.jpg
train_01397,127,Honda Accord Coupe 2012,images/train/train_01397.jpg
train_01399,127,Honda Accord Coupe 2012,images/train/train_01399.jpg
train_01400,127,Honda Accord Coupe 2012,images/train/train_01400.jpg
train_01401,127,Honda Accord Coupe 2012,images/train/train_01401.jpg
train_01402,127,Honda Accord Coupe 2012,images/train/train_01402.jpg
train_01403,127,Honda Accord Coupe 2012,images/train/train_01403.jpg
train_01404,127,Honda Accord Coupe 2012,images/train/train_01404.jpg
train_01405,127,Honda Accord Coupe 2012,images/train/train_01405.jpg
train_01406,127,Honda Accord Coupe 2012,images/train/train_01406.jpg
train_01407,127,Honda Accord Coupe 2012,images/train/train_01407.jpg
train_01409,127,Honda Accord Coupe 2012,images/train/train_01409.jpg
train_01410,128,Honda Accord Sedan 2012,images/train/train_01410.jpg
train_01411,128,Honda Accord Sedan 2012,images/train/train_01411.jpg
train_01412,128,Honda Accord Sedan 2012,images/train/train_01412.jpg
train_01413,128,Honda Accord Sedan 2012,images/train/train_01413.jpg
train_01414,128,Honda Accord Sedan 2012,images/train/train_01414.jpg
train_01415,128,Honda Accord Sedan 2012,images/train/train_01415.jpg
train_01416,128,Honda Accord Sedan 2012,images/train/train_01416.jpg
train_01417,128,Honda Accord Sedan 2012,images/train/train_01417.jpg
train_01418,128,Honda Accord Sedan 2012,images/train/train_01418.jpg
train_01419,128,Honda Accord Sedan 2012,images/train/train_01419.jpg
train_01420,128,Honda Accord Sedan 2012,images/train/train_01420.jpg
train_01421,128,Honda Accord Sedan 2012,images/train/train_01421.jpg
train_01422,128,Honda Accord Sedan 2012,images/train/train_01422.jpg
train_01423,128,Honda Accord Sedan 2012,images/train/train_01423.jpg
train_01424,128,Honda Accord Sedan 2012,images/train/train_01424.jpg
train_01425,128,Honda Accord Sedan 2012,images/train/train_01425.jpg
train_01426,128,Honda Accord Sedan 2012,images/train/train_01426.jpg
train_01427,128,Honda Accord Sedan 2012,images/train/train_01427.jpg
train_01428,128,Honda Accord Sedan 2012,images/train/train_01428.jpg
train_01429,128,Honda Accord Sedan 2012,images/train/train_01429.jpg
train_01431,128,Honda Accord Sedan 2012,images/train/train_01431.jpg
train_01433,128,Honda Accord Sedan 2012,images/train/train_01433.jpg
train_01434,128,Honda Accord Sedan 2012,images/train/train_01434.jpg
train_01435,128,Honda Accord Sedan 2012,images/train/train_01435.jpg
train_01438,128,Honda Accord Sedan 2012,images/train/train_01438.jpg
train_01439,128,Honda Accord Sedan 2012,images/train/train_01439.jpg
train_01441,128,Honda Accord Sedan 2012,images/train/train_01441.jpg
train_01442,128,Honda Accord Sedan 2012,images/train/train_01442.jpg
train_01443,128,Honda Accord Sedan 2012,images/train/train_01443.jpg
train_01445,128,Honda Accord Sedan 2012,images/train/train_01445.jpg
train_01446,128,Honda Accord Sedan 2012,images/train/train_01446.jpg
train_01447,128,Honda Accord Sedan 2012,images/train/train_01447.jpg
train_01448,128,Honda Accord Sedan 2012,images/train/train_01448.jpg
train_01449,129,Hyundai Veloster Hatchback 2012,images/train/train_01449.jpg
train_01450,129,Hyundai Veloster Hatchback 2012,images/train/train_01450.jpg
train_01451,129,Hyundai Veloster Hatchback 2012,images/train/train_01451.jpg
train_01452,129,Hyundai Veloster Hatchback 2012,images/train/train_01452.jpg
train_01454,129,Hyundai Veloster Hatchback 2012,images/train/train_01454.jpg
train_01455,129,Hyundai Veloster Hatchback 2012,images/train/train_01455.jpg
train_01456,129,Hyundai Veloster Hatchback 2012,images/train/train_01456.jpg
train_01457,129,Hyundai Veloster Hatchback 2012,images/train/train_01457.jpg
train_01458,129,Hyundai Veloster Hatchback 2012,images/train/train_01458.jpg
train_01460,129,Hyundai Veloster Hatchback 2012,images/train/train_01460.jpg
train_01461,129,Hyundai Veloster Hatchback 2012,images/train/train_01461.jpg
train_01462,129,Hyundai Veloster Hatchback 2012,images/train/train_01462.jpg
train_01464,129,Hyundai Veloster Hatchback 2012,images/train/train_01464.jpg
train_01466,129,Hyundai Veloster Hatchback 2012,images/train/train_01466.jpg
train_01467,129,Hyundai Veloster Hatchback 2012,images/train/train_01467.jpg
train_01469,129,Hyundai Veloster Hatchback 2012,images/train/train_01469.jpg
train_01470,129,Hyundai Veloster Hatchback 2012,images/train/train_01470.jpg
train_01472,129,Hyundai Veloster Hatchback 2012,images/train/train_01472.jpg
train_01473,129,Hyundai Veloster Hatchback 2012,images/train/train_01473.jpg
train_01474,129,Hyundai Veloster Hatchback 2012,images/train/train_01474.jpg
train_01475,129,Hyundai Veloster Hatchback 2012,images/train/train_01475.jpg
train_01476,129,Hyundai Veloster Hatchback 2012,images/train/train_01476.jpg
train_01477,129,Hyundai Veloster Hatchback 2012,images/train/train_01477.jpg
train_01478,129,Hyundai Veloster Hatchback 2012,images/train/train_01478.jpg
train_01479,129,Hyundai Veloster Hatchback 2012,images/train/train_01479.jpg
train_01480,129,Hyundai Veloster Hatchback 2012,images/train/train_01480.jpg
train_01481,129,Hyundai Veloster Hatchback 2012,images/train/train_01481.jpg
train_01482,129,Hyundai Veloster Hatchback 2012,images/train/train_01482.jpg
train_01483,129,Hyundai Veloster Hatchback 2012,images/train/train_01483.jpg
train_01484,129,Hyundai Veloster Hatchback 2012,images/train/train_01484.jpg
train_01485,129,Hyundai Veloster Hatchback 2012,images/train/train_01485.jpg
train_01486,129,Hyundai Veloster Hatchback 2012,images/train/train_01486.jpg
train_01487,129,Hyundai Veloster Hatchback 2012,images/train/train_01487.jpg
train_01488,129,Hyundai Veloster Hatchback 2012,images/train/train_01488.jpg
train_01489,129,Hyundai Veloster Hatchback 2012,images/train/train_01489.jpg
train_01490,13,Audi TTS Coupe 2012,images/train/train_01490.jpg
train_01492,13,Audi TTS Coupe 2012,images/train/train_01492.jpg
train_01494,13,Audi TTS Coupe 2012,images/train/train_01494.jpg
train_01495,13,Audi TTS Coupe 2012,images/train/train_01495.jpg
train_01496,13,Audi TTS Coupe 2012,images/train/train_01496.jpg
train_01497,13,Audi TTS Coupe 2012,images/train/train_01497.jpg
train_01498,13,Audi TTS Coupe 2012,images/train/train_01498.jpg
train_01499,13,Audi TTS Coupe 2012,images/train/train_01499.jpg
train_01500,13,Audi TTS Coupe 2012,images/train/train_01500.jpg
train_01501,13,Audi TTS Coupe 2012,images/train/train_01501.jpg
train_01502,13,Audi TTS Coupe 2012,images/train/train_01502.jpg
train_01503,13,Audi TTS Coupe 2012,images/train/train_01503.jpg
train_01504,13,Audi TTS Coupe 2012,images/train/train_01504.jpg
train_01505,13,Audi TTS Coupe 2012,images/train/train_01505.jpg
train_01506,13,Audi TTS Coupe 2012,images/train/train_01506.jpg
train_01507,13,Audi TTS Coupe 2012,images/train/train_01507.jpg
train_01508,13,Audi TTS Coupe 2012,images/train/train_01508.jpg
train_01512,13,Audi TTS Coupe 2012,images/train/train_01512.jpg
train_01513,13,Audi TTS Coupe 2012,images/train/train_01513.jpg
train_01515,13,Audi TTS Coupe 2012,images/train/train_01515.jpg
train_01516,13,Audi TTS Coupe 2012,images/train/train_01516.jpg
train_01517,13,Audi TTS Coupe 2012,images/train/train_01517.jpg
train_01518,13,Audi TTS Coupe 2012,images/train/train_01518.jpg
train_01519,13,Audi TTS Coupe 2012,images/train/train_01519.jpg
train_01520,13,Audi TTS Coupe 2012,images/train/train_01520.jpg
train_01521,13,Audi TTS Coupe 2012,images/train/train_01521.jpg
train_01522,13,Audi TTS Coupe 2012,images/train/train_01522.jpg
train_01523,13,Audi TTS Coupe 2012,images/train/train_01523.jpg
train_01524,13,Audi TTS Coupe 2012,images/train/train_01524.jpg
train_01525,13,Audi TTS Coupe 2012,images/train/train_01525.jpg
train_01526,13,Audi TTS Coupe 2012,images/train/train_01526.jpg
train_01527,13,Audi TTS Coupe 2012,images/train/train_01527.jpg
train_01528,13,Audi TTS Coupe 2012,images/train/train_01528.jpg
train_01529,13,Audi TTS Coupe 2012,images/train/train_01529.jpg
train_01530,13,Audi TTS Coupe 2012,images/train/train_01530.jpg
train_01531,13,Audi TTS Coupe 2012,images/train/train_01531.jpg
train_01532,13,Audi TTS Coupe 2012,images/train/train_01532.jpg
train_01533,130,Hyundai Santa Fe SUV 2012,images/train/train_01533.jpg
train_01534,130,Hyundai Santa Fe SUV 2012,images/train/train_01534.jpg
train_01535,130,Hyundai Santa Fe SUV 2012,images/train/train_01535.jpg
train_01536,130,Hyundai Santa Fe SUV 2012,images/train/train_01536.jpg
train_01537,130,Hyundai Santa Fe SUV 2012,images/train/train_01537.jpg
train_01538,130,Hyundai Santa Fe SUV 2012,images/train/train_01538.jpg
train_01539,130,Hyundai Santa Fe SUV 2012,images/train/train_01539.jpg
train_01540,130,Hyundai Santa Fe SUV 2012,images/train/train_01540.jpg
train_01541,130,Hyundai Santa Fe SUV 2012,images/train/train_01541.jpg
train_01542,130,Hyundai Santa Fe SUV 2012,images/train/train_01542.jpg
train_01543,130,Hyundai Santa Fe SUV 2012,images/train/train_01543.jpg
train_01544,130,Hyundai Santa Fe SUV 2012,images/train/train_01544.jpg
train_01545,130,Hyundai Santa Fe SUV 2012,images/train/train_01545.jpg
train_01546,130,Hyundai Santa Fe SUV 2012,images/train/train_01546.jpg
train_01548,130,Hyundai Santa Fe SUV 2012,images/train/train_01548.jpg
train_01549,130,Hyundai Santa Fe SUV 2012,images/train/train_01549.jpg
train_01550,130,Hyundai Santa Fe SUV 2012,images/train/train_01550.jpg
train_01551,130,Hyundai Santa Fe SUV 2012,images/train/train_01551.jpg
train_01552,130,Hyundai Santa Fe SUV 2012,images/train/train_01552.jpg
train_01554,130,Hyundai Santa Fe SUV 2012,images/train/train_01554.jpg
train_01555,130,Hyundai Santa Fe SUV 2012,images/train/train_01555.jpg
train_01556,130,Hyundai Santa Fe SUV 2012,images/train/train_01556.jpg
train_01557,130,Hyundai Santa Fe SUV 2012,images/train/train_01557.jpg
train_01558,130,Hyundai Santa Fe SUV 2012,images/train/train_01558.jpg
train_01559,130,Hyundai Santa Fe SUV 2012,images/train/train_01559.jpg
train_01561,130,Hyundai Santa Fe SUV 2012,images/train/train_01561.jpg
train_01562,130,Hyundai Santa Fe SUV 2012,images/train/train_01562.jpg
train_01563,130,Hyundai Santa Fe SUV 2012,images/train/train_01563.jpg
train_01565,130,Hyundai Santa Fe SUV 2012,images/train/train_01565.jpg
train_01567,130,Hyundai Santa Fe SUV 2012,images/train/train_01567.jpg
train_01568,130,Hyundai Santa Fe SUV 2012,images/train/train_01568.jpg
train_01570,130,Hyundai Santa Fe SUV 2012,images/train/train_01570.jpg
train_01571,130,Hyundai Santa Fe SUV 2012,images/train/train_01571.jpg
train_01572,130,Hyundai Santa Fe SUV 2012,images/train/train_01572.jpg
train_01573,130,Hyundai Santa Fe SUV 2012,images/train/train_01573.jpg
train_01574,130,Hyundai Santa Fe SUV 2012,images/train/train_01574.jpg
train_01575,131,Hyundai Tucson SUV 2012,images/train/train_01575.jpg
train_01576,131,Hyundai Tucson SUV 2012,images/train/train_01576.jpg
train_01578,131,Hyundai Tucson SUV 2012,images/train/train_01578.jpg
train_01579,131,Hyundai Tucson SUV 2012,images/train/train_01579.jpg
train_01580,131,Hyundai Tucson SUV 2012,images/train/train_01580.jpg
train_01582,131,Hyundai Tucson SUV 2012,images/train/train_01582.jpg
train_01583,131,Hyundai Tucson SUV 2012,images/train/train_01583.jpg
train_01584,131,Hyundai Tucson SUV 2012,images/train/train_01584.jpg
train_01585,131,Hyundai Tucson SUV 2012,images/train/train_01585.jpg
train_01586,131,Hyundai Tucson SUV 2012,images/train/train_01586.jpg
train_01587,131,Hyundai Tucson SUV 2012,images/train/train_01587.jpg
train_01588,131,Hyundai Tucson SUV 2012,images/train/train_01588.jpg
train_01589,131,Hyundai Tucson SUV 2012,images/train/train_01589.jpg
train_01591,131,Hyundai Tucson SUV 2012,images/train/train_01591.jpg
train_01592,131,Hyundai Tucson SUV 2012,images/train/train_01592.jpg
train_01593,131,Hyundai Tucson SUV 2012,images/train/train_01593.jpg
train_01594,131,Hyundai Tucson SUV 2012,images/train/train_01594.jpg
train_01595,131,Hyundai Tucson SUV 2012,images/train/train_01595.jpg
train_01596,131,Hyundai Tucson SUV 2012,images/train/train_01596.jpg
train_01597,131,Hyundai Tucson SUV 2012,images/train/train_01597.jpg
train_01598,131,Hyundai Tucson SUV 2012,images/train/train_01598.jpg
train_01600,131,Hyundai Tucson SUV 2012,images/train/train_01600.jpg
train_01601,131,Hyundai Tucson SUV 2012,images/train/train_01601.jpg
train_01602,131,Hyundai Tucson SUV 2012,images/train/train_01602.jpg
train_01604,131,Hyundai Tucson SUV 2012,images/train/train_01604.jpg
train_01605,131,Hyundai Tucson SUV 2012,images/train/train_01605.jpg
train_01606,131,Hyundai Tucson SUV 2012,images/train/train_01606.jpg
train_01607,131,Hyundai Tucson SUV 2012,images/train/train_01607.jpg
train_01609,131,Hyundai Tucson SUV 2012,images/train/train_01609.jpg
train_01610,131,Hyundai Tucson SUV 2012,images/train/train_01610.jpg
train_01611,131,Hyundai Tucson SUV 2012,images/train/train_01611.jpg
train_01613,131,Hyundai Tucson SUV 2012,images/train/train_01613.jpg
train_01614,131,Hyundai Tucson SUV 2012,images/train/train_01614.jpg
train_01615,131,Hyundai Tucson SUV 2012,images/train/train_01615.jpg
train_01616,131,Hyundai Tucson SUV 2012,images/train/train_01616.jpg
train_01617,131,Hyundai Tucson SUV 2012,images/train/train_01617.jpg
train_01618,131,Hyundai Tucson SUV 2012,images/train/train_01618.jpg
train_01619,132,Hyundai Veracruz SUV 2012,images/train/train_01619.jpg
train_01620,132,Hyundai Veracruz SUV 2012,images/train/train_01620.jpg
train_01621,132,Hyundai Veracruz SUV 2012,images/train/train_01621.jpg
train_01622,132,Hyundai Veracruz SUV 2012,images/train/train_01622.jpg
train_01623,132,Hyundai Veracruz SUV 2012,images/train/train_01623.jpg
train_01624,132,Hyundai Veracruz SUV 2012,images/train/train_01624.jpg
train_01625,132,Hyundai Veracruz SUV 2012,images/train/train_01625.jpg
train_01626,132,Hyundai Veracruz SUV 2012,images/train/train_01626.jpg
train_01627,132,Hyundai Veracruz SUV 2012,images/train/train_01627.jpg
train_01628,132,Hyundai Veracruz SUV 2012,images/train/train_01628.jpg
train_01629,132,Hyundai Veracruz SUV 2012,images/train/train_01629.jpg
train_01630,132,Hyundai Veracruz SUV 2012,images/train/train_01630.jpg
train_01631,132,Hyundai Veracruz SUV 2012,images/train/train_01631.jpg
train_01632,132,Hyundai Veracruz SUV 2012,images/train/train_01632.jpg
train_01635,132,Hyundai Veracruz SUV 2012,images/train/train_01635.jpg
train_01637,132,Hyundai Veracruz SUV 2012,images/train/train_01637.jpg
train_01638,132,Hyundai Veracruz SUV 2012,images/train/train_01638.jpg
train_01639,132,Hyundai Veracruz SUV 2012,images/train/train_01639.jpg
train_01640,132,Hyundai Veracruz SUV 2012,images/train/train_01640.jpg
train_01641,132,Hyundai Veracruz SUV 2012,images/train/train_01641.jpg
train_01643,132,Hyundai Veracruz SUV 2012,images/train/train_01643.jpg
train_01645,132,Hyundai Veracruz SUV 2012,images/train/train_01645.jpg
train_01646,132,Hyundai Veracruz SUV 2012,images/train/train_01646.jpg
train_01647,132,Hyundai Veracruz SUV 2012,images/train/train_01647.jpg
train_01648,132,Hyundai Veracruz SUV 2012,images/train/train_01648.jpg
train_01649,132,Hyundai Veracruz SUV 2012,images/train/train_01649.jpg
train_01650,132,Hyundai Veracruz SUV 2012,images/train/train_01650.jpg
train_01651,132,Hyundai Veracruz SUV 2012,images/train/train_01651.jpg
train_01652,132,Hyundai Veracruz SUV 2012,images/train/train_01652.jpg
train_01653,132,Hyundai Veracruz SUV 2012,images/train/train_01653.jpg
train_01655,132,Hyundai Veracruz SUV 2012,images/train/train_01655.jpg
train_01656,132,Hyundai Veracruz SUV 2012,images/train/train_01656.jpg
train_01657,132,Hyundai Veracruz SUV 2012,images/train/train_01657.jpg
train_01658,132,Hyundai Veracruz SUV 2012,images/train/train_01658.jpg
train_01659,132,Hyundai Veracruz SUV 2012,images/train/train_01659.jpg
train_01660,132,Hyundai Veracruz SUV 2012,images/train/train_01660.jpg
train_01661,133,Hyundai Sonata Hybrid Sedan 2012,images/train/train_01661.jpg
train_01663,133,Hyundai Sonata Hybrid Sedan 2012,images/train/train_01663.jpg
train_01665,133,Hyundai Sonata Hybrid Sedan 2012,images/train/train_01665.jpg
train_01666,133,Hyundai Sonata Hybrid Sedan 2012,images/train/train_01666.jpg
train_01667,133,Hyundai Sonata Hybrid Sedan 2012,images/train/train_01667.jpg
train_01668,133,Hyundai Sonata Hybrid Sedan 2012,images/train/train_01668.jpg
train_01669,133,Hyundai Sonata Hybrid Sedan 2012,images/train/train_01669.jpg
train_01670,133,Hyundai Sonata Hybrid Sedan 2012,images/train/train_01670.jpg
train_01671,133,Hyundai Sonata Hybrid Sedan 2012,images/train/train_01671.jpg
train_01673,133,Hyundai Sonata Hybrid Sedan 2012,images/train/train_01673.jpg
train_01674,133,Hyundai Sonata Hybrid Sedan 2012,images/train/train_01674.jpg
train_01675,133,Hyundai Sonata Hybrid Sedan 2012,images/train/train_01675.jpg
train_01676,133,Hyundai Sonata Hybrid Sedan 2012,images/train/train_01676.jpg
train_01678,133,Hyundai Sonata Hybrid Sedan 2012,images/train/train_01678.jpg
train_01679,133,Hyundai Sonata Hybrid Sedan 2012,images/train/train_01679.jpg
train_01680,133,Hyundai Sonata Hybrid Sedan 2012,images/train/train_01680.jpg
train_01681,133,Hyundai Sonata Hybrid Sedan 2012,images/train/train_01681.jpg
train_01682,133,Hyundai Sonata Hybrid Sedan 2012,images/train/train_01682.jpg
train_01683,133,Hyundai Sonata Hybrid Sedan 2012,images/train/train_01683.jpg
train_01684,133,Hyundai Sonata Hybrid Sedan 2012,images/train/train_01684.jpg
train_01685,133,Hyundai Sonata Hybrid Sedan 2012,images/train/train_01685.jpg
train_01686,133,Hyundai Sonata Hybrid Sedan 2012,images/train/train_01686.jpg
train_01687,133,Hyundai Sonata Hybrid Sedan 2012,images/train/train_01687.jpg
train_01688,133,Hyundai Sonata Hybrid Sedan 2012,images/train/train_01688.jpg
train_01689,133,Hyundai Sonata Hybrid Sedan 2012,images/train/train_01689.jpg
train_01690,133,Hyundai Sonata Hybrid Sedan 2012,images/train/train_01690.jpg
train_01691,133,Hyundai Sonata Hybrid Sedan 2012,images/train/train_01691.jpg
train_01693,133,Hyundai Sonata Hybrid Sedan 2012,images/train/train_01693.jpg
train_01694,133,Hyundai Sonata Hybrid Sedan 2012,images/train/train_01694.jpg
train_01695,134,Hyundai Elantra Sedan 2007,images/train/train_01695.jpg
train_01696,134,Hyundai Elantra Sedan 2007,images/train/train_01696.jpg
train_01697,134,Hyundai Elantra Sedan 2007,images/train/train_01697.jpg
train_01699,134,Hyundai Elantra Sedan 2007,images/train/train_01699.jpg
train_01700,134,Hyundai Elantra Sedan 2007,images/train/train_01700.jpg
train_01701,134,Hyundai Elantra Sedan 2007,images/train/train_01701.jpg
train_01702,134,Hyundai Elantra Sedan 2007,images/train/train_01702.jpg
train_01704,134,Hyundai Elantra Sedan 2007,images/train/train_01704.jpg
train_01706,134,Hyundai Elantra Sedan 2007,images/train/train_01706.jpg
train_01707,134,Hyundai Elantra Sedan 2007,images/train/train_01707.jpg
train_01708,134,Hyundai Elantra Sedan 2007,images/train/train_01708.jpg
train_01709,134,Hyundai Elantra Sedan 2007,images/train/train_01709.jpg
train_01710,134,Hyundai Elantra Sedan 2007,images/train/train_01710.jpg
train_01711,134,Hyundai Elantra Sedan 2007,images/train/train_01711.jpg
train_01712,134,Hyundai Elantra Sedan 2007,images/train/train_01712.jpg
train_01713,134,Hyundai Elantra Sedan 2007,images/train/train_01713.jpg
train_01714,134,Hyundai Elantra Sedan 2007,images/train/train_01714.jpg
train_01715,134,Hyundai Elantra Sedan 2007,images/train/train_01715.jpg
train_01716,134,Hyundai Elantra Sedan 2007,images/train/train_01716.jpg
train_01717,134,Hyundai Elantra Sedan 2007,images/train/train_01717.jpg
train_01718,134,Hyundai Elantra Sedan 2007,images/train/train_01718.jpg
train_01719,134,Hyundai Elantra Sedan 2007,images/train/train_01719.jpg
train_01720,134,Hyundai Elantra Sedan 2007,images/train/train_01720.jpg
train_01721,134,Hyundai Elantra Sedan 2007,images/train/train_01721.jpg
train_01722,134,Hyundai Elantra Sedan 2007,images/train/train_01722.jpg
train_01723,134,Hyundai Elantra Sedan 2007,images/train/train_01723.jpg
train_01724,134,Hyundai Elantra Sedan 2007,images/train/train_01724.jpg
train_01725,134,Hyundai Elantra Sedan 2007,images/train/train_01725.jpg
train_01727,134,Hyundai Elantra Sedan 2007,images/train/train_01727.jpg
train_01728,134,Hyundai Elantra Sedan 2007,images/train/train_01728.jpg
train_01729,134,Hyundai Elantra Sedan 2007,images/train/train_01729.jpg
train_01732,134,Hyundai Elantra Sedan 2007,images/train/train_01732.jpg
train_01733,134,Hyundai Elantra Sedan 2007,images/train/train_01733.jpg
train_01734,134,Hyundai Elantra Sedan 2007,images/train/train_01734.jpg
train_01735,134,Hyundai Elantra Sedan 2007,images/train/train_01735.jpg
train_01736,134,Hyundai Elantra Sedan 2007,images/train/train_01736.jpg
train_01737,135,Hyundai Accent Sedan 2012,images/train/train_01737.jpg
train_01738,135,Hyundai Accent Sedan 2012,images/train/train_01738.jpg
train_01739,135,Hyundai Accent Sedan 2012,images/train/train_01739.jpg
train_01740,135,Hyundai Accent Sedan 2012,images/train/train_01740.jpg
train_01743,135,Hyundai Accent Sedan 2012,images/train/train_01743.jpg
train_01744,135,Hyundai Accent Sedan 2012,images/train/train_01744.jpg
train_01745,135,Hyundai Accent Sedan 2012,images/train/train_01745.jpg
train_01746,135,Hyundai Accent Sedan 2012,images/train/train_01746.jpg
train_01747,135,Hyundai Accent Sedan 2012,images/train/train_01747.jpg
train_01748,135,Hyundai Accent Sedan 2012,images/train/train_01748.jpg
train_01749,135,Hyundai Accent Sedan 2012,images/train/train_01749.jpg
train_01752,135,Hyundai Accent Sedan 2012,images/train/train_01752.jpg
train_01753,135,Hyundai Accent Sedan 2012,images/train/train_01753.jpg
train_01754,135,Hyundai Accent Sedan 2012,images/train/train_01754.jpg
train_01755,135,Hyundai Accent Sedan 2012,images/train/train_01755.jpg
train_01756,135,Hyundai Accent Sedan 2012,images/train/train_01756.jpg
train_01757,135,Hyundai Accent Sedan 2012,images/train/train_01757.jpg
train_01758,135,Hyundai Accent Sedan 2012,images/train/train_01758.jpg
train_01759,135,Hyundai Accent Sedan 2012,images/train/train_01759.jpg
train_01760,135,Hyundai Accent Sedan 2012,images/train/train_01760.jpg
train_01761,136,Hyundai Genesis Sedan 2012,images/train/train_01761.jpg
train_01762,136,Hyundai Genesis Sedan 2012,images/train/train_01762.jpg
train_01763,136,Hyundai Genesis Sedan 2012,images/train/train_01763.jpg
train_01764,136,Hyundai Genesis Sedan 2012,images/train/train_01764.jpg
train_01766,136,Hyundai Genesis Sedan 2012,images/train/train_01766.jpg
train_01767,136,Hyundai Genesis Sedan 2012,images/train/train_01767.jpg
train_01768,136,Hyundai Genesis Sedan 2012,images/train/train_01768.jpg
train_01769,136,Hyundai Genesis Sedan 2012,images/train/train_01769.jpg
train_01770,136,Hyundai Genesis Sedan 2012,images/train/train_01770.jpg
train_01771,136,Hyundai Genesis Sedan 2012,images/train/train_01771.jpg
train_01772,136,Hyundai Genesis Sedan 2012,images/train/train_01772.jpg
train_01773,136,Hyundai Genesis Sedan 2012,images/train/train_01773.jpg
train_01774,136,Hyundai Genesis Sedan 2012,images/train/train_01774.jpg
train_01775,136,Hyundai Genesis Sedan 2012,images/train/train_01775.jpg
train_01777,136,Hyundai Genesis Sedan 2012,images/train/train_01777.jpg
train_01779,136,Hyundai Genesis Sedan 2012,images/train/train_01779.jpg
train_01781,136,Hyundai Genesis Sedan 2012,images/train/train_01781.jpg
train_01782,136,Hyundai Genesis Sedan 2012,images/train/train_01782.jpg
train_01783,136,Hyundai Genesis Sedan 2012,images/train/train_01783.jpg
train_01784,136,Hyundai Genesis Sedan 2012,images/train/train_01784.jpg
train_01785,136,Hyundai Genesis Sedan 2012,images/train/train_01785.jpg
train_01786,136,Hyundai Genesis Sedan 2012,images/train/train_01786.jpg
train_01788,136,Hyundai Genesis Sedan 2012,images/train/train_01788.jpg
train_01789,136,Hyundai Genesis Sedan 2012,images/train/train_01789.jpg
train_01791,136,Hyundai Genesis Sedan 2012,images/train/train_01791.jpg
train_01792,136,Hyundai Genesis Sedan 2012,images/train/train_01792.jpg
train_01793,136,Hyundai Genesis Sedan 2012,images/train/train_01793.jpg
train_01794,136,Hyundai Genesis Sedan 2012,images/train/train_01794.jpg
train_01795,136,Hyundai Genesis Sedan 2012,images/train/train_01795.jpg
train_01796,136,Hyundai Genesis Sedan 2012,images/train/train_01796.jpg
train_01797,136,Hyundai Genesis Sedan 2012,images/train/train_01797.jpg
train_01798,136,Hyundai Genesis Sedan 2012,images/train/train_01798.jpg
train_01799,136,Hyundai Genesis Sedan 2012,images/train/train_01799.jpg
train_01800,136,Hyundai Genesis Sedan 2012,images/train/train_01800.jpg
train_01801,136,Hyundai Genesis Sedan 2012,images/train/train_01801.jpg
train_01803,136,Hyundai Genesis Sedan 2012,images/train/train_01803.jpg
train_01804,136,Hyundai Genesis Sedan 2012,images/train/train_01804.jpg
train_01805,137,Hyundai Sonata Sedan 2012,images/train/train_01805.jpg
train_01806,137,Hyundai Sonata Sedan 2012,images/train/train_01806.jpg
train_01807,137,Hyundai Sonata Sedan 2012,images/train/train_01807.jpg
train_01808,137,Hyundai Sonata Sedan 2012,images/train/train_01808.jpg
train_01809,137,Hyundai Sonata Sedan 2012,images/train/train_01809.jpg
train_01810,137,Hyundai Sonata Sedan 2012,images/train/train_01810.jpg
train_01811,137,Hyundai Sonata Sedan 2012,images/train/train_01811.jpg
train_01813,137,Hyundai Sonata Sedan 2012,images/train/train_01813.jpg
train_01814,137,Hyundai Sonata Sedan 2012,images/train/train_01814.jpg
train_01815,137,Hyundai Sonata Sedan 2012,images/train/train_01815.jpg
train_01816,137,Hyundai Sonata Sedan 2012,images/train/train_01816.jpg
train_01817,137,Hyundai Sonata Sedan 2012,images/train/train_01817.jpg
train_01818,137,Hyundai Sonata Sedan 2012,images/train/train_01818.jpg
train_01819,137,Hyundai Sonata Sedan 2012,images/train/train_01819.jpg
train_01820,137,Hyundai Sonata Sedan 2012,images/train/train_01820.jpg
train_01821,137,Hyundai Sonata Sedan 2012,images/train/train_01821.jpg
train_01823,137,Hyundai Sonata Sedan 2012,images/train/train_01823.jpg
train_01824,137,Hyundai Sonata Sedan 2012,images/train/train_01824.jpg
train_01826,137,Hyundai Sonata Sedan 2012,images/train/train_01826.jpg
train_01827,137,Hyundai Sonata Sedan 2012,images/train/train_01827.jpg
train_01828,137,Hyundai Sonata Sedan 2012,images/train/train_01828.jpg
train_01829,137,Hyundai Sonata Sedan 2012,images/train/train_01829.jpg
train_01830,137,Hyundai Sonata Sedan 2012,images/train/train_01830.jpg
train_01831,137,Hyundai Sonata Sedan 2012,images/train/train_01831.jpg
train_01834,137,Hyundai Sonata Sedan 2012,images/train/train_01834.jpg
train_01835,137,Hyundai Sonata Sedan 2012,images/train/train_01835.jpg
train_01836,137,Hyundai Sonata Sedan 2012,images/train/train_01836.jpg
train_01838,137,Hyundai Sonata Sedan 2012,images/train/train_01838.jpg
train_01839,137,Hyundai Sonata Sedan 2012,images/train/train_01839.jpg
train_01840,137,Hyundai Sonata Sedan 2012,images/train/train_01840.jpg
train_01841,137,Hyundai Sonata Sedan 2012,images/train/train_01841.jpg
train_01842,137,Hyundai Sonata Sedan 2012,images/train/train_01842.jpg
train_01843,137,Hyundai Sonata Sedan 2012,images/train/train_01843.jpg
train_01844,137,Hyundai Sonata Sedan 2012,images/train/train_01844.jpg
train_01845,138,Hyundai Elantra Touring Hatchback 2012,images/train/train_01845.jpg
train_01846,138,Hyundai Elantra Touring Hatchback 2012,images/train/train_01846.jpg
train_01847,138,Hyundai Elantra Touring Hatchback 2012,images/train/train_01847.jpg
train_01848,138,Hyundai Elantra Touring Hatchback 2012,images/train/train_01848.jpg
train_01849,138,Hyundai Elantra Touring Hatchback 2012,images/train/train_01849.jpg
train_01850,138,Hyundai Elantra Touring Hatchback 2012,images/train/train_01850.jpg
train_01852,138,Hyundai Elantra Touring Hatchback 2012,images/train/train_01852.jpg
train_01853,138,Hyundai Elantra Touring Hatchback 2012,images/train/train_01853.jpg
train_01854,138,Hyundai Elantra Touring Hatchback 2012,images/train/train_01854.jpg
train_01855,138,Hyundai Elantra Touring Hatchback 2012,images/train/train_01855.jpg
train_01856,138,Hyundai Elantra Touring Hatchback 2012,images/train/train_01856.jpg
train_01857,138,Hyundai Elantra Touring Hatchback 2012,images/train/train_01857.jpg
train_01858,138,Hyundai Elantra Touring Hatchback 2012,images/train/train_01858.jpg
train_01859,138,Hyundai Elantra Touring Hatchback 2012,images/train/train_01859.jpg
train_01860,138,Hyundai Elantra Touring Hatchback 2012,images/train/train_01860.jpg
train_01861,138,Hyundai Elantra Touring Hatchback 2012,images/train/train_01861.jpg
train_01862,138,Hyundai Elantra Touring Hatchback 2012,images/train/train_01862.jpg
train_01863,138,Hyundai Elantra Touring Hatchback 2012,images/train/train_01863.jpg
train_01864,138,Hyundai Elantra Touring Hatchback 2012,images/train/train_01864.jpg
train_01865,138,Hyundai Elantra Touring Hatchback 2012,images/train/train_01865.jpg
train_01866,138,Hyundai Elantra Touring Hatchback 2012,images/train/train_01866.jpg
train_01867,138,Hyundai Elantra Touring Hatchback 2012,images/train/train_01867.jpg
train_01868,138,Hyundai Elantra Touring Hatchback 2012,images/train/train_01868.jpg
train_01869,138,Hyundai Elantra Touring Hatchback 2012,images/train/train_01869.jpg
train_01870,138,Hyundai Elantra Touring Hatchback 2012,images/train/train_01870.jpg
train_01871,138,Hyundai Elantra Touring Hatchback 2012,images/train/train_01871.jpg
train_01872,138,Hyundai Elantra Touring Hatchback 2012,images/train/train_01872.jpg
train_01875,138,Hyundai Elantra Touring Hatchback 2012,images/train/train_01875.jpg
train_01878,138,Hyundai Elantra Touring Hatchback 2012,images/train/train_01878.jpg
train_01880,138,Hyundai Elantra Touring Hatchback 2012,images/train/train_01880.jpg
train_01881,138,Hyundai Elantra Touring Hatchback 2012,images/train/train_01881.jpg
train_01882,138,Hyundai Elantra Touring Hatchback 2012,images/train/train_01882.jpg
train_01883,138,Hyundai Elantra Touring Hatchback 2012,images/train/train_01883.jpg
train_01884,138,Hyundai Elantra Touring Hatchback 2012,images/train/train_01884.jpg
train_01885,138,Hyundai Elantra Touring Hatchback 2012,images/train/train_01885.jpg
train_01886,138,Hyundai Elantra Touring Hatchback 2012,images/train/train_01886.jpg
train_01887,138,Hyundai Elantra Touring Hatchback 2012,images/train/train_01887.jpg
train_01889,139,Hyundai Azera Sedan 2012,images/train/train_01889.jpg
train_01890,139,Hyundai Azera Sedan 2012,images/train/train_01890.jpg
train_01891,139,Hyundai Azera Sedan 2012,images/train/train_01891.jpg
train_01892,139,Hyundai Azera Sedan 2012,images/train/train_01892.jpg
train_01893,139,Hyundai Azera Sedan 2012,images/train/train_01893.jpg
train_01894,139,Hyundai Azera Sedan 2012,images/train/train_01894.jpg
train_01895,139,Hyundai Azera Sedan 2012,images/train/train_01895.jpg
train_01896,139,Hyundai Azera Sedan 2012,images/train/train_01896.jpg
train_01897,139,Hyundai Azera Sedan 2012,images/train/train_01897.jpg
train_01898,139,Hyundai Azera Sedan 2012,images/train/train_01898.jpg
train_01899,139,Hyundai Azera Sedan 2012,images/train/train_01899.jpg
train_01900,139,Hyundai Azera Sedan 2012,images/train/train_01900.jpg
train_01901,139,Hyundai Azera Sedan 2012,images/train/train_01901.jpg
train_01902,139,Hyundai Azera Sedan 2012,images/train/train_01902.jpg
train_01904,139,Hyundai Azera Sedan 2012,images/train/train_01904.jpg
train_01905,139,Hyundai Azera Sedan 2012,images/train/train_01905.jpg
train_01906,139,Hyundai Azera Sedan 2012,images/train/train_01906.jpg
train_01907,139,Hyundai Azera Sedan 2012,images/train/train_01907.jpg
train_01908,139,Hyundai Azera Sedan 2012,images/train/train_01908.jpg
train_01909,139,Hyundai Azera Sedan 2012,images/train/train_01909.jpg
train_01910,139,Hyundai Azera Sedan 2012,images/train/train_01910.jpg
train_01911,139,Hyundai Azera Sedan 2012,images/train/train_01911.jpg
train_01913,139,Hyundai Azera Sedan 2012,images/train/train_01913.jpg
train_01914,139,Hyundai Azera Sedan 2012,images/train/train_01914.jpg
train_01915,139,Hyundai Azera Sedan 2012,images/train/train_01915.jpg
train_01919,139,Hyundai Azera Sedan 2012,images/train/train_01919.jpg
train_01920,139,Hyundai Azera Sedan 2012,images/train/train_01920.jpg
train_01921,139,Hyundai Azera Sedan 2012,images/train/train_01921.jpg
train_01922,139,Hyundai Azera Sedan 2012,images/train/train_01922.jpg
train_01923,139,Hyundai Azera Sedan 2012,images/train/train_01923.jpg
train_01924,139,Hyundai Azera Sedan 2012,images/train/train_01924.jpg
train_01925,139,Hyundai Azera Sedan 2012,images/train/train_01925.jpg
train_01926,139,Hyundai Azera Sedan 2012,images/train/train_01926.jpg
train_01927,139,Hyundai Azera Sedan 2012,images/train/train_01927.jpg
train_01928,139,Hyundai Azera Sedan 2012,images/train/train_01928.jpg
train_01929,139,Hyundai Azera Sedan 2012,images/train/train_01929.jpg
train_01930,14,Audi R8 Coupe 2012,images/train/train_01930.jpg
train_01931,14,Audi R8 Coupe 2012,images/train/train_01931.jpg
train_01932,14,Audi R8 Coupe 2012,images/train/train_01932.jpg
train_01933,14,Audi R8 Coupe 2012,images/train/train_01933.jpg
train_01934,14,Audi R8 Coupe 2012,images/train/train_01934.jpg
train_01935,14,Audi R8 Coupe 2012,images/train/train_01935.jpg
train_01936,14,Audi R8 Coupe 2012,images/train/train_01936.jpg
train_01937,14,Audi R8 Coupe 2012,images/train/train_01937.jpg
train_01938,14,Audi R8 Coupe 2012,images/train/train_01938.jpg
train_01939,14,Audi R8 Coupe 2012,images/train/train_01939.jpg
train_01940,14,Audi R8 Coupe 2012,images/train/train_01940.jpg
train_01941,14,Audi R8 Coupe 2012,images/train/train_01941.jpg
train_01942,14,Audi R8 Coupe 2012,images/train/train_01942.jpg
train_01943,14,Audi R8 Coupe 2012,images/train/train_01943.jpg
train_01944,14,Audi R8 Coupe 2012,images/train/train_01944.jpg
train_01945,14,Audi R8 Coupe 2012,images/train/train_01945.jpg
train_01946,14,Audi R8 Coupe 2012,images/train/train_01946.jpg
train_01947,14,Audi R8 Coupe 2012,images/train/train_01947.jpg
train_01948,14,Audi R8 Coupe 2012,images/train/train_01948.jpg
train_01949,14,Audi R8 Coupe 2012,images/train/train_01949.jpg
train_01954,14,Audi R8 Coupe 2012,images/train/train_01954.jpg
train_01955,14,Audi R8 Coupe 2012,images/train/train_01955.jpg
train_01956,14,Audi R8 Coupe 2012,images/train/train_01956.jpg
train_01958,14,Audi R8 Coupe 2012,images/train/train_01958.jpg
train_01959,14,Audi R8 Coupe 2012,images/train/train_01959.jpg
train_01961,14,Audi R8 Coupe 2012,images/train/train_01961.jpg
train_01962,14,Audi R8 Coupe 2012,images/train/train_01962.jpg
train_01963,14,Audi R8 Coupe 2012,images/train/train_01963.jpg
train_01964,14,Audi R8 Coupe 2012,images/train/train_01964.jpg
train_01965,14,Audi R8 Coupe 2012,images/train/train_01965.jpg
train_01966,14,Audi R8 Coupe 2012,images/train/train_01966.jpg
train_01967,14,Audi R8 Coupe 2012,images/train/train_01967.jpg
train_01968,14,Audi R8 Coupe 2012,images/train/train_01968.jpg
train_01969,14,Audi R8 Coupe 2012,images/train/train_01969.jpg
train_01970,14,Audi R8 Coupe 2012,images/train/train_01970.jpg
train_01971,14,Audi R8 Coupe 2012,images/train/train_01971.jpg
train_01972,14,Audi R8 Coupe 2012,images/train/train_01972.jpg
train_01973,140,Infiniti G Coupe IPL 2012,images/train/train_01973.jpg
train_01974,140,Infiniti G Coupe IPL 2012,images/train/train_01974.jpg
train_01975,140,Infiniti G Coupe IPL 2012,images/train/train_01975.jpg
train_01976,140,Infiniti G Coupe IPL 2012,images/train/train_01976.jpg
train_01978,140,Infiniti G Coupe IPL 2012,images/train/train_01978.jpg
train_01979,140,Infiniti G Coupe IPL 2012,images/train/train_01979.jpg
train_01980,140,Infiniti G Coupe IPL 2012,images/train/train_01980.jpg
train_01981,140,Infiniti G Coupe IPL 2012,images/train/train_01981.jpg
train_01982,140,Infiniti G Coupe IPL 2012,images/train/train_01982.jpg
train_01983,140,Infiniti G Coupe IPL 2012,images/train/train_01983.jpg
train_01984,140,Infiniti G Coupe IPL 2012,images/train/train_01984.jpg
train_01985,140,Infiniti G Coupe IPL 2012,images/train/train_01985.jpg
train_01986,140,Infiniti G Coupe IPL 2012,images/train/train_01986.jpg
train_01987,140,Infiniti G Coupe IPL 2012,images/train/train_01987.jpg
train_01988,140,Infiniti G Coupe IPL 2012,images/train/train_01988.jpg
train_01989,140,Infiniti G Coupe IPL 2012,images/train/train_01989.jpg
train_01990,140,Infiniti G Coupe IPL 2012,images/train/train_01990.jpg
train_01991,140,Infiniti G Coupe IPL 2012,images/train/train_01991.jpg
train_01992,140,Infiniti G Coupe IPL 2012,images/train/train_01992.jpg
train_01993,140,Infiniti G Coupe IPL 2012,images/train/train_01993.jpg
train_01995,140,Infiniti G Coupe IPL 2012,images/train/train_01995.jpg
train_01996,140,Infiniti G Coupe IPL 2012,images/train/train_01996.jpg
train_01999,140,Infiniti G Coupe IPL 2012,images/train/train_01999.jpg
train_02000,140,Infiniti G Coupe IPL 2012,images/train/train_02000.jpg
train_02001,140,Infiniti G Coupe IPL 2012,images/train/train_02001.jpg
train_02003,140,Infiniti G Coupe IPL 2012,images/train/train_02003.jpg
train_02004,140,Infiniti G Coupe IPL 2012,images/train/train_02004.jpg
train_02005,140,Infiniti G Coupe IPL 2012,images/train/train_02005.jpg
train_02006,140,Infiniti G Coupe IPL 2012,images/train/train_02006.jpg
train_02007,141,Infiniti QX56 SUV 2011,images/train/train_02007.jpg
train_02008,141,Infiniti QX56 SUV 2011,images/train/train_02008.jpg
train_02009,141,Infiniti QX56 SUV 2011,images/train/train_02009.jpg
train_02010,141,Infiniti QX56 SUV 2011,images/train/train_02010.jpg
train_02011,141,Infiniti QX56 SUV 2011,images/train/train_02011.jpg
train_02013,141,Infiniti QX56 SUV 2011,images/train/train_02013.jpg
train_02015,141,Infiniti QX56 SUV 2011,images/train/train_02015.jpg
train_02016,141,Infiniti QX56 SUV 2011,images/train/train_02016.jpg
train_02019,141,Infiniti QX56 SUV 2011,images/train/train_02019.jpg
train_02020,141,Infiniti QX56 SUV 2011,images/train/train_02020.jpg
train_02021,141,Infiniti QX56 SUV 2011,images/train/train_02021.jpg
train_02022,141,Infiniti QX56 SUV 2011,images/train/train_02022.jpg
train_02023,141,Infiniti QX56 SUV 2011,images/train/train_02023.jpg
train_02024,141,Infiniti QX56 SUV 2011,images/train/train_02024.jpg
train_02025,141,Infiniti QX56 SUV 2011,images/train/train_02025.jpg
train_02026,141,Infiniti QX56 SUV 2011,images/train/train_02026.jpg
train_02027,141,Infiniti QX56 SUV 2011,images/train/train_02027.jpg
train_02028,141,Infiniti QX56 SUV 2011,images/train/train_02028.jpg
train_02029,141,Infiniti QX56 SUV 2011,images/train/train_02029.jpg
train_02030,141,Infiniti QX56 SUV 2011,images/train/train_02030.jpg
train_02031,141,Infiniti QX56 SUV 2011,images/train/train_02031.jpg
train_02032,141,Infiniti QX56 SUV 2011,images/train/train_02032.jpg
train_02033,141,Infiniti QX56 SUV 2011,images/train/train_02033.jpg
train_02034,141,Infiniti QX56 SUV 2011,images/train/train_02034.jpg
train_02035,141,Infiniti QX56 SUV 2011,images/train/train_02035.jpg
train_02036,141,Infiniti QX56 SUV 2011,images/train/train_02036.jpg
train_02038,141,Infiniti QX56 SUV 2011,images/train/train_02038.jpg
train_02039,141,Infiniti QX56 SUV 2011,images/train/train_02039.jpg
train_02040,142,Isuzu Ascender SUV 2008,images/train/train_02040.jpg
train_02041,142,Isuzu Ascender SUV 2008,images/train/train_02041.jpg
train_02042,142,Isuzu Ascender SUV 2008,images/train/train_02042.jpg
train_02043,142,Isuzu Ascender SUV 2008,images/train/train_02043.jpg
train_02044,142,Isuzu Ascender SUV 2008,images/train/train_02044.jpg
train_02045,142,Isuzu Ascender SUV 2008,images/train/train_02045.jpg
train_02047,142,Isuzu Ascender SUV 2008,images/train/train_02047.jpg
train_02049,142,Isuzu Ascender SUV 2008,images/train/train_02049.jpg
train_02050,142,Isuzu Ascender SUV 2008,images/train/train_02050.jpg
train_02051,142,Isuzu Ascender SUV 2008,images/train/train_02051.jpg
train_02052,142,Isuzu Ascender SUV 2008,images/train/train_02052.jpg
train_02053,142,Isuzu Ascender SUV 2008,images/train/train_02053.jpg
train_02054,142,Isuzu Ascender SUV 2008,images/train/train_02054.jpg
train_02055,142,Isuzu Ascender SUV 2008,images/train/train_02055.jpg
train_02056,142,Isuzu Ascender SUV 2008,images/train/train_02056.jpg
train_02057,142,Isuzu Ascender SUV 2008,images/train/train_02057.jpg
train_02058,142,Isuzu Ascender SUV 2008,images/train/train_02058.jpg
train_02060,142,Isuzu Ascender SUV 2008,images/train/train_02060.jpg
train_02061,142,Isuzu Ascender SUV 2008,images/train/train_02061.jpg
train_02062,142,Isuzu Ascender SUV 2008,images/train/train_02062.jpg
train_02063,142,Isuzu Ascender SUV 2008,images/train/train_02063.jpg
train_02066,142,Isuzu Ascender SUV 2008,images/train/train_02066.jpg
train_02068,142,Isuzu Ascender SUV 2008,images/train/train_02068.jpg
train_02069,142,Isuzu Ascender SUV 2008,images/train/train_02069.jpg
train_02070,142,Isuzu Ascender SUV 2008,images/train/train_02070.jpg
train_02071,142,Isuzu Ascender SUV 2008,images/train/train_02071.jpg
train_02072,142,Isuzu Ascender SUV 2008,images/train/train_02072.jpg
train_02073,142,Isuzu Ascender SUV 2008,images/train/train_02073.jpg
train_02074,142,Isuzu Ascender SUV 2008,images/train/train_02074.jpg
train_02075,142,Isuzu Ascender SUV 2008,images/train/train_02075.jpg
train_02076,142,Isuzu Ascender SUV 2008,images/train/train_02076.jpg
train_02077,142,Isuzu Ascender SUV 2008,images/train/train_02077.jpg
train_02078,142,Isuzu Ascender SUV 2008,images/train/train_02078.jpg
train_02079,142,Isuzu Ascender SUV 2008,images/train/train_02079.jpg
train_02080,143,Jaguar XK XKR 2012,images/train/train_02080.jpg
train_02082,143,Jaguar XK XKR 2012,images/train/train_02082.jpg
train_02083,143,Jaguar XK XKR 2012,images/train/train_02083.jpg
train_02084,143,Jaguar XK XKR 2012,images/train/train_02084.jpg
train_02085,143,Jaguar XK XKR 2012,images/train/train_02085.jpg
train_02086,143,Jaguar XK XKR 2012,images/train/train_02086.jpg
train_02087,143,Jaguar XK XKR 2012,images/train/train_02087.jpg
train_02088,143,Jaguar XK XKR 2012,images/train/train_02088.jpg
train_02089,143,Jaguar XK XKR 2012,images/train/train_02089.jpg
train_02090,143,Jaguar XK XKR 2012,images/train/train_02090.jpg
train_02091,143,Jaguar XK XKR 2012,images/train/train_02091.jpg
train_02093,143,Jaguar XK XKR 2012,images/train/train_02093.jpg
train_02095,143,Jaguar XK XKR 2012,images/train/train_02095.jpg
train_02096,143,Jaguar XK XKR 2012,images/train/train_02096.jpg
train_02097,143,Jaguar XK XKR 2012,images/train/train_02097.jpg
train_02098,143,Jaguar XK XKR 2012,images/train/train_02098.jpg
train_02099,143,Jaguar XK XKR 2012,images/train/train_02099.jpg
train_02100,143,Jaguar XK XKR 2012,images/train/train_02100.jpg
train_02101,143,Jaguar XK XKR 2012,images/train/train_02101.jpg
train_02103,143,Jaguar XK XKR 2012,images/train/train_02103.jpg
train_02104,143,Jaguar XK XKR 2012,images/train/train_02104.jpg
train_02105,143,Jaguar XK XKR 2012,images/train/train_02105.jpg
train_02106,143,Jaguar XK XKR 2012,images/train/train_02106.jpg
train_02107,143,Jaguar XK XKR 2012,images/train/train_02107.jpg
train_02108,143,Jaguar XK XKR 2012,images/train/train_02108.jpg
train_02109,143,Jaguar XK XKR 2012,images/train/train_02109.jpg
train_02111,143,Jaguar XK XKR 2012,images/train/train_02111.jpg
train_02113,143,Jaguar XK XKR 2012,images/train/train_02113.jpg
train_02114,143,Jaguar XK XKR 2012,images/train/train_02114.jpg
train_02115,143,Jaguar XK XKR 2012,images/train/train_02115.jpg
train_02116,143,Jaguar XK XKR 2012,images/train/train_02116.jpg
train_02117,143,Jaguar XK XKR 2012,images/train/train_02117.jpg
train_02118,143,Jaguar XK XKR 2012,images/train/train_02118.jpg
train_02119,143,Jaguar XK XKR 2012,images/train/train_02119.jpg
train_02120,143,Jaguar XK XKR 2012,images/train/train_02120.jpg
train_02121,143,Jaguar XK XKR 2012,images/train/train_02121.jpg
train_02122,143,Jaguar XK XKR 2012,images/train/train_02122.jpg
train_02124,143,Jaguar XK XKR 2012,images/train/train_02124.jpg
train_02125,143,Jaguar XK XKR 2012,images/train/train_02125.jpg
train_02126,143,Jaguar XK XKR 2012,images/train/train_02126.jpg
train_02127,144,Jeep Patriot SUV 2012,images/train/train_02127.jpg
train_02128,144,Jeep Patriot SUV 2012,images/train/train_02128.jpg
train_02132,144,Jeep Patriot SUV 2012,images/train/train_02132.jpg
train_02133,144,Jeep Patriot SUV 2012,images/train/train_02133.jpg
train_02134,144,Jeep Patriot SUV 2012,images/train/train_02134.jpg
train_02136,144,Jeep Patriot SUV 2012,images/train/train_02136.jpg
train_02137,144,Jeep Patriot SUV 2012,images/train/train_02137.jpg
train_02138,144,Jeep Patriot SUV 2012,images/train/train_02138.jpg
train_02139,144,Jeep Patriot SUV 2012,images/train/train_02139.jpg
train_02140,144,Jeep Patriot SUV 2012,images/train/train_02140.jpg
train_02141,144,Jeep Patriot SUV 2012,images/train/train_02141.jpg
train_02142,144,Jeep Patriot SUV 2012,images/train/train_02142.jpg
train_02143,144,Jeep Patriot SUV 2012,images/train/train_02143.jpg
train_02144,144,Jeep Patriot SUV 2012,images/train/train_02144.jpg
train_02146,144,Jeep Patriot SUV 2012,images/train/train_02146.jpg
train_02147,144,Jeep Patriot SUV 2012,images/train/train_02147.jpg
train_02148,144,Jeep Patriot SUV 2012,images/train/train_02148.jpg
train_02149,144,Jeep Patriot SUV 2012,images/train/train_02149.jpg
train_02150,144,Jeep Patriot SUV 2012,images/train/train_02150.jpg
train_02151,144,Jeep Patriot SUV 2012,images/train/train_02151.jpg
train_02152,144,Jeep Patriot SUV 2012,images/train/train_02152.jpg
train_02153,144,Jeep Patriot SUV 2012,images/train/train_02153.jpg
train_02154,144,Jeep Patriot SUV 2012,images/train/train_02154.jpg
train_02155,144,Jeep Patriot SUV 2012,images/train/train_02155.jpg
train_02157,144,Jeep Patriot SUV 2012,images/train/train_02157.jpg
train_02158,144,Jeep Patriot SUV 2012,images/train/train_02158.jpg
train_02159,144,Jeep Patriot SUV 2012,images/train/train_02159.jpg
train_02160,144,Jeep Patriot SUV 2012,images/train/train_02160.jpg
train_02161,144,Jeep Patriot SUV 2012,images/train/train_02161.jpg
train_02162,144,Jeep Patriot SUV 2012,images/train/train_02162.jpg
train_02163,144,Jeep Patriot SUV 2012,images/train/train_02163.jpg
train_02164,144,Jeep Patriot SUV 2012,images/train/train_02164.jpg
train_02165,144,Jeep Patriot SUV 2012,images/train/train_02165.jpg
train_02166,144,Jeep Patriot SUV 2012,images/train/train_02166.jpg
train_02168,144,Jeep Patriot SUV 2012,images/train/train_02168.jpg
train_02169,144,Jeep Patriot SUV 2012,images/train/train_02169.jpg
train_02170,144,Jeep Patriot SUV 2012,images/train/train_02170.jpg
train_02172,145,Jeep Wrangler SUV 2012,images/train/train_02172.jpg
train_02173,145,Jeep Wrangler SUV 2012,images/train/train_02173.jpg
train_02174,145,Jeep Wrangler SUV 2012,images/train/train_02174.jpg
train_02175,145,Jeep Wrangler SUV 2012,images/train/train_02175.jpg
train_02176,145,Jeep Wrangler SUV 2012,images/train/train_02176.jpg
train_02177,145,Jeep Wrangler SUV 2012,images/train/train_02177.jpg
train_02178,145,Jeep Wrangler SUV 2012,images/train/train_02178.jpg
train_02179,145,Jeep Wrangler SUV 2012,images/train/train_02179.jpg
train_02180,145,Jeep Wrangler SUV 2012,images/train/train_02180.jpg
train_02181,145,Jeep Wrangler SUV 2012,images/train/train_02181.jpg
train_02182,145,Jeep Wrangler SUV 2012,images/train/train_02182.jpg
train_02183,145,Jeep Wrangler SUV 2012,images/train/train_02183.jpg
train_02184,145,Jeep Wrangler SUV 2012,images/train/train_02184.jpg
train_02185,145,Jeep Wrangler SUV 2012,images/train/train_02185.jpg
train_02186,145,Jeep Wrangler SUV 2012,images/train/train_02186.jpg
train_02187,145,Jeep Wrangler SUV 2012,images/train/train_02187.jpg
train_02188,145,Jeep Wrangler SUV 2012,images/train/train_02188.jpg
train_02189,145,Jeep Wrangler SUV 2012,images/train/train_02189.jpg
train_02190,145,Jeep Wrangler SUV 2012,images/train/train_02190.jpg
train_02191,145,Jeep Wrangler SUV 2012,images/train/train_02191.jpg
train_02193,145,Jeep Wrangler SUV 2012,images/train/train_02193.jpg
train_02194,145,Jeep Wrangler SUV 2012,images/train/train_02194.jpg
train_02195,145,Jeep Wrangler SUV 2012,images/train/train_02195.jpg
train_02196,145,Jeep Wrangler SUV 2012,images/train/train_02196.jpg
train_02197,145,Jeep Wrangler SUV 2012,images/train/train_02197.jpg
train_02199,145,Jeep Wrangler SUV 2012,images/train/train_02199.jpg
train_02200,145,Jeep Wrangler SUV 2012,images/train/train_02200.jpg
train_02201,145,Jeep Wrangler SUV 2012,images/train/train_02201.jpg
train_02203,145,Jeep Wrangler SUV 2012,images/train/train_02203.jpg
train_02204,145,Jeep Wrangler SUV 2012,images/train/train_02204.jpg
train_02205,145,Jeep Wrangler SUV 2012,images/train/train_02205.jpg
train_02206,145,Jeep Wrangler SUV 2012,images/train/train_02206.jpg
train_02207,145,Jeep Wrangler SUV 2012,images/train/train_02207.jpg
train_02208,145,Jeep Wrangler SUV 2012,images/train/train_02208.jpg
train_02209,145,Jeep Wrangler SUV 2012,images/train/train_02209.jpg
train_02210,145,Jeep Wrangler SUV 2012,images/train/train_02210.jpg
train_02213,145,Jeep Wrangler SUV 2012,images/train/train_02213.jpg
train_02214,146,Jeep Liberty SUV 2012,images/train/train_02214.jpg
train_02215,146,Jeep Liberty SUV 2012,images/train/train_02215.jpg
train_02216,146,Jeep Liberty SUV 2012,images/train/train_02216.jpg
train_02217,146,Jeep Liberty SUV 2012,images/train/train_02217.jpg
train_02219,146,Jeep Liberty SUV 2012,images/train/train_02219.jpg
train_02220,146,Jeep Liberty SUV 2012,images/train/train_02220.jpg
train_02221,146,Jeep Liberty SUV 2012,images/train/train_02221.jpg
train_02222,146,Jeep Liberty SUV 2012,images/train/train_02222.jpg
train_02223,146,Jeep Liberty SUV 2012,images/train/train_02223.jpg
train_02224,146,Jeep Liberty SUV 2012,images/train/train_02224.jpg
train_02225,146,Jeep Liberty SUV 2012,images/train/train_02225.jpg
train_02226,146,Jeep Liberty SUV 2012,images/train/train_02226.jpg
train_02228,146,Jeep Liberty SUV 2012,images/train/train_02228.jpg
train_02229,146,Jeep Liberty SUV 2012,images/train/train_02229.jpg
train_02230,146,Jeep Liberty SUV 2012,images/train/train_02230.jpg
train_02231,146,Jeep Liberty SUV 2012,images/train/train_02231.jpg
train_02232,146,Jeep Liberty SUV 2012,images/train/train_02232.jpg
train_02233,146,Jeep Liberty SUV 2012,images/train/train_02233.jpg
train_02234,146,Jeep Liberty SUV 2012,images/train/train_02234.jpg
train_02236,146,Jeep Liberty SUV 2012,images/train/train_02236.jpg
train_02237,146,Jeep Liberty SUV 2012,images/train/train_02237.jpg
train_02238,146,Jeep Liberty SUV 2012,images/train/train_02238.jpg
train_02239,146,Jeep Liberty SUV 2012,images/train/train_02239.jpg
train_02240,146,Jeep Liberty SUV 2012,images/train/train_02240.jpg
train_02242,146,Jeep Liberty SUV 2012,images/train/train_02242.jpg
train_02243,146,Jeep Liberty SUV 2012,images/train/train_02243.jpg
train_02244,146,Jeep Liberty SUV 2012,images/train/train_02244.jpg
train_02245,146,Jeep Liberty SUV 2012,images/train/train_02245.jpg
train_02246,146,Jeep Liberty SUV 2012,images/train/train_02246.jpg
train_02247,146,Jeep Liberty SUV 2012,images/train/train_02247.jpg
train_02249,146,Jeep Liberty SUV 2012,images/train/train_02249.jpg
train_02250,146,Jeep Liberty SUV 2012,images/train/train_02250.jpg
train_02251,146,Jeep Liberty SUV 2012,images/train/train_02251.jpg
train_02252,146,Jeep Liberty SUV 2012,images/train/train_02252.jpg
train_02253,146,Jeep Liberty SUV 2012,images/train/train_02253.jpg
train_02254,146,Jeep Liberty SUV 2012,images/train/train_02254.jpg
train_02255,146,Jeep Liberty SUV 2012,images/train/train_02255.jpg
train_02256,146,Jeep Liberty SUV 2012,images/train/train_02256.jpg
train_02259,147,Jeep Grand Cherokee SUV 2012,images/train/train_02259.jpg
train_02260,147,Jeep Grand Cherokee SUV 2012,images/train/train_02260.jpg
train_02261,147,Jeep Grand Cherokee SUV 2012,images/train/train_02261.jpg
train_02262,147,Jeep Grand Cherokee SUV 2012,images/train/train_02262.jpg
train_02265,147,Jeep Grand Cherokee SUV 2012,images/train/train_02265.jpg
train_02266,147,Jeep Grand Cherokee SUV 2012,images/train/train_02266.jpg
train_02267,147,Jeep Grand Cherokee SUV 2012,images/train/train_02267.jpg
train_02269,147,Jeep Grand Cherokee SUV 2012,images/train/train_02269.jpg
train_02270,147,Jeep Grand Cherokee SUV 2012,images/train/train_02270.jpg
train_02271,147,Jeep Grand Cherokee SUV 2012,images/train/train_02271.jpg
train_02272,147,Jeep Grand Cherokee SUV 2012,images/train/train_02272.jpg
train_02273,147,Jeep Grand Cherokee SUV 2012,images/train/train_02273.jpg
train_02275,147,Jeep Grand Cherokee SUV 2012,images/train/train_02275.jpg
train_02276,147,Jeep Grand Cherokee SUV 2012,images/train/train_02276.jpg
train_02277,147,Jeep Grand Cherokee SUV 2012,images/train/train_02277.jpg
train_02278,147,Jeep Grand Cherokee SUV 2012,images/train/train_02278.jpg
train_02279,147,Jeep Grand Cherokee SUV 2012,images/train/train_02279.jpg
train_02280,147,Jeep Grand Cherokee SUV 2012,images/train/train_02280.jpg
train_02281,147,Jeep Grand Cherokee SUV 2012,images/train/train_02281.jpg
train_02282,147,Jeep Grand Cherokee SUV 2012,images/train/train_02282.jpg
train_02283,147,Jeep Grand Cherokee SUV 2012,images/train/train_02283.jpg
train_02284,147,Jeep Grand Cherokee SUV 2012,images/train/train_02284.jpg
train_02285,147,Jeep Grand Cherokee SUV 2012,images/train/train_02285.jpg
train_02286,147,Jeep Grand Cherokee SUV 2012,images/train/train_02286.jpg
train_02287,147,Jeep Grand Cherokee SUV 2012,images/train/train_02287.jpg
train_02289,147,Jeep Grand Cherokee SUV 2012,images/train/train_02289.jpg
train_02290,147,Jeep Grand Cherokee SUV 2012,images/train/train_02290.jpg
train_02291,147,Jeep Grand Cherokee SUV 2012,images/train/train_02291.jpg
train_02292,147,Jeep Grand Cherokee SUV 2012,images/train/train_02292.jpg
train_02293,147,Jeep Grand Cherokee SUV 2012,images/train/train_02293.jpg
train_02294,147,Jeep Grand Cherokee SUV 2012,images/train/train_02294.jpg
train_02296,147,Jeep Grand Cherokee SUV 2012,images/train/train_02296.jpg
train_02297,147,Jeep Grand Cherokee SUV 2012,images/train/train_02297.jpg
train_02298,147,Jeep Grand Cherokee SUV 2012,images/train/train_02298.jpg
train_02299,147,Jeep Grand Cherokee SUV 2012,images/train/train_02299.jpg
train_02300,147,Jeep Grand Cherokee SUV 2012,images/train/train_02300.jpg
train_02302,147,Jeep Grand Cherokee SUV 2012,images/train/train_02302.jpg
train_02303,147,Jeep Grand Cherokee SUV 2012,images/train/train_02303.jpg
train_02305,148,Jeep Compass SUV 2012,images/train/train_02305.jpg
train_02306,148,Jeep Compass SUV 2012,images/train/train_02306.jpg
train_02307,148,Jeep Compass SUV 2012,images/train/train_02307.jpg
train_02308,148,Jeep Compass SUV 2012,images/train/train_02308.jpg
train_02309,148,Jeep Compass SUV 2012,images/train/train_02309.jpg
train_02310,148,Jeep Compass SUV 2012,images/train/train_02310.jpg
train_02311,148,Jeep Compass SUV 2012,images/train/train_02311.jpg
train_02313,148,Jeep Compass SUV 2012,images/train/train_02313.jpg
train_02314,148,Jeep Compass SUV 2012,images/train/train_02314.jpg
train_02315,148,Jeep Compass SUV 2012,images/train/train_02315.jpg
train_02316,148,Jeep Compass SUV 2012,images/train/train_02316.jpg
train_02317,148,Jeep Compass SUV 2012,images/train/train_02317.jpg
train_02319,148,Jeep Compass SUV 2012,images/train/train_02319.jpg
train_02320,148,Jeep Compass SUV 2012,images/train/train_02320.jpg
train_02321,148,Jeep Compass SUV 2012,images/train/train_02321.jpg
train_02322,148,Jeep Compass SUV 2012,images/train/train_02322.jpg
train_02323,148,Jeep Compass SUV 2012,images/train/train_02323.jpg
train_02324,148,Jeep Compass SUV 2012,images/train/train_02324.jpg
train_02325,148,Jeep Compass SUV 2012,images/train/train_02325.jpg
train_02326,148,Jeep Compass SUV 2012,images/train/train_02326.jpg
train_02327,148,Jeep Compass SUV 2012,images/train/train_02327.jpg
train_02328,148,Jeep Compass SUV 2012,images/train/train_02328.jpg
train_02329,148,Jeep Compass SUV 2012,images/train/train_02329.jpg
train_02330,148,Jeep Compass SUV 2012,images/train/train_02330.jpg
train_02331,148,Jeep Compass SUV 2012,images/train/train_02331.jpg
train_02332,148,Jeep Compass SUV 2012,images/train/train_02332.jpg
train_02334,148,Jeep Compass SUV 2012,images/train/train_02334.jpg
train_02336,148,Jeep Compass SUV 2012,images/train/train_02336.jpg
train_02337,148,Jeep Compass SUV 2012,images/train/train_02337.jpg
train_02338,148,Jeep Compass SUV 2012,images/train/train_02338.jpg
train_02339,148,Jeep Compass SUV 2012,images/train/train_02339.jpg
train_02340,148,Jeep Compass SUV 2012,images/train/train_02340.jpg
train_02341,148,Jeep Compass SUV 2012,images/train/train_02341.jpg
train_02342,148,Jeep Compass SUV 2012,images/train/train_02342.jpg
train_02344,148,Jeep Compass SUV 2012,images/train/train_02344.jpg
train_02345,148,Jeep Compass SUV 2012,images/train/train_02345.jpg
train_02346,148,Jeep Compass SUV 2012,images/train/train_02346.jpg
train_02348,149,Lamborghini Reventon Coupe 2008,images/train/train_02348.jpg
train_02350,149,Lamborghini Reventon Coupe 2008,images/train/train_02350.jpg
train_02351,149,Lamborghini Reventon Coupe 2008,images/train/train_02351.jpg
train_02352,149,Lamborghini Reventon Coupe 2008,images/train/train_02352.jpg
train_02353,149,Lamborghini Reventon Coupe 2008,images/train/train_02353.jpg
train_02354,149,Lamborghini Reventon Coupe 2008,images/train/train_02354.jpg
train_02355,149,Lamborghini Reventon Coupe 2008,images/train/train_02355.jpg
train_02356,149,Lamborghini Reventon Coupe 2008,images/train/train_02356.jpg
train_02357,149,Lamborghini Reventon Coupe 2008,images/train/train_02357.jpg
train_02358,149,Lamborghini Reventon Coupe 2008,images/train/train_02358.jpg
train_02359,149,Lamborghini Reventon Coupe 2008,images/train/train_02359.jpg
train_02360,149,Lamborghini Reventon Coupe 2008,images/train/train_02360.jpg
train_02362,149,Lamborghini Reventon Coupe 2008,images/train/train_02362.jpg
train_02363,149,Lamborghini Reventon Coupe 2008,images/train/train_02363.jpg
train_02364,149,Lamborghini Reventon Coupe 2008,images/train/train_02364.jpg
train_02365,149,Lamborghini Reventon Coupe 2008,images/train/train_02365.jpg
train_02366,149,Lamborghini Reventon Coupe 2008,images/train/train_02366.jpg
train_02368,149,Lamborghini Reventon Coupe 2008,images/train/train_02368.jpg
train_02369,149,Lamborghini Reventon Coupe 2008,images/train/train_02369.jpg
train_02370,149,Lamborghini Reventon Coupe 2008,images/train/train_02370.jpg
train_02371,149,Lamborghini Reventon Coupe 2008,images/train/train_02371.jpg
train_02372,149,Lamborghini Reventon Coupe 2008,images/train/train_02372.jpg
train_02373,149,Lamborghini Reventon Coupe 2008,images/train/train_02373.jpg
train_02374,149,Lamborghini Reventon Coupe 2008,images/train/train_02374.jpg
train_02375,149,Lamborghini Reventon Coupe 2008,images/train/train_02375.jpg
train_02376,149,Lamborghini Reventon Coupe 2008,images/train/train_02376.jpg
train_02377,149,Lamborghini Reventon Coupe 2008,images/train/train_02377.jpg
train_02379,149,Lamborghini Reventon Coupe 2008,images/train/train_02379.jpg
train_02380,149,Lamborghini Reventon Coupe 2008,images/train/train_02380.jpg
train_02381,149,Lamborghini Reventon Coupe 2008,images/train/train_02381.jpg
train_02382,149,Lamborghini Reventon Coupe 2008,images/train/train_02382.jpg
train_02384,15,Audi V8 Sedan 1994,images/train/train_02384.jpg
train_02385,15,Audi V8 Sedan 1994,images/train/train_02385.jpg
train_02386,15,Audi V8 Sedan 1994,images/train/train_02386.jpg
train_02387,15,Audi V8 Sedan 1994,images/train/train_02387.jpg
train_02389,15,Audi V8 Sedan 1994,images/train/train_02389.jpg
train_02390,15,Audi V8 Sedan 1994,images/train/train_02390.jpg
train_02391,15,Audi V8 Sedan 1994,images/train/train_02391.jpg
train_02392,15,Audi V8 Sedan 1994,images/train/train_02392.jpg
train_02393,15,Audi V8 Sedan 1994,images/train/train_02393.jpg
train_02394,15,Audi V8 Sedan 1994,images/train/train_02394.jpg
train_02395,15,Audi V8 Sedan 1994,images/train/train_02395.jpg
train_02396,15,Audi V8 Sedan 1994,images/train/train_02396.jpg
train_02397,15,Audi V8 Sedan 1994,images/train/train_02397.jpg
train_02398,15,Audi V8 Sedan 1994,images/train/train_02398.jpg
train_02400,15,Audi V8 Sedan 1994,images/train/train_02400.jpg
train_02401,15,Audi V8 Sedan 1994,images/train/train_02401.jpg
train_02402,15,Audi V8 Sedan 1994,images/train/train_02402.jpg
train_02403,15,Audi V8 Sedan 1994,images/train/train_02403.jpg
train_02406,15,Audi V8 Sedan 1994,images/train/train_02406.jpg
train_02407,15,Audi V8 Sedan 1994,images/train/train_02407.jpg
train_02409,15,Audi V8 Sedan 1994,images/train/train_02409.jpg
train_02410,15,Audi V8 Sedan 1994,images/train/train_02410.jpg
train_02411,15,Audi V8 Sedan 1994,images/train/train_02411.jpg
train_02412,15,Audi V8 Sedan 1994,images/train/train_02412.jpg
train_02413,15,Audi V8 Sedan 1994,images/train/train_02413.jpg
train_02414,15,Audi V8 Sedan 1994,images/train/train_02414.jpg
train_02415,15,Audi V8 Sedan 1994,images/train/train_02415.jpg
train_02416,15,Audi V8 Sedan 1994,images/train/train_02416.jpg
train_02417,15,Audi V8 Sedan 1994,images/train/train_02417.jpg
train_02418,15,Audi V8 Sedan 1994,images/train/train_02418.jpg
train_02419,15,Audi V8 Sedan 1994,images/train/train_02419.jpg
train_02420,15,Audi V8 Sedan 1994,images/train/train_02420.jpg
train_02421,15,Audi V8 Sedan 1994,images/train/train_02421.jpg
train_02422,15,Audi V8 Sedan 1994,images/train/train_02422.jpg
train_02423,15,Audi V8 Sedan 1994,images/train/train_02423.jpg
train_02424,15,Audi V8 Sedan 1994,images/train/train_02424.jpg
train_02426,15,Audi V8 Sedan 1994,images/train/train_02426.jpg
train_02427,150,Lamborghini Aventador Coupe 2012,images/train/train_02427.jpg
train_02428,150,Lamborghini Aventador Coupe 2012,images/train/train_02428.jpg
train_02429,150,Lamborghini Aventador Coupe 2012,images/train/train_02429.jpg
train_02430,150,Lamborghini Aventador Coupe 2012,images/train/train_02430.jpg
train_02431,150,Lamborghini Aventador Coupe 2012,images/train/train_02431.jpg
train_02432,150,Lamborghini Aventador Coupe 2012,images/train/train_02432.jpg
train_02433,150,Lamborghini Aventador Coupe 2012,images/train/train_02433.jpg
train_02434,150,Lamborghini Aventador Coupe 2012,images/train/train_02434.jpg
train_02435,150,Lamborghini Aventador Coupe 2012,images/train/train_02435.jpg
train_02436,150,Lamborghini Aventador Coupe 2012,images/train/train_02436.jpg
train_02437,150,Lamborghini Aventador Coupe 2012,images/train/train_02437.jpg
train_02438,150,Lamborghini Aventador Coupe 2012,images/train/train_02438.jpg
train_02439,150,Lamborghini Aventador Coupe 2012,images/train/train_02439.jpg
train_02440,150,Lamborghini Aventador Coupe 2012,images/train/train_02440.jpg
train_02442,150,Lamborghini Aventador Coupe 2012,images/train/train_02442.jpg
train_02443,150,Lamborghini Aventador Coupe 2012,images/train/train_02443.jpg
train_02445,150,Lamborghini Aventador Coupe 2012,images/train/train_02445.jpg
train_02446,150,Lamborghini Aventador Coupe 2012,images/train/train_02446.jpg
train_02447,150,Lamborghini Aventador Coupe 2012,images/train/train_02447.jpg
train_02448,150,Lamborghini Aventador Coupe 2012,images/train/train_02448.jpg
train_02450,150,Lamborghini Aventador Coupe 2012,images/train/train_02450.jpg
train_02452,150,Lamborghini Aventador Coupe 2012,images/train/train_02452.jpg
train_02453,150,Lamborghini Aventador Coupe 2012,images/train/train_02453.jpg
train_02455,150,Lamborghini Aventador Coupe 2012,images/train/train_02455.jpg
train_02456,150,Lamborghini Aventador Coupe 2012,images/train/train_02456.jpg
train_02457,150,Lamborghini Aventador Coupe 2012,images/train/train_02457.jpg
train_02458,150,Lamborghini Aventador Coupe 2012,images/train/train_02458.jpg
train_02459,150,Lamborghini Aventador Coupe 2012,images/train/train_02459.jpg
train_02460,150,Lamborghini Aventador Coupe 2012,images/train/train_02460.jpg
train_02461,150,Lamborghini Aventador Coupe 2012,images/train/train_02461.jpg
train_02462,150,Lamborghini Aventador Coupe 2012,images/train/train_02462.jpg
train_02463,150,Lamborghini Aventador Coupe 2012,images/train/train_02463.jpg
train_02464,150,Lamborghini Aventador Coupe 2012,images/train/train_02464.jpg
train_02466,150,Lamborghini Aventador Coupe 2012,images/train/train_02466.jpg
train_02468,150,Lamborghini Aventador Coupe 2012,images/train/train_02468.jpg
train_02469,150,Lamborghini Aventador Coupe 2012,images/train/train_02469.jpg
train_02470,150,Lamborghini Aventador Coupe 2012,images/train/train_02470.jpg
train_02472,151,Lamborghini Gallardo LP 570-4 Superleggera 2012,images/train/train_02472.jpg
train_02473,151,Lamborghini Gallardo LP 570-4 Superleggera 2012,images/train/train_02473.jpg
train_02474,151,Lamborghini Gallardo LP 570-4 Superleggera 2012,images/train/train_02474.jpg
train_02475,151,Lamborghini Gallardo LP 570-4 Superleggera 2012,images/train/train_02475.jpg
train_02476,151,Lamborghini Gallardo LP 570-4 Superleggera 2012,images/train/train_02476.jpg
train_02477,151,Lamborghini Gallardo LP 570-4 Superleggera 2012,images/train/train_02477.jpg
train_02478,151,Lamborghini Gallardo LP 570-4 Superleggera 2012,images/train/train_02478.jpg
train_02479,151,Lamborghini Gallardo LP 570-4 Superleggera 2012,images/train/train_02479.jpg
train_02480,151,Lamborghini Gallardo LP 570-4 Superleggera 2012,images/train/train_02480.jpg
train_02482,151,Lamborghini Gallardo LP 570-4 Superleggera 2012,images/train/train_02482.jpg
train_02483,151,Lamborghini Gallardo LP 570-4 Superleggera 2012,images/train/train_02483.jpg
train_02485,151,Lamborghini Gallardo LP 570-4 Superleggera 2012,images/train/train_02485.jpg
train_02486,151,Lamborghini Gallardo LP 570-4 Superleggera 2012,images/train/train_02486.jpg
train_02487,151,Lamborghini Gallardo LP 570-4 Superleggera 2012,images/train/train_02487.jpg
train_02488,151,Lamborghini Gallardo LP 570-4 Superleggera 2012,images/train/train_02488.jpg
train_02489,151,Lamborghini Gallardo LP 570-4 Superleggera 2012,images/train/train_02489.jpg
train_02490,151,Lamborghini Gallardo LP 570-4 Superleggera 2012,images/train/train_02490.jpg
train_02491,151,Lamborghini Gallardo LP 570-4 Superleggera 2012,images/train/train_02491.jpg
train_02492,151,Lamborghini Gallardo LP 570-4 Superleggera 2012,images/train/train_02492.jpg
train_02493,151,Lamborghini Gallardo LP 570-4 Superleggera 2012,images/train/train_02493.jpg
train_02494,151,Lamborghini Gallardo LP 570-4 Superleggera 2012,images/train/train_02494.jpg
train_02495,151,Lamborghini Gallardo LP 570-4 Superleggera 2012,images/train/train_02495.jpg
train_02496,151,Lamborghini Gallardo LP 570-4 Superleggera 2012,images/train/train_02496.jpg
train_02497,151,Lamborghini Gallardo LP 570-4 Superleggera 2012,images/train/train_02497.jpg
train_02498,151,Lamborghini Gallardo LP 570-4 Superleggera 2012,images/train/train_02498.jpg
train_02499,151,Lamborghini Gallardo LP 570-4 Superleggera 2012,images/train/train_02499.jpg
train_02500,151,Lamborghini Gallardo LP 570-4 Superleggera 2012,images/train/train_02500.jpg
train_02501,151,Lamborghini Gallardo LP 570-4 Superleggera 2012,images/train/train_02501.jpg
train_02502,151,Lamborghini Gallardo LP 570-4 Superleggera 2012,images/train/train_02502.jpg
train_02504,151,Lamborghini Gallardo LP 570-4 Superleggera 2012,images/train/train_02504.jpg
train_02505,151,Lamborghini Gallardo LP 570-4 Superleggera 2012,images/train/train_02505.jpg
train_02507,152,Lamborghini Diablo Coupe 2001,images/train/train_02507.jpg
train_02508,152,Lamborghini Diablo Coupe 2001,images/train/train_02508.jpg
train_02509,152,Lamborghini Diablo Coupe 2001,images/train/train_02509.jpg
train_02510,152,Lamborghini Diablo Coupe 2001,images/train/train_02510.jpg
train_02511,152,Lamborghini Diablo Coupe 2001,images/train/train_02511.jpg
train_02512,152,Lamborghini Diablo Coupe 2001,images/train/train_02512.jpg
train_02513,152,Lamborghini Diablo Coupe 2001,images/train/train_02513.jpg
train_02514,152,Lamborghini Diablo Coupe 2001,images/train/train_02514.jpg
train_02515,152,Lamborghini Diablo Coupe 2001,images/train/train_02515.jpg
train_02516,152,Lamborghini Diablo Coupe 2001,images/train/train_02516.jpg
train_02517,152,Lamborghini Diablo Coupe 2001,images/train/train_02517.jpg
train_02518,152,Lamborghini Diablo Coupe 2001,images/train/train_02518.jpg
train_02519,152,Lamborghini Diablo Coupe 2001,images/train/train_02519.jpg
train_02520,152,Lamborghini Diablo Coupe 2001,images/train/train_02520.jpg
train_02521,152,Lamborghini Diablo Coupe 2001,images/train/train_02521.jpg
train_02522,152,Lamborghini Diablo Coupe 2001,images/train/train_02522.jpg
train_02523,152,Lamborghini Diablo Coupe 2001,images/train/train_02523.jpg
train_02524,152,Lamborghini Diablo Coupe 2001,images/train/train_02524.jpg
train_02525,152,Lamborghini Diablo Coupe 2001,images/train/train_02525.jpg
train_02528,152,Lamborghini Diablo Coupe 2001,images/train/train_02528.jpg
train_02530,152,Lamborghini Diablo Coupe 2001,images/train/train_02530.jpg
train_02531,152,Lamborghini Diablo Coupe 2001,images/train/train_02531.jpg
train_02532,152,Lamborghini Diablo Coupe 2001,images/train/train_02532.jpg
train_02533,152,Lamborghini Diablo Coupe 2001,images/train/train_02533.jpg
train_02534,152,Lamborghini Diablo Coupe 2001,images/train/train_02534.jpg
train_02535,152,Lamborghini Diablo Coupe 2001,images/train/train_02535.jpg
train_02536,152,Lamborghini Diablo Coupe 2001,images/train/train_02536.jpg
train_02537,152,Lamborghini Diablo Coupe 2001,images/train/train_02537.jpg
train_02538,152,Lamborghini Diablo Coupe 2001,images/train/train_02538.jpg
train_02542,152,Lamborghini Diablo Coupe 2001,images/train/train_02542.jpg
train_02544,152,Lamborghini Diablo Coupe 2001,images/train/train_02544.jpg
train_02545,152,Lamborghini Diablo Coupe 2001,images/train/train_02545.jpg
train_02546,152,Lamborghini Diablo Coupe 2001,images/train/train_02546.jpg
train_02547,152,Lamborghini Diablo Coupe 2001,images/train/train_02547.jpg
train_02548,152,Lamborghini Diablo Coupe 2001,images/train/train_02548.jpg
train_02549,152,Lamborghini Diablo Coupe 2001,images/train/train_02549.jpg
train_02550,152,Lamborghini Diablo Coupe 2001,images/train/train_02550.jpg
train_02551,152,Lamborghini Diablo Coupe 2001,images/train/train_02551.jpg
train_02552,153,Land Rover Range Rover SUV 2012,images/train/train_02552.jpg
train_02554,153,Land Rover Range Rover SUV 2012,images/train/train_02554.jpg
train_02555,153,Land Rover Range Rover SUV 2012,images/train/train_02555.jpg
train_02556,153,Land Rover Range Rover SUV 2012,images/train/train_02556.jpg
train_02557,153,Land Rover Range Rover SUV 2012,images/train/train_02557.jpg
train_02559,153,Land Rover Range Rover SUV 2012,images/train/train_02559.jpg
train_02560,153,Land Rover Range Rover SUV 2012,images/train/train_02560.jpg
train_02561,153,Land Rover Range Rover SUV 2012,images/train/train_02561.jpg
train_02562,153,Land Rover Range Rover SUV 2012,images/train/train_02562.jpg
train_02563,153,Land Rover Range Rover SUV 2012,images/train/train_02563.jpg
train_02564,153,Land Rover Range Rover SUV 2012,images/train/train_02564.jpg
train_02565,153,Land Rover Range Rover SUV 2012,images/train/train_02565.jpg
train_02566,153,Land Rover Range Rover SUV 2012,images/train/train_02566.jpg
train_02567,153,Land Rover Range Rover SUV 2012,images/train/train_02567.jpg
train_02568,153,Land Rover Range Rover SUV 2012,images/train/train_02568.jpg
train_02569,153,Land Rover Range Rover SUV 2012,images/train/train_02569.jpg
train_02570,153,Land Rover Range Rover SUV 2012,images/train/train_02570.jpg
train_02571,153,Land Rover Range Rover SUV 2012,images/train/train_02571.jpg
train_02572,153,Land Rover Range Rover SUV 2012,images/train/train_02572.jpg
train_02574,153,Land Rover Range Rover SUV 2012,images/train/train_02574.jpg
train_02575,153,Land Rover Range Rover SUV 2012,images/train/train_02575.jpg
train_02577,153,Land Rover Range Rover SUV 2012,images/train/train_02577.jpg
train_02578,153,Land Rover Range Rover SUV 2012,images/train/train_02578.jpg
train_02579,153,Land Rover Range Rover SUV 2012,images/train/train_02579.jpg
train_02580,153,Land Rover Range Rover SUV 2012,images/train/train_02580.jpg
train_02581,153,Land Rover Range Rover SUV 2012,images/train/train_02581.jpg
train_02582,153,Land Rover Range Rover SUV 2012,images/train/train_02582.jpg
train_02583,153,Land Rover Range Rover SUV 2012,images/train/train_02583.jpg
train_02584,153,Land Rover Range Rover SUV 2012,images/train/train_02584.jpg
train_02585,153,Land Rover Range Rover SUV 2012,images/train/train_02585.jpg
train_02586,153,Land Rover Range Rover SUV 2012,images/train/train_02586.jpg
train_02588,153,Land Rover Range Rover SUV 2012,images/train/train_02588.jpg
train_02590,153,Land Rover Range Rover SUV 2012,images/train/train_02590.jpg
train_02591,153,Land Rover Range Rover SUV 2012,images/train/train_02591.jpg
train_02592,153,Land Rover Range Rover SUV 2012,images/train/train_02592.jpg
train_02593,153,Land Rover Range Rover SUV 2012,images/train/train_02593.jpg
train_02594,153,Land Rover Range Rover SUV 2012,images/train/train_02594.jpg
train_02595,154,Land Rover LR2 SUV 2012,images/train/train_02595.jpg
train_02596,154,Land Rover LR2 SUV 2012,images/train/train_02596.jpg
train_02597,154,Land Rover LR2 SUV 2012,images/train/train_02597.jpg
train_02598,154,Land Rover LR2 SUV 2012,images/train/train_02598.jpg
train_02599,154,Land Rover LR2 SUV 2012,images/train/train_02599.jpg
train_02600,154,Land Rover LR2 SUV 2012,images/train/train_02600.jpg
train_02601,154,Land Rover LR2 SUV 2012,images/train/train_02601.jpg
train_02602,154,Land Rover LR2 SUV 2012,images/train/train_02602.jpg
train_02603,154,Land Rover LR2 SUV 2012,images/train/train_02603.jpg
train_02604,154,Land Rover LR2 SUV 2012,images/train/train_02604.jpg
train_02605,154,Land Rover LR2 SUV 2012,images/train/train_02605.jpg
train_02606,154,Land Rover LR2 SUV 2012,images/train/train_02606.jpg
train_02607,154,Land Rover LR2 SUV 2012,images/train/train_02607.jpg
train_02608,154,Land Rover LR2 SUV 2012,images/train/train_02608.jpg
train_02610,154,Land Rover LR2 SUV 2012,images/train/train_02610.jpg
train_02611,154,Land Rover LR2 SUV 2012,images/train/train_02611.jpg
train_02612,154,Land Rover LR2 SUV 2012,images/train/train_02612.jpg
train_02614,154,Land Rover LR2 SUV 2012,images/train/train_02614.jpg
train_02615,154,Land Rover LR2 SUV 2012,images/train/train_02615.jpg
train_02617,154,Land Rover LR2 SUV 2012,images/train/train_02617.jpg
train_02618,154,Land Rover LR2 SUV 2012,images/train/train_02618.jpg
train_02619,154,Land Rover LR2 SUV 2012,images/train/train_02619.jpg
train_02620,154,Land Rover LR2 SUV 2012,images/train/train_02620.jpg
train_02621,154,Land Rover LR2 SUV 2012,images/train/train_02621.jpg
train_02622,154,Land Rover LR2 SUV 2012,images/train/train_02622.jpg
train_02623,154,Land Rover LR2 SUV 2012,images/train/train_02623.jpg
train_02624,154,Land Rover LR2 SUV 2012,images/train/train_02624.jpg
train_02625,154,Land Rover LR2 SUV 2012,images/train/train_02625.jpg
train_02626,154,Land Rover LR2 SUV 2012,images/train/train_02626.jpg
train_02627,154,Land Rover LR2 SUV 2012,images/train/train_02627.jpg
train_02628,154,Land Rover LR2 SUV 2012,images/train/train_02628.jpg
train_02629,154,Land Rover LR2 SUV 2012,images/train/train_02629.jpg
train_02631,154,Land Rover LR2 SUV 2012,images/train/train_02631.jpg
train_02632,154,Land Rover LR2 SUV 2012,images/train/train_02632.jpg
train_02634,154,Land Rover LR2 SUV 2012,images/train/train_02634.jpg
train_02635,154,Land Rover LR2 SUV 2012,images/train/train_02635.jpg
train_02636,154,Land Rover LR2 SUV 2012,images/train/train_02636.jpg
train_02638,155,Lincoln Town Car Sedan 2011,images/train/train_02638.jpg
train_02639,155,Lincoln Town Car Sedan 2011,images/train/train_02639.jpg
train_02642,155,Lincoln Town Car Sedan 2011,images/train/train_02642.jpg
train_02643,155,Lincoln Town Car Sedan 2011,images/train/train_02643.jpg
train_02644,155,Lincoln Town Car Sedan 2011,images/train/train_02644.jpg
train_02645,155,Lincoln Town Car Sedan 2011,images/train/train_02645.jpg
train_02646,155,Lincoln Town Car Sedan 2011,images/train/train_02646.jpg
train_02647,155,Lincoln Town Car Sedan 2011,images/train/train_02647.jpg
train_02649,155,Lincoln Town Car Sedan 2011,images/train/train_02649.jpg
train_02650,155,Lincoln Town Car Sedan 2011,images/train/train_02650.jpg
train_02651,155,Lincoln Town Car Sedan 2011,images/train/train_02651.jpg
train_02652,155,Lincoln Town Car Sedan 2011,images/train/train_02652.jpg
train_02653,155,Lincoln Town Car Sedan 2011,images/train/train_02653.jpg
train_02654,155,Lincoln Town Car Sedan 2011,images/train/train_02654.jpg
train_02655,155,Lincoln Town Car Sedan 2011,images/train/train_02655.jpg
train_02656,155,Lincoln Town Car Sedan 2011,images/train/train_02656.jpg
train_02657,155,Lincoln Town Car Sedan 2011,images/train/train_02657.jpg
train_02658,155,Lincoln Town Car Sedan 2011,images/train/train_02658.jpg
train_02659,155,Lincoln Town Car Sedan 2011,images/train/train_02659.jpg
train_02660,155,Lincoln Town Car Sedan 2011,images/train/train_02660.jpg
train_02661,155,Lincoln Town Car Sedan 2011,images/train/train_02661.jpg
train_02662,155,Lincoln Town Car Sedan 2011,images/train/train_02662.jpg
train_02663,155,Lincoln Town Car Sedan 2011,images/train/train_02663.jpg
train_02664,155,Lincoln Town Car Sedan 2011,images/train/train_02664.jpg
train_02666,155,Lincoln Town Car Sedan 2011,images/train/train_02666.jpg
train_02668,155,Lincoln Town Car Sedan 2011,images/train/train_02668.jpg
train_02669,155,Lincoln Town Car Sedan 2011,images/train/train_02669.jpg
train_02670,155,Lincoln Town Car Sedan 2011,images/train/train_02670.jpg
train_02672,155,Lincoln Town Car Sedan 2011,images/train/train_02672.jpg
train_02673,155,Lincoln Town Car Sedan 2011,images/train/train_02673.jpg
train_02674,155,Lincoln Town Car Sedan 2011,images/train/train_02674.jpg
train_02675,155,Lincoln Town Car Sedan 2011,images/train/train_02675.jpg
train_02676,155,Lincoln Town Car Sedan 2011,images/train/train_02676.jpg
train_02677,156,MINI Cooper Roadster Convertible 2012,images/train/train_02677.jpg
train_02678,156,MINI Cooper Roadster Convertible 2012,images/train/train_02678.jpg
train_02679,156,MINI Cooper Roadster Convertible 2012,images/train/train_02679.jpg
train_02680,156,MINI Cooper Roadster Convertible 2012,images/train/train_02680.jpg
train_02681,156,MINI Cooper Roadster Convertible 2012,images/train/train_02681.jpg
train_02682,156,MINI Cooper Roadster Convertible 2012,images/train/train_02682.jpg
train_02683,156,MINI Cooper Roadster Convertible 2012,images/train/train_02683.jpg
train_02684,156,MINI Cooper Roadster Convertible 2012,images/train/train_02684.jpg
train_02685,156,MINI Cooper Roadster Convertible 2012,images/train/train_02685.jpg
train_02687,156,MINI Cooper Roadster Convertible 2012,images/train/train_02687.jpg
train_02688,156,MINI Cooper Roadster Convertible 2012,images/train/train_02688.jpg
train_02689,156,MINI Cooper Roadster Convertible 2012,images/train/train_02689.jpg
train_02691,156,MINI Cooper Roadster Convertible 2012,images/train/train_02691.jpg
train_02692,156,MINI Cooper Roadster Convertible 2012,images/train/train_02692.jpg
train_02693,156,MINI Cooper Roadster Convertible 2012,images/train/train_02693.jpg
train_02694,156,MINI Cooper Roadster Convertible 2012,images/train/train_02694.jpg
train_02695,156,MINI Cooper Roadster Convertible 2012,images/train/train_02695.jpg
train_02696,156,MINI Cooper Roadster Convertible 2012,images/train/train_02696.jpg
train_02698,156,MINI Cooper Roadster Convertible 2012,images/train/train_02698.jpg
train_02699,156,MINI Cooper Roadster Convertible 2012,images/train/train_02699.jpg
train_02700,156,MINI Cooper Roadster Convertible 2012,images/train/train_02700.jpg
train_02701,156,MINI Cooper Roadster Convertible 2012,images/train/train_02701.jpg
train_02703,156,MINI Cooper Roadster Convertible 2012,images/train/train_02703.jpg
train_02704,156,MINI Cooper Roadster Convertible 2012,images/train/train_02704.jpg
train_02705,156,MINI Cooper Roadster Convertible 2012,images/train/train_02705.jpg
train_02706,156,MINI Cooper Roadster Convertible 2012,images/train/train_02706.jpg
train_02707,156,MINI Cooper Roadster Convertible 2012,images/train/train_02707.jpg
train_02708,156,MINI Cooper Roadster Convertible 2012,images/train/train_02708.jpg
train_02711,156,MINI Cooper Roadster Convertible 2012,images/train/train_02711.jpg
train_02712,156,MINI Cooper Roadster Convertible 2012,images/train/train_02712.jpg
train_02713,156,MINI Cooper Roadster Convertible 2012,images/train/train_02713.jpg
train_02714,157,Maybach Landaulet Convertible 2012,images/train/train_02714.jpg
train_02715,157,Maybach Landaulet Convertible 2012,images/train/train_02715.jpg
train_02716,157,Maybach Landaulet Convertible 2012,images/train/train_02716.jpg
train_02718,157,Maybach Landaulet Convertible 2012,images/train/train_02718.jpg
train_02720,157,Maybach Landaulet Convertible 2012,images/train/train_02720.jpg
train_02721,157,Maybach Landaulet Convertible 2012,images/train/train_02721.jpg
train_02722,157,Maybach Landaulet Convertible 2012,images/train/train_02722.jpg
train_02723,157,Maybach Landaulet Convertible 2012,images/train/train_02723.jpg
train_02724,157,Maybach Landaulet Convertible 2012,images/train/train_02724.jpg
train_02725,157,Maybach Landaulet Convertible 2012,images/train/train_02725.jpg
train_02726,157,Maybach Landaulet Convertible 2012,images/train/train_02726.jpg
train_02727,157,Maybach Landaulet Convertible 2012,images/train/train_02727.jpg
train_02728,157,Maybach Landaulet Convertible 2012,images/train/train_02728.jpg
train_02729,157,Maybach Landaulet Convertible 2012,images/train/train_02729.jpg
train_02730,157,Maybach Landaulet Convertible 2012,images/train/train_02730.jpg
train_02732,157,Maybach Landaulet Convertible 2012,images/train/train_02732.jpg
train_02733,157,Maybach Landaulet Convertible 2012,images/train/train_02733.jpg
train_02735,157,Maybach Landaulet Convertible 2012,images/train/train_02735.jpg
train_02736,157,Maybach Landaulet Convertible 2012,images/train/train_02736.jpg
train_02737,157,Maybach Landaulet Convertible 2012,images/train/train_02737.jpg
train_02738,157,Maybach Landaulet Convertible 2012,images/train/train_02738.jpg
train_02739,157,Maybach Landaulet Convertible 2012,images/train/train_02739.jpg
train_02740,157,Maybach Landaulet Convertible 2012,images/train/train_02740.jpg
train_02741,157,Maybach Landaulet Convertible 2012,images/train/train_02741.jpg
train_02742,157,Maybach Landaulet Convertible 2012,images/train/train_02742.jpg
train_02743,158,Mazda Tribute SUV 2011,images/train/train_02743.jpg
train_02744,158,Mazda Tribute SUV 2011,images/train/train_02744.jpg
train_02746,158,Mazda Tribute SUV 2011,images/train/train_02746.jpg
train_02747,158,Mazda Tribute SUV 2011,images/train/train_02747.jpg
train_02748,158,Mazda Tribute SUV 2011,images/train/train_02748.jpg
train_02750,158,Mazda Tribute SUV 2011,images/train/train_02750.jpg
train_02751,158,Mazda Tribute SUV 2011,images/train/train_02751.jpg
train_02752,158,Mazda Tribute SUV 2011,images/train/train_02752.jpg
train_02753,158,Mazda Tribute SUV 2011,images/train/train_02753.jpg
train_02754,158,Mazda Tribute SUV 2011,images/train/train_02754.jpg
train_02755,158,Mazda Tribute SUV 2011,images/train/train_02755.jpg
train_02756,158,Mazda Tribute SUV 2011,images/train/train_02756.jpg
train_02757,158,Mazda Tribute SUV 2011,images/train/train_02757.jpg
train_02758,158,Mazda Tribute SUV 2011,images/train/train_02758.jpg
train_02759,158,Mazda Tribute SUV 2011,images/train/train_02759.jpg
train_02760,158,Mazda Tribute SUV 2011,images/train/train_02760.jpg
train_02761,158,Mazda Tribute SUV 2011,images/train/train_02761.jpg
train_02762,158,Mazda Tribute SUV 2011,images/train/train_02762.jpg
train_02763,158,Mazda Tribute SUV 2011,images/train/train_02763.jpg
train_02764,158,Mazda Tribute SUV 2011,images/train/train_02764.jpg
train_02765,158,Mazda Tribute SUV 2011,images/train/train_02765.jpg
train_02767,158,Mazda Tribute SUV 2011,images/train/train_02767.jpg
train_02769,158,Mazda Tribute SUV 2011,images/train/train_02769.jpg
train_02770,158,Mazda Tribute SUV 2011,images/train/train_02770.jpg
train_02771,158,Mazda Tribute SUV 2011,images/train/train_02771.jpg
train_02773,158,Mazda Tribute SUV 2011,images/train/train_02773.jpg
train_02774,158,Mazda Tribute SUV 2011,images/train/train_02774.jpg
train_02775,158,Mazda Tribute SUV 2011,images/train/train_02775.jpg
train_02776,158,Mazda Tribute SUV 2011,images/train/train_02776.jpg
train_02777,158,Mazda Tribute SUV 2011,images/train/train_02777.jpg
train_02778,158,Mazda Tribute SUV 2011,images/train/train_02778.jpg
train_02779,159,McLaren MP4-12C Coupe 2012,images/train/train_02779.jpg
train_02780,159,McLaren MP4-12C Coupe 2012,images/train/train_02780.jpg
train_02783,159,McLaren MP4-12C Coupe 2012,images/train/train_02783.jpg
train_02784,159,McLaren MP4-12C Coupe 2012,images/train/train_02784.jpg
train_02785,159,McLaren MP4-12C Coupe 2012,images/train/train_02785.jpg
train_02786,159,McLaren MP4-12C Coupe 2012,images/train/train_02786.jpg
train_02787,159,McLaren MP4-12C Coupe 2012,images/train/train_02787.jpg
train_02789,159,McLaren MP4-12C Coupe 2012,images/train/train_02789.jpg
train_02790,159,McLaren MP4-12C Coupe 2012,images/train/train_02790.jpg
train_02791,159,McLaren MP4-12C Coupe 2012,images/train/train_02791.jpg
train_02792,159,McLaren MP4-12C Coupe 2012,images/train/train_02792.jpg
train_02793,159,McLaren MP4-12C Coupe 2012,images/train/train_02793.jpg
train_02794,159,McLaren MP4-12C Coupe 2012,images/train/train_02794.jpg
train_02797,159,McLaren MP4-12C Coupe 2012,images/train/train_02797.jpg
train_02799,159,McLaren MP4-12C Coupe 2012,images/train/train_02799.jpg
train_02800,159,McLaren MP4-12C Coupe 2012,images/train/train_02800.jpg
train_02801,159,McLaren MP4-12C Coupe 2012,images/train/train_02801.jpg
train_02802,159,McLaren MP4-12C Coupe 2012,images/train/train_02802.jpg
train_02803,159,McLaren MP4-12C Coupe 2012,images/train/train_02803.jpg
train_02804,159,McLaren MP4-12C Coupe 2012,images/train/train_02804.jpg
train_02805,159,McLaren MP4-12C Coupe 2012,images/train/train_02805.jpg
train_02806,159,McLaren MP4-12C Coupe 2012,images/train/train_02806.jpg
train_02807,159,McLaren MP4-12C Coupe 2012,images/train/train_02807.jpg
train_02808,159,McLaren MP4-12C Coupe 2012,images/train/train_02808.jpg
train_02809,159,McLaren MP4-12C Coupe 2012,images/train/train_02809.jpg
train_02810,159,McLaren MP4-12C Coupe 2012,images/train/train_02810.jpg
train_02811,159,McLaren MP4-12C Coupe 2012,images/train/train_02811.jpg
train_02813,159,McLaren MP4-12C Coupe 2012,images/train/train_02813.jpg
train_02814,159,McLaren MP4-12C Coupe 2012,images/train/train_02814.jpg
train_02815,159,McLaren MP4-12C Coupe 2012,images/train/train_02815.jpg
train_02816,159,McLaren MP4-12C Coupe 2012,images/train/train_02816.jpg
train_02817,159,McLaren MP4-12C Coupe 2012,images/train/train_02817.jpg
train_02818,159,McLaren MP4-12C Coupe 2012,images/train/train_02818.jpg
train_02819,159,McLaren MP4-12C Coupe 2012,images/train/train_02819.jpg
train_02820,159,McLaren MP4-12C Coupe 2012,images/train/train_02820.jpg
train_02821,159,McLaren MP4-12C Coupe 2012,images/train/train_02821.jpg
train_02822,159,McLaren MP4-12C Coupe 2012,images/train/train_02822.jpg
train_02823,16,Audi 100 Sedan 1994,images/train/train_02823.jpg
train_02825,16,Audi 100 Sedan 1994,images/train/train_02825.jpg
train_02826,16,Audi 100 Sedan 1994,images/train/train_02826.jpg
train_02827,16,Audi 100 Sedan 1994,images/train/train_02827.jpg
train_02828,16,Audi 100 Sedan 1994,images/train/train_02828.jpg
train_02829,16,Audi 100 Sedan 1994,images/train/train_02829.jpg
train_02830,16,Audi 100 Sedan 1994,images/train/train_02830.jpg
train_02831,16,Audi 100 Sedan 1994,images/train/train_02831.jpg
train_02832,16,Audi 100 Sedan 1994,images/train/train_02832.jpg
train_02833,16,Audi 100 Sedan 1994,images/train/train_02833.jpg
train_02834,16,Audi 100 Sedan 1994,images/train/train_02834.jpg
train_02835,16,Audi 100 Sedan 1994,images/train/train_02835.jpg
train_02836,16,Audi 100 Sedan 1994,images/train/train_02836.jpg
train_02837,16,Audi 100 Sedan 1994,images/train/train_02837.jpg
train_02838,16,Audi 100 Sedan 1994,images/train/train_02838.jpg
train_02841,16,Audi 100 Sedan 1994,images/train/train_02841.jpg
train_02842,16,Audi 100 Sedan 1994,images/train/train_02842.jpg
train_02843,16,Audi 100 Sedan 1994,images/train/train_02843.jpg
train_02844,16,Audi 100 Sedan 1994,images/train/train_02844.jpg
train_02845,16,Audi 100 Sedan 1994,images/train/train_02845.jpg
train_02847,16,Audi 100 Sedan 1994,images/train/train_02847.jpg
train_02849,16,Audi 100 Sedan 1994,images/train/train_02849.jpg
train_02850,16,Audi 100 Sedan 1994,images/train/train_02850.jpg
train_02851,16,Audi 100 Sedan 1994,images/train/train_02851.jpg
train_02852,16,Audi 100 Sedan 1994,images/train/train_02852.jpg
train_02853,16,Audi 100 Sedan 1994,images/train/train_02853.jpg
train_02855,16,Audi 100 Sedan 1994,images/train/train_02855.jpg
train_02856,16,Audi 100 Sedan 1994,images/train/train_02856.jpg
train_02857,16,Audi 100 Sedan 1994,images/train/train_02857.jpg
train_02858,16,Audi 100 Sedan 1994,images/train/train_02858.jpg
train_02859,16,Audi 100 Sedan 1994,images/train/train_02859.jpg
train_02860,16,Audi 100 Sedan 1994,images/train/train_02860.jpg
train_02861,16,Audi 100 Sedan 1994,images/train/train_02861.jpg
train_02862,16,Audi 100 Sedan 1994,images/train/train_02862.jpg
train_02863,16,Audi 100 Sedan 1994,images/train/train_02863.jpg
train_02864,160,Mercedes-Benz 300-Class Convertible 1993,images/train/train_02864.jpg
train_02865,160,Mercedes-Benz 300-Class Convertible 1993,images/train/train_02865.jpg
train_02866,160,Mercedes-Benz 300-Class Convertible 1993,images/train/train_02866.jpg
train_02867,160,Mercedes-Benz 300-Class Convertible 1993,images/train/train_02867.jpg
train_02868,160,Mercedes-Benz 300-Class Convertible 1993,images/train/train_02868.jpg
train_02870,160,Mercedes-Benz 300-Class Convertible 1993,images/train/train_02870.jpg
train_02871,160,Mercedes-Benz 300-Class Convertible 1993,images/train/train_02871.jpg
train_02873,160,Mercedes-Benz 300-Class Convertible 1993,images/train/train_02873.jpg
train_02874,160,Mercedes-Benz 300-Class Convertible 1993,images/train/train_02874.jpg
train_02876,160,Mercedes-Benz 300-Class Convertible 1993,images/train/train_02876.jpg
train_02877,160,Mercedes-Benz 300-Class Convertible 1993,images/train/train_02877.jpg
train_02878,160,Mercedes-Benz 300-Class Convertible 1993,images/train/train_02878.jpg
train_02879,160,Mercedes-Benz 300-Class Convertible 1993,images/train/train_02879.jpg
train_02880,160,Mercedes-Benz 300-Class Convertible 1993,images/train/train_02880.jpg
train_02881,160,Mercedes-Benz 300-Class Convertible 1993,images/train/train_02881.jpg
train_02882,160,Mercedes-Benz 300-Class Convertible 1993,images/train/train_02882.jpg
train_02883,160,Mercedes-Benz 300-Class Convertible 1993,images/train/train_02883.jpg
train_02884,160,Mercedes-Benz 300-Class Convertible 1993,images/train/train_02884.jpg
train_02885,160,Mercedes-Benz 300-Class Convertible 1993,images/train/train_02885.jpg
train_02887,160,Mercedes-Benz 300-Class Convertible 1993,images/train/train_02887.jpg
train_02888,160,Mercedes-Benz 300-Class Convertible 1993,images/train/train_02888.jpg
train_02889,160,Mercedes-Benz 300-Class Convertible 1993,images/train/train_02889.jpg
train_02890,160,Mercedes-Benz 300-Class Convertible 1993,images/train/train_02890.jpg
train_02891,160,Mercedes-Benz 300-Class Convertible 1993,images/train/train_02891.jpg
train_02892,160,Mercedes-Benz 300-Class Convertible 1993,images/train/train_02892.jpg
train_02893,160,Mercedes-Benz 300-Class Convertible 1993,images/train/train_02893.jpg
train_02894,160,Mercedes-Benz 300-Class Convertible 1993,images/train/train_02894.jpg
train_02895,160,Mercedes-Benz 300-Class Convertible 1993,images/train/train_02895.jpg
train_02896,160,Mercedes-Benz 300-Class Convertible 1993,images/train/train_02896.jpg
train_02897,160,Mercedes-Benz 300-Class Convertible 1993,images/train/train_02897.jpg
train_02900,160,Mercedes-Benz 300-Class Convertible 1993,images/train/train_02900.jpg
train_02901,160,Mercedes-Benz 300-Class Convertible 1993,images/train/train_02901.jpg
train_02902,160,Mercedes-Benz 300-Class Convertible 1993,images/train/train_02902.jpg
train_02903,160,Mercedes-Benz 300-Class Convertible 1993,images/train/train_02903.jpg
train_02904,160,Mercedes-Benz 300-Class Convertible 1993,images/train/train_02904.jpg
train_02906,160,Mercedes-Benz 300-Class Convertible 1993,images/train/train_02906.jpg
train_02907,160,Mercedes-Benz 300-Class Convertible 1993,images/train/train_02907.jpg
train_02908,160,Mercedes-Benz 300-Class Convertible 1993,images/train/train_02908.jpg
train_02909,160,Mercedes-Benz 300-Class Convertible 1993,images/train/train_02909.jpg
train_02910,160,Mercedes-Benz 300-Class Convertible 1993,images/train/train_02910.jpg
train_02911,160,Mercedes-Benz 300-Class Convertible 1993,images/train/train_02911.jpg
train_02912,161,Mercedes-Benz C-Class Sedan 2012,images/train/train_02912.jpg
train_02913,161,Mercedes-Benz C-Class Sedan 2012,images/train/train_02913.jpg
train_02915,161,Mercedes-Benz C-Class Sedan 2012,images/train/train_02915.jpg
train_02916,161,Mercedes-Benz C-Class Sedan 2012,images/train/train_02916.jpg
train_02917,161,Mercedes-Benz C-Class Sedan 2012,images/train/train_02917.jpg
train_02918,161,Mercedes-Benz C-Class Sedan 2012,images/train/train_02918.jpg
train_02920,161,Mercedes-Benz C-Class Sedan 2012,images/train/train_02920.jpg
train_02922,161,Mercedes-Benz C-Class Sedan 2012,images/train/train_02922.jpg
train_02923,161,Mercedes-Benz C-Class Sedan 2012,images/train/train_02923.jpg
train_02924,161,Mercedes-Benz C-Class Sedan 2012,images/train/train_02924.jpg
train_02926,161,Mercedes-Benz C-Class Sedan 2012,images/train/train_02926.jpg
train_02927,161,Mercedes-Benz C-Class Sedan 2012,images/train/train_02927.jpg
train_02928,161,Mercedes-Benz C-Class Sedan 2012,images/train/train_02928.jpg
train_02929,161,Mercedes-Benz C-Class Sedan 2012,images/train/train_02929.jpg
train_02930,161,Mercedes-Benz C-Class Sedan 2012,images/train/train_02930.jpg
train_02931,161,Mercedes-Benz C-Class Sedan 2012,images/train/train_02931.jpg
train_02932,161,Mercedes-Benz C-Class Sedan 2012,images/train/train_02932.jpg
train_02933,161,Mercedes-Benz C-Class Sedan 2012,images/train/train_02933.jpg
train_02934,161,Mercedes-Benz C-Class Sedan 2012,images/train/train_02934.jpg
train_02935,161,Mercedes-Benz C-Class Sedan 2012,images/train/train_02935.jpg
train_02936,161,Mercedes-Benz C-Class Sedan 2012,images/train/train_02936.jpg
train_02937,161,Mercedes-Benz C-Class Sedan 2012,images/train/train_02937.jpg
train_02939,161,Mercedes-Benz C-Class Sedan 2012,images/train/train_02939.jpg
train_02940,161,Mercedes-Benz C-Class Sedan 2012,images/train/train_02940.jpg
train_02941,161,Mercedes-Benz C-Class Sedan 2012,images/train/train_02941.jpg
train_02942,161,Mercedes-Benz C-Class Sedan 2012,images/train/train_02942.jpg
train_02943,161,Mercedes-Benz C-Class Sedan 2012,images/train/train_02943.jpg
train_02944,161,Mercedes-Benz C-Class Sedan 2012,images/train/train_02944.jpg
train_02946,161,Mercedes-Benz C-Class Sedan 2012,images/train/train_02946.jpg
train_02948,161,Mercedes-Benz C-Class Sedan 2012,images/train/train_02948.jpg
train_02949,161,Mercedes-Benz C-Class Sedan 2012,images/train/train_02949.jpg
train_02950,161,Mercedes-Benz C-Class Sedan 2012,images/train/train_02950.jpg
train_02951,161,Mercedes-Benz C-Class Sedan 2012,images/train/train_02951.jpg
train_02952,161,Mercedes-Benz C-Class Sedan 2012,images/train/train_02952.jpg
train_02953,161,Mercedes-Benz C-Class Sedan 2012,images/train/train_02953.jpg
train_02954,161,Mercedes-Benz C-Class Sedan 2012,images/train/train_02954.jpg
train_02955,161,Mercedes-Benz C-Class Sedan 2012,images/train/train_02955.jpg
train_02956,161,Mercedes-Benz C-Class Sedan 2012,images/train/train_02956.jpg
train_02957,161,Mercedes-Benz C-Class Sedan 2012,images/train/train_02957.jpg
train_02958,162,Mercedes-Benz SL-Class Coupe 2009,images/train/train_02958.jpg
train_02959,162,Mercedes-Benz SL-Class Coupe 2009,images/train/train_02959.jpg
train_02960,162,Mercedes-Benz SL-Class Coupe 2009,images/train/train_02960.jpg
train_02961,162,Mercedes-Benz SL-Class Coupe 2009,images/train/train_02961.jpg
train_02962,162,Mercedes-Benz SL-Class Coupe 2009,images/train/train_02962.jpg
train_02963,162,Mercedes-Benz SL-Class Coupe 2009,images/train/train_02963.jpg
train_02964,162,Mercedes-Benz SL-Class Coupe 2009,images/train/train_02964.jpg
train_02965,162,Mercedes-Benz SL-Class Coupe 2009,images/train/train_02965.jpg
train_02966,162,Mercedes-Benz SL-Class Coupe 2009,images/train/train_02966.jpg
train_02968,162,Mercedes-Benz SL-Class Coupe 2009,images/train/train_02968.jpg
train_02969,162,Mercedes-Benz SL-Class Coupe 2009,images/train/train_02969.jpg
train_02970,162,Mercedes-Benz SL-Class Coupe 2009,images/train/train_02970.jpg
train_02971,162,Mercedes-Benz SL-Class Coupe 2009,images/train/train_02971.jpg
train_02972,162,Mercedes-Benz SL-Class Coupe 2009,images/train/train_02972.jpg
train_02973,162,Mercedes-Benz SL-Class Coupe 2009,images/train/train_02973.jpg
train_02975,162,Mercedes-Benz SL-Class Coupe 2009,images/train/train_02975.jpg
train_02976,162,Mercedes-Benz SL-Class Coupe 2009,images/train/train_02976.jpg
train_02977,162,Mercedes-Benz SL-Class Coupe 2009,images/train/train_02977.jpg
train_02978,162,Mercedes-Benz SL-Class Coupe 2009,images/train/train_02978.jpg
train_02979,162,Mercedes-Benz SL-Class Coupe 2009,images/train/train_02979.jpg
train_02980,162,Mercedes-Benz SL-Class Coupe 2009,images/train/train_02980.jpg
train_02981,162,Mercedes-Benz SL-Class Coupe 2009,images/train/train_02981.jpg
train_02982,162,Mercedes-Benz SL-Class Coupe 2009,images/train/train_02982.jpg
train_02983,162,Mercedes-Benz SL-Class Coupe 2009,images/train/train_02983.jpg
train_02984,162,Mercedes-Benz SL-Class Coupe 2009,images/train/train_02984.jpg
train_02985,162,Mercedes-Benz SL-Class Coupe 2009,images/train/train_02985.jpg
train_02986,162,Mercedes-Benz SL-Class Coupe 2009,images/train/train_02986.jpg
train_02988,162,Mercedes-Benz SL-Class Coupe 2009,images/train/train_02988.jpg
train_02990,162,Mercedes-Benz SL-Class Coupe 2009,images/train/train_02990.jpg
train_02992,162,Mercedes-Benz SL-Class Coupe 2009,images/train/train_02992.jpg
train_02994,162,Mercedes-Benz SL-Class Coupe 2009,images/train/train_02994.jpg
train_02995,163,Mercedes-Benz E-Class Sedan 2012,images/train/train_02995.jpg
train_02996,163,Mercedes-Benz E-Class Sedan 2012,images/train/train_02996.jpg
train_02997,163,Mercedes-Benz E-Class Sedan 2012,images/train/train_02997.jpg
train_02998,163,Mercedes-Benz E-Class Sedan 2012,images/train/train_02998.jpg
train_02999,163,Mercedes-Benz E-Class Sedan 2012,images/train/train_02999.jpg
train_03001,163,Mercedes-Benz E-Class Sedan 2012,images/train/train_03001.jpg
train_03003,163,Mercedes-Benz E-Class Sedan 2012,images/train/train_03003.jpg
train_03004,163,Mercedes-Benz E-Class Sedan 2012,images/train/train_03004.jpg
train_03005,163,Mercedes-Benz E-Class Sedan 2012,images/train/train_03005.jpg
train_03006,163,Mercedes-Benz E-Class Sedan 2012,images/train/train_03006.jpg
train_03007,163,Mercedes-Benz E-Class Sedan 2012,images/train/train_03007.jpg
train_03008,163,Mercedes-Benz E-Class Sedan 2012,images/train/train_03008.jpg
train_03009,163,Mercedes-Benz E-Class Sedan 2012,images/train/train_03009.jpg
train_03011,163,Mercedes-Benz E-Class Sedan 2012,images/train/train_03011.jpg
train_03012,163,Mercedes-Benz E-Class Sedan 2012,images/train/train_03012.jpg
train_03013,163,Mercedes-Benz E-Class Sedan 2012,images/train/train_03013.jpg
train_03014,163,Mercedes-Benz E-Class Sedan 2012,images/train/train_03014.jpg
train_03015,163,Mercedes-Benz E-Class Sedan 2012,images/train/train_03015.jpg
train_03017,163,Mercedes-Benz E-Class Sedan 2012,images/train/train_03017.jpg
train_03018,163,Mercedes-Benz E-Class Sedan 2012,images/train/train_03018.jpg
train_03019,163,Mercedes-Benz E-Class Sedan 2012,images/train/train_03019.jpg
train_03020,163,Mercedes-Benz E-Class Sedan 2012,images/train/train_03020.jpg
train_03021,163,Mercedes-Benz E-Class Sedan 2012,images/train/train_03021.jpg
train_03022,163,Mercedes-Benz E-Class Sedan 2012,images/train/train_03022.jpg
train_03023,163,Mercedes-Benz E-Class Sedan 2012,images/train/train_03023.jpg
train_03024,163,Mercedes-Benz E-Class Sedan 2012,images/train/train_03024.jpg
train_03025,163,Mercedes-Benz E-Class Sedan 2012,images/train/train_03025.jpg
train_03027,163,Mercedes-Benz E-Class Sedan 2012,images/train/train_03027.jpg
train_03029,163,Mercedes-Benz E-Class Sedan 2012,images/train/train_03029.jpg
train_03030,163,Mercedes-Benz E-Class Sedan 2012,images/train/train_03030.jpg
train_03031,163,Mercedes-Benz E-Class Sedan 2012,images/train/train_03031.jpg
train_03032,163,Mercedes-Benz E-Class Sedan 2012,images/train/train_03032.jpg
train_03033,163,Mercedes-Benz E-Class Sedan 2012,images/train/train_03033.jpg
train_03035,163,Mercedes-Benz E-Class Sedan 2012,images/train/train_03035.jpg
train_03036,163,Mercedes-Benz E-Class Sedan 2012,images/train/train_03036.jpg
train_03037,163,Mercedes-Benz E-Class Sedan 2012,images/train/train_03037.jpg
train_03038,163,Mercedes-Benz E-Class Sedan 2012,images/train/train_03038.jpg
train_03039,164,Mercedes-Benz S-Class Sedan 2012,images/train/train_03039.jpg
train_03040,164,Mercedes-Benz S-Class Sedan 2012,images/train/train_03040.jpg
train_03041,164,Mercedes-Benz S-Class Sedan 2012,images/train/train_03041.jpg
train_03042,164,Mercedes-Benz S-Class Sedan 2012,images/train/train_03042.jpg
train_03044,164,Mercedes-Benz S-Class Sedan 2012,images/train/train_03044.jpg
train_03045,164,Mercedes-Benz S-Class Sedan 2012,images/train/train_03045.jpg
train_03046,164,Mercedes-Benz S-Class Sedan 2012,images/train/train_03046.jpg
train_03047,164,Mercedes-Benz S-Class Sedan 2012,images/train/train_03047.jpg
train_03048,164,Mercedes-Benz S-Class Sedan 2012,images/train/train_03048.jpg
train_03049,164,Mercedes-Benz S-Class Sedan 2012,images/train/train_03049.jpg
train_03050,164,Mercedes-Benz S-Class Sedan 2012,images/train/train_03050.jpg
train_03051,164,Mercedes-Benz S-Class Sedan 2012,images/train/train_03051.jpg
train_03052,164,Mercedes-Benz S-Class Sedan 2012,images/train/train_03052.jpg
train_03053,164,Mercedes-Benz S-Class Sedan 2012,images/train/train_03053.jpg
train_03054,164,Mercedes-Benz S-Class Sedan 2012,images/train/train_03054.jpg
train_03055,164,Mercedes-Benz S-Class Sedan 2012,images/train/train_03055.jpg
train_03057,164,Mercedes-Benz S-Class Sedan 2012,images/train/train_03057.jpg
train_03058,164,Mercedes-Benz S-Class Sedan 2012,images/train/train_03058.jpg
train_03059,164,Mercedes-Benz S-Class Sedan 2012,images/train/train_03059.jpg
train_03061,164,Mercedes-Benz S-Class Sedan 2012,images/train/train_03061.jpg
train_03062,164,Mercedes-Benz S-Class Sedan 2012,images/train/train_03062.jpg
train_03063,164,Mercedes-Benz S-Class Sedan 2012,images/train/train_03063.jpg
train_03064,164,Mercedes-Benz S-Class Sedan 2012,images/train/train_03064.jpg
train_03065,164,Mercedes-Benz S-Class Sedan 2012,images/train/train_03065.jpg
train_03067,164,Mercedes-Benz S-Class Sedan 2012,images/train/train_03067.jpg
train_03068,164,Mercedes-Benz S-Class Sedan 2012,images/train/train_03068.jpg
train_03069,164,Mercedes-Benz S-Class Sedan 2012,images/train/train_03069.jpg
train_03070,164,Mercedes-Benz S-Class Sedan 2012,images/train/train_03070.jpg
train_03071,164,Mercedes-Benz S-Class Sedan 2012,images/train/train_03071.jpg
train_03072,164,Mercedes-Benz S-Class Sedan 2012,images/train/train_03072.jpg
train_03073,164,Mercedes-Benz S-Class Sedan 2012,images/train/train_03073.jpg
train_03076,164,Mercedes-Benz S-Class Sedan 2012,images/train/train_03076.jpg
train_03077,164,Mercedes-Benz S-Class Sedan 2012,images/train/train_03077.jpg
train_03079,164,Mercedes-Benz S-Class Sedan 2012,images/train/train_03079.jpg
train_03080,164,Mercedes-Benz S-Class Sedan 2012,images/train/train_03080.jpg
train_03081,164,Mercedes-Benz S-Class Sedan 2012,images/train/train_03081.jpg
train_03082,164,Mercedes-Benz S-Class Sedan 2012,images/train/train_03082.jpg
train_03083,164,Mercedes-Benz S-Class Sedan 2012,images/train/train_03083.jpg
train_03085,165,Mercedes-Benz Sprinter Van 2012,images/train/train_03085.jpg
train_03086,165,Mercedes-Benz Sprinter Van 2012,images/train/train_03086.jpg
train_03087,165,Mercedes-Benz Sprinter Van 2012,images/train/train_03087.jpg
train_03088,165,Mercedes-Benz Sprinter Van 2012,images/train/train_03088.jpg
train_03089,165,Mercedes-Benz Sprinter Van 2012,images/train/train_03089.jpg
train_03090,165,Mercedes-Benz Sprinter Van 2012,images/train/train_03090.jpg
train_03091,165,Mercedes-Benz Sprinter Van 2012,images/train/train_03091.jpg
train_03092,165,Mercedes-Benz Sprinter Van 2012,images/train/train_03092.jpg
train_03093,165,Mercedes-Benz Sprinter Van 2012,images/train/train_03093.jpg
train_03094,165,Mercedes-Benz Sprinter Van 2012,images/train/train_03094.jpg
train_03095,165,Mercedes-Benz Sprinter Van 2012,images/train/train_03095.jpg
train_03096,165,Mercedes-Benz Sprinter Van 2012,images/train/train_03096.jpg
train_03097,165,Mercedes-Benz Sprinter Van 2012,images/train/train_03097.jpg
train_03098,165,Mercedes-Benz Sprinter Van 2012,images/train/train_03098.jpg
train_03100,165,Mercedes-Benz Sprinter Van 2012,images/train/train_03100.jpg
train_03101,165,Mercedes-Benz Sprinter Van 2012,images/train/train_03101.jpg
train_03102,165,Mercedes-Benz Sprinter Van 2012,images/train/train_03102.jpg
train_03103,165,Mercedes-Benz Sprinter Van 2012,images/train/train_03103.jpg
train_03104,165,Mercedes-Benz Sprinter Van 2012,images/train/train_03104.jpg
train_03105,165,Mercedes-Benz Sprinter Van 2012,images/train/train_03105.jpg
train_03106,165,Mercedes-Benz Sprinter Van 2012,images/train/train_03106.jpg
train_03110,165,Mercedes-Benz Sprinter Van 2012,images/train/train_03110.jpg
train_03111,165,Mercedes-Benz Sprinter Van 2012,images/train/train_03111.jpg
train_03112,165,Mercedes-Benz Sprinter Van 2012,images/train/train_03112.jpg
train_03113,165,Mercedes-Benz Sprinter Van 2012,images/train/train_03113.jpg
train_03115,165,Mercedes-Benz Sprinter Van 2012,images/train/train_03115.jpg
train_03116,165,Mercedes-Benz Sprinter Van 2012,images/train/train_03116.jpg
train_03117,165,Mercedes-Benz Sprinter Van 2012,images/train/train_03117.jpg
train_03118,165,Mercedes-Benz Sprinter Van 2012,images/train/train_03118.jpg
train_03119,165,Mercedes-Benz Sprinter Van 2012,images/train/train_03119.jpg
train_03120,165,Mercedes-Benz Sprinter Van 2012,images/train/train_03120.jpg
train_03121,165,Mercedes-Benz Sprinter Van 2012,images/train/train_03121.jpg
train_03122,165,Mercedes-Benz Sprinter Van 2012,images/train/train_03122.jpg
train_03123,165,Mercedes-Benz Sprinter Van 2012,images/train/train_03123.jpg
train_03124,165,Mercedes-Benz Sprinter Van 2012,images/train/train_03124.jpg
train_03125,166,Mitsubishi Lancer Sedan 2012,images/train/train_03125.jpg
train_03126,166,Mitsubishi Lancer Sedan 2012,images/train/train_03126.jpg
train_03127,166,Mitsubishi Lancer Sedan 2012,images/train/train_03127.jpg
train_03128,166,Mitsubishi Lancer Sedan 2012,images/train/train_03128.jpg
train_03129,166,Mitsubishi Lancer Sedan 2012,images/train/train_03129.jpg
train_03130,166,Mitsubishi Lancer Sedan 2012,images/train/train_03130.jpg
train_03131,166,Mitsubishi Lancer Sedan 2012,images/train/train_03131.jpg
train_03132,166,Mitsubishi Lancer Sedan 2012,images/train/train_03132.jpg
train_03134,166,Mitsubishi Lancer Sedan 2012,images/train/train_03134.jpg
train_03135,166,Mitsubishi Lancer Sedan 2012,images/train/train_03135.jpg
train_03136,166,Mitsubishi Lancer Sedan 2012,images/train/train_03136.jpg
train_03139,166,Mitsubishi Lancer Sedan 2012,images/train/train_03139.jpg
train_03140,166,Mitsubishi Lancer Sedan 2012,images/train/train_03140.jpg
train_03141,166,Mitsubishi Lancer Sedan 2012,images/train/train_03141.jpg
train_03142,166,Mitsubishi Lancer Sedan 2012,images/train/train_03142.jpg
train_03143,166,Mitsubishi Lancer Sedan 2012,images/train/train_03143.jpg
train_03144,166,Mitsubishi Lancer Sedan 2012,images/train/train_03144.jpg
train_03145,166,Mitsubishi Lancer Sedan 2012,images/train/train_03145.jpg
train_03146,166,Mitsubishi Lancer Sedan 2012,images/train/train_03146.jpg
train_03147,166,Mitsubishi Lancer Sedan 2012,images/train/train_03147.jpg
train_03148,166,Mitsubishi Lancer Sedan 2012,images/train/train_03148.jpg
train_03149,166,Mitsubishi Lancer Sedan 2012,images/train/train_03149.jpg
train_03150,166,Mitsubishi Lancer Sedan 2012,images/train/train_03150.jpg
train_03151,166,Mitsubishi Lancer Sedan 2012,images/train/train_03151.jpg
train_03152,166,Mitsubishi Lancer Sedan 2012,images/train/train_03152.jpg
train_03153,166,Mitsubishi Lancer Sedan 2012,images/train/train_03153.jpg
train_03154,166,Mitsubishi Lancer Sedan 2012,images/train/train_03154.jpg
train_03155,166,Mitsubishi Lancer Sedan 2012,images/train/train_03155.jpg
train_03156,166,Mitsubishi Lancer Sedan 2012,images/train/train_03156.jpg
train_03157,166,Mitsubishi Lancer Sedan 2012,images/train/train_03157.jpg
train_03159,166,Mitsubishi Lancer Sedan 2012,images/train/train_03159.jpg
train_03160,166,Mitsubishi Lancer Sedan 2012,images/train/train_03160.jpg
train_03161,166,Mitsubishi Lancer Sedan 2012,images/train/train_03161.jpg
train_03162,166,Mitsubishi Lancer Sedan 2012,images/train/train_03162.jpg
train_03163,166,Mitsubishi Lancer Sedan 2012,images/train/train_03163.jpg
train_03164,166,Mitsubishi Lancer Sedan 2012,images/train/train_03164.jpg
train_03165,166,Mitsubishi Lancer Sedan 2012,images/train/train_03165.jpg
train_03167,166,Mitsubishi Lancer Sedan 2012,images/train/train_03167.jpg
train_03170,166,Mitsubishi Lancer Sedan 2012,images/train/train_03170.jpg
train_03171,166,Mitsubishi Lancer Sedan 2012,images/train/train_03171.jpg
train_03172,166,Mitsubishi Lancer Sedan 2012,images/train/train_03172.jpg
train_03174,167,Nissan Leaf Hatchback 2012,images/train/train_03174.jpg
train_03175,167,Nissan Leaf Hatchback 2012,images/train/train_03175.jpg
train_03176,167,Nissan Leaf Hatchback 2012,images/train/train_03176.jpg
train_03178,167,Nissan Leaf Hatchback 2012,images/train/train_03178.jpg
train_03179,167,Nissan Leaf Hatchback 2012,images/train/train_03179.jpg
train_03180,167,Nissan Leaf Hatchback 2012,images/train/train_03180.jpg
train_03181,167,Nissan Leaf Hatchback 2012,images/train/train_03181.jpg
train_03182,167,Nissan Leaf Hatchback 2012,images/train/train_03182.jpg
train_03183,167,Nissan Leaf Hatchback 2012,images/train/train_03183.jpg
train_03184,167,Nissan Leaf Hatchback 2012,images/train/train_03184.jpg
train_03185,167,Nissan Leaf Hatchback 2012,images/train/train_03185.jpg
train_03187,167,Nissan Leaf Hatchback 2012,images/train/train_03187.jpg
train_03189,167,Nissan Leaf Hatchback 2012,images/train/train_03189.jpg
train_03190,167,Nissan Leaf Hatchback 2012,images/train/train_03190.jpg
train_03191,167,Nissan Leaf Hatchback 2012,images/train/train_03191.jpg
train_03192,167,Nissan Leaf Hatchback 2012,images/train/train_03192.jpg
train_03193,167,Nissan Leaf Hatchback 2012,images/train/train_03193.jpg
train_03194,167,Nissan Leaf Hatchback 2012,images/train/train_03194.jpg
train_03195,167,Nissan Leaf Hatchback 2012,images/train/train_03195.jpg
train_03196,167,Nissan Leaf Hatchback 2012,images/train/train_03196.jpg
train_03197,167,Nissan Leaf Hatchback 2012,images/train/train_03197.jpg
train_03198,167,Nissan Leaf Hatchback 2012,images/train/train_03198.jpg
train_03199,167,Nissan Leaf Hatchback 2012,images/train/train_03199.jpg
train_03201,167,Nissan Leaf Hatchback 2012,images/train/train_03201.jpg
train_03202,167,Nissan Leaf Hatchback 2012,images/train/train_03202.jpg
train_03203,167,Nissan Leaf Hatchback 2012,images/train/train_03203.jpg
train_03204,167,Nissan Leaf Hatchback 2012,images/train/train_03204.jpg
train_03205,167,Nissan Leaf Hatchback 2012,images/train/train_03205.jpg
train_03207,167,Nissan Leaf Hatchback 2012,images/train/train_03207.jpg
train_03208,167,Nissan Leaf Hatchback 2012,images/train/train_03208.jpg
train_03209,167,Nissan Leaf Hatchback 2012,images/train/train_03209.jpg
train_03210,167,Nissan Leaf Hatchback 2012,images/train/train_03210.jpg
train_03211,167,Nissan Leaf Hatchback 2012,images/train/train_03211.jpg
train_03212,167,Nissan Leaf Hatchback 2012,images/train/train_03212.jpg
train_03213,167,Nissan Leaf Hatchback 2012,images/train/train_03213.jpg
train_03214,167,Nissan Leaf Hatchback 2012,images/train/train_03214.jpg
train_03215,168,Nissan NV Passenger Van 2012,images/train/train_03215.jpg
train_03216,168,Nissan NV Passenger Van 2012,images/train/train_03216.jpg
train_03217,168,Nissan NV Passenger Van 2012,images/train/train_03217.jpg
train_03218,168,Nissan NV Passenger Van 2012,images/train/train_03218.jpg
train_03219,168,Nissan NV Passenger Van 2012,images/train/train_03219.jpg
train_03220,168,Nissan NV Passenger Van 2012,images/train/train_03220.jpg
train_03221,168,Nissan NV Passenger Van 2012,images/train/train_03221.jpg
train_03223,168,Nissan NV Passenger Van 2012,images/train/train_03223.jpg
train_03224,168,Nissan NV Passenger Van 2012,images/train/train_03224.jpg
train_03226,168,Nissan NV Passenger Van 2012,images/train/train_03226.jpg
train_03227,168,Nissan NV Passenger Van 2012,images/train/train_03227.jpg
train_03228,168,Nissan NV Passenger Van 2012,images/train/train_03228.jpg
train_03229,168,Nissan NV Passenger Van 2012,images/train/train_03229.jpg
train_03230,168,Nissan NV Passenger Van 2012,images/train/train_03230.jpg
train_03231,168,Nissan NV Passenger Van 2012,images/train/train_03231.jpg
train_03232,168,Nissan NV Passenger Van 2012,images/train/train_03232.jpg
train_03233,168,Nissan NV Passenger Van 2012,images/train/train_03233.jpg
train_03234,168,Nissan NV Passenger Van 2012,images/train/train_03234.jpg
train_03235,168,Nissan NV Passenger Van 2012,images/train/train_03235.jpg
train_03236,168,Nissan NV Passenger Van 2012,images/train/train_03236.jpg
train_03237,168,Nissan NV Passenger Van 2012,images/train/train_03237.jpg
train_03238,168,Nissan NV Passenger Van 2012,images/train/train_03238.jpg
train_03239,168,Nissan NV Passenger Van 2012,images/train/train_03239.jpg
train_03240,168,Nissan NV Passenger Van 2012,images/train/train_03240.jpg
train_03242,168,Nissan NV Passenger Van 2012,images/train/train_03242.jpg
train_03243,168,Nissan NV Passenger Van 2012,images/train/train_03243.jpg
train_03244,168,Nissan NV Passenger Van 2012,images/train/train_03244.jpg
train_03245,168,Nissan NV Passenger Van 2012,images/train/train_03245.jpg
train_03246,168,Nissan NV Passenger Van 2012,images/train/train_03246.jpg
train_03247,168,Nissan NV Passenger Van 2012,images/train/train_03247.jpg
train_03248,168,Nissan NV Passenger Van 2012,images/train/train_03248.jpg
train_03249,168,Nissan NV Passenger Van 2012,images/train/train_03249.jpg
train_03250,168,Nissan NV Passenger Van 2012,images/train/train_03250.jpg
train_03254,169,Nissan Juke Hatchback 2012,images/train/train_03254.jpg
train_03255,169,Nissan Juke Hatchback 2012,images/train/train_03255.jpg
train_03256,169,Nissan Juke Hatchback 2012,images/train/train_03256.jpg
train_03257,169,Nissan Juke Hatchback 2012,images/train/train_03257.jpg
train_03258,169,Nissan Juke Hatchback 2012,images/train/train_03258.jpg
train_03259,169,Nissan Juke Hatchback 2012,images/train/train_03259.jpg
train_03260,169,Nissan Juke Hatchback 2012,images/train/train_03260.jpg
train_03261,169,Nissan Juke Hatchback 2012,images/train/train_03261.jpg
train_03262,169,Nissan Juke Hatchback 2012,images/train/train_03262.jpg
train_03263,169,Nissan Juke Hatchback 2012,images/train/train_03263.jpg
train_03264,169,Nissan Juke Hatchback 2012,images/train/train_03264.jpg
train_03265,169,Nissan Juke Hatchback 2012,images/train/train_03265.jpg
train_03266,169,Nissan Juke Hatchback 2012,images/train/train_03266.jpg
train_03267,169,Nissan Juke Hatchback 2012,images/train/train_03267.jpg
train_03269,169,Nissan Juke Hatchback 2012,images/train/train_03269.jpg
train_03270,169,Nissan Juke Hatchback 2012,images/train/train_03270.jpg
train_03271,169,Nissan Juke Hatchback 2012,images/train/train_03271.jpg
train_03272,169,Nissan Juke Hatchback 2012,images/train/train_03272.jpg
train_03274,169,Nissan Juke Hatchback 2012,images/train/train_03274.jpg
train_03275,169,Nissan Juke Hatchback 2012,images/train/train_03275.jpg
train_03276,169,Nissan Juke Hatchback 2012,images/train/train_03276.jpg
train_03277,169,Nissan Juke Hatchback 2012,images/train/train_03277.jpg
train_03280,169,Nissan Juke Hatchback 2012,images/train/train_03280.jpg
train_03281,169,Nissan Juke Hatchback 2012,images/train/train_03281.jpg
train_03283,169,Nissan Juke Hatchback 2012,images/train/train_03283.jpg
train_03284,169,Nissan Juke Hatchback 2012,images/train/train_03284.jpg
train_03285,169,Nissan Juke Hatchback 2012,images/train/train_03285.jpg
train_03286,169,Nissan Juke Hatchback 2012,images/train/train_03286.jpg
train_03287,169,Nissan Juke Hatchback 2012,images/train/train_03287.jpg
train_03288,169,Nissan Juke Hatchback 2012,images/train/train_03288.jpg
train_03289,169,Nissan Juke Hatchback 2012,images/train/train_03289.jpg
train_03290,169,Nissan Juke Hatchback 2012,images/train/train_03290.jpg
train_03291,169,Nissan Juke Hatchback 2012,images/train/train_03291.jpg
train_03293,169,Nissan Juke Hatchback 2012,images/train/train_03293.jpg
train_03294,169,Nissan Juke Hatchback 2012,images/train/train_03294.jpg
train_03295,169,Nissan Juke Hatchback 2012,images/train/train_03295.jpg
train_03296,169,Nissan Juke Hatchback 2012,images/train/train_03296.jpg
train_03298,17,Audi 100 Wagon 1994,images/train/train_03298.jpg
train_03299,17,Audi 100 Wagon 1994,images/train/train_03299.jpg
train_03300,17,Audi 100 Wagon 1994,images/train/train_03300.jpg
train_03301,17,Audi 100 Wagon 1994,images/train/train_03301.jpg
train_03303,17,Audi 100 Wagon 1994,images/train/train_03303.jpg
train_03304,17,Audi 100 Wagon 1994,images/train/train_03304.jpg
train_03305,17,Audi 100 Wagon 1994,images/train/train_03305.jpg
train_03306,17,Audi 100 Wagon 1994,images/train/train_03306.jpg
train_03307,17,Audi 100 Wagon 1994,images/train/train_03307.jpg
train_03308,17,Audi 100 Wagon 1994,images/train/train_03308.jpg
train_03309,17,Audi 100 Wagon 1994,images/train/train_03309.jpg
train_03310,17,Audi 100 Wagon 1994,images/train/train_03310.jpg
train_03311,17,Audi 100 Wagon 1994,images/train/train_03311.jpg
train_03312,17,Audi 100 Wagon 1994,images/train/train_03312.jpg
train_03313,17,Audi 100 Wagon 1994,images/train/train_03313.jpg
train_03314,17,Audi 100 Wagon 1994,images/train/train_03314.jpg
train_03315,17,Audi 100 Wagon 1994,images/train/train_03315.jpg
train_03316,17,Audi 100 Wagon 1994,images/train/train_03316.jpg
train_03317,17,Audi 100 Wagon 1994,images/train/train_03317.jpg
train_03318,17,Audi 100 Wagon 1994,images/train/train_03318.jpg
train_03319,17,Audi 100 Wagon 1994,images/train/train_03319.jpg
train_03320,17,Audi 100 Wagon 1994,images/train/train_03320.jpg
train_03321,17,Audi 100 Wagon 1994,images/train/train_03321.jpg
train_03322,17,Audi 100 Wagon 1994,images/train/train_03322.jpg
train_03324,17,Audi 100 Wagon 1994,images/train/train_03324.jpg
train_03325,17,Audi 100 Wagon 1994,images/train/train_03325.jpg
train_03326,17,Audi 100 Wagon 1994,images/train/train_03326.jpg
train_03327,17,Audi 100 Wagon 1994,images/train/train_03327.jpg
train_03328,17,Audi 100 Wagon 1994,images/train/train_03328.jpg
train_03329,17,Audi 100 Wagon 1994,images/train/train_03329.jpg
train_03330,17,Audi 100 Wagon 1994,images/train/train_03330.jpg
train_03332,17,Audi 100 Wagon 1994,images/train/train_03332.jpg
train_03333,17,Audi 100 Wagon 1994,images/train/train_03333.jpg
train_03334,17,Audi 100 Wagon 1994,images/train/train_03334.jpg
train_03335,17,Audi 100 Wagon 1994,images/train/train_03335.jpg
train_03338,17,Audi 100 Wagon 1994,images/train/train_03338.jpg
train_03339,17,Audi 100 Wagon 1994,images/train/train_03339.jpg
train_03341,170,Nissan 240SX Coupe 1998,images/train/train_03341.jpg
train_03342,170,Nissan 240SX Coupe 1998,images/train/train_03342.jpg
train_03344,170,Nissan 240SX Coupe 1998,images/train/train_03344.jpg
train_03345,170,Nissan 240SX Coupe 1998,images/train/train_03345.jpg
train_03346,170,Nissan 240SX Coupe 1998,images/train/train_03346.jpg
train_03347,170,Nissan 240SX Coupe 1998,images/train/train_03347.jpg
train_03348,170,Nissan 240SX Coupe 1998,images/train/train_03348.jpg
train_03349,170,Nissan 240SX Coupe 1998,images/train/train_03349.jpg
train_03350,170,Nissan 240SX Coupe 1998,images/train/train_03350.jpg
train_03351,170,Nissan 240SX Coupe 1998,images/train/train_03351.jpg
train_03352,170,Nissan 240SX Coupe 1998,images/train/train_03352.jpg
train_03354,170,Nissan 240SX Coupe 1998,images/train/train_03354.jpg
train_03355,170,Nissan 240SX Coupe 1998,images/train/train_03355.jpg
train_03357,170,Nissan 240SX Coupe 1998,images/train/train_03357.jpg
train_03358,170,Nissan 240SX Coupe 1998,images/train/train_03358.jpg
train_03359,170,Nissan 240SX Coupe 1998,images/train/train_03359.jpg
train_03360,170,Nissan 240SX Coupe 1998,images/train/train_03360.jpg
train_03361,170,Nissan 240SX Coupe 1998,images/train/train_03361.jpg
train_03362,170,Nissan 240SX Coupe 1998,images/train/train_03362.jpg
train_03363,170,Nissan 240SX Coupe 1998,images/train/train_03363.jpg
train_03364,170,Nissan 240SX Coupe 1998,images/train/train_03364.jpg
train_03366,170,Nissan 240SX Coupe 1998,images/train/train_03366.jpg
train_03367,170,Nissan 240SX Coupe 1998,images/train/train_03367.jpg
train_03368,170,Nissan 240SX Coupe 1998,images/train/train_03368.jpg
train_03369,170,Nissan 240SX Coupe 1998,images/train/train_03369.jpg
train_03370,170,Nissan 240SX Coupe 1998,images/train/train_03370.jpg
train_03371,170,Nissan 240SX Coupe 1998,images/train/train_03371.jpg
train_03372,170,Nissan 240SX Coupe 1998,images/train/train_03372.jpg
train_03373,170,Nissan 240SX Coupe 1998,images/train/train_03373.jpg
train_03375,170,Nissan 240SX Coupe 1998,images/train/train_03375.jpg
train_03376,170,Nissan 240SX Coupe 1998,images/train/train_03376.jpg
train_03378,170,Nissan 240SX Coupe 1998,images/train/train_03378.jpg
train_03379,170,Nissan 240SX Coupe 1998,images/train/train_03379.jpg
train_03381,170,Nissan 240SX Coupe 1998,images/train/train_03381.jpg
train_03382,170,Nissan 240SX Coupe 1998,images/train/train_03382.jpg
train_03383,170,Nissan 240SX Coupe 1998,images/train/train_03383.jpg
train_03384,170,Nissan 240SX Coupe 1998,images/train/train_03384.jpg
train_03385,170,Nissan 240SX Coupe 1998,images/train/train_03385.jpg
train_03386,170,Nissan 240SX Coupe 1998,images/train/train_03386.jpg
train_03387,171,Plymouth Neon Coupe 1999,images/train/train_03387.jpg
train_03389,171,Plymouth Neon Coupe 1999,images/train/train_03389.jpg
train_03390,171,Plymouth Neon Coupe 1999,images/train/train_03390.jpg
train_03391,171,Plymouth Neon Coupe 1999,images/train/train_03391.jpg
train_03392,171,Plymouth Neon Coupe 1999,images/train/train_03392.jpg
train_03393,171,Plymouth Neon Coupe 1999,images/train/train_03393.jpg
train_03394,171,Plymouth Neon Coupe 1999,images/train/train_03394.jpg
train_03395,171,Plymouth Neon Coupe 1999,images/train/train_03395.jpg
train_03396,171,Plymouth Neon Coupe 1999,images/train/train_03396.jpg
train_03397,171,Plymouth Neon Coupe 1999,images/train/train_03397.jpg
train_03398,171,Plymouth Neon Coupe 1999,images/train/train_03398.jpg
train_03399,171,Plymouth Neon Coupe 1999,images/train/train_03399.jpg
train_03400,171,Plymouth Neon Coupe 1999,images/train/train_03400.jpg
train_03401,171,Plymouth Neon Coupe 1999,images/train/train_03401.jpg
train_03403,171,Plymouth Neon Coupe 1999,images/train/train_03403.jpg
train_03405,171,Plymouth Neon Coupe 1999,images/train/train_03405.jpg
train_03406,171,Plymouth Neon Coupe 1999,images/train/train_03406.jpg
train_03407,171,Plymouth Neon Coupe 1999,images/train/train_03407.jpg
train_03408,171,Plymouth Neon Coupe 1999,images/train/train_03408.jpg
train_03409,171,Plymouth Neon Coupe 1999,images/train/train_03409.jpg
train_03410,171,Plymouth Neon Coupe 1999,images/train/train_03410.jpg
train_03412,171,Plymouth Neon Coupe 1999,images/train/train_03412.jpg
train_03414,171,Plymouth Neon Coupe 1999,images/train/train_03414.jpg
train_03415,171,Plymouth Neon Coupe 1999,images/train/train_03415.jpg
train_03416,171,Plymouth Neon Coupe 1999,images/train/train_03416.jpg
train_03417,171,Plymouth Neon Coupe 1999,images/train/train_03417.jpg
train_03418,171,Plymouth Neon Coupe 1999,images/train/train_03418.jpg
train_03419,171,Plymouth Neon Coupe 1999,images/train/train_03419.jpg
train_03421,171,Plymouth Neon Coupe 1999,images/train/train_03421.jpg
train_03422,171,Plymouth Neon Coupe 1999,images/train/train_03422.jpg
train_03423,171,Plymouth Neon Coupe 1999,images/train/train_03423.jpg
train_03424,171,Plymouth Neon Coupe 1999,images/train/train_03424.jpg
train_03425,171,Plymouth Neon Coupe 1999,images/train/train_03425.jpg
train_03427,171,Plymouth Neon Coupe 1999,images/train/train_03427.jpg
train_03428,171,Plymouth Neon Coupe 1999,images/train/train_03428.jpg
train_03429,171,Plymouth Neon Coupe 1999,images/train/train_03429.jpg
train_03430,171,Plymouth Neon Coupe 1999,images/train/train_03430.jpg
train_03431,172,Porsche Panamera Sedan 2012,images/train/train_03431.jpg
train_03432,172,Porsche Panamera Sedan 2012,images/train/train_03432.jpg
train_03434,172,Porsche Panamera Sedan 2012,images/train/train_03434.jpg
train_03436,172,Porsche Panamera Sedan 2012,images/train/train_03436.jpg
train_03437,172,Porsche Panamera Sedan 2012,images/train/train_03437.jpg
train_03439,172,Porsche Panamera Sedan 2012,images/train/train_03439.jpg
train_03440,172,Porsche Panamera Sedan 2012,images/train/train_03440.jpg
train_03441,172,Porsche Panamera Sedan 2012,images/train/train_03441.jpg
train_03442,172,Porsche Panamera Sedan 2012,images/train/train_03442.jpg
train_03444,172,Porsche Panamera Sedan 2012,images/train/train_03444.jpg
train_03445,172,Porsche Panamera Sedan 2012,images/train/train_03445.jpg
train_03446,172,Porsche Panamera Sedan 2012,images/train/train_03446.jpg
train_03447,172,Porsche Panamera Sedan 2012,images/train/train_03447.jpg
train_03449,172,Porsche Panamera Sedan 2012,images/train/train_03449.jpg
train_03450,172,Porsche Panamera Sedan 2012,images/train/train_03450.jpg
train_03451,172,Porsche Panamera Sedan 2012,images/train/train_03451.jpg
train_03452,172,Porsche Panamera Sedan 2012,images/train/train_03452.jpg
train_03453,172,Porsche Panamera Sedan 2012,images/train/train_03453.jpg
train_03455,172,Porsche Panamera Sedan 2012,images/train/train_03455.jpg
train_03456,172,Porsche Panamera Sedan 2012,images/train/train_03456.jpg
train_03457,172,Porsche Panamera Sedan 2012,images/train/train_03457.jpg
train_03458,172,Porsche Panamera Sedan 2012,images/train/train_03458.jpg
train_03459,172,Porsche Panamera Sedan 2012,images/train/train_03459.jpg
train_03460,172,Porsche Panamera Sedan 2012,images/train/train_03460.jpg
train_03461,172,Porsche Panamera Sedan 2012,images/train/train_03461.jpg
train_03462,172,Porsche Panamera Sedan 2012,images/train/train_03462.jpg
train_03463,172,Porsche Panamera Sedan 2012,images/train/train_03463.jpg
train_03464,172,Porsche Panamera Sedan 2012,images/train/train_03464.jpg
train_03465,172,Porsche Panamera Sedan 2012,images/train/train_03465.jpg
train_03466,172,Porsche Panamera Sedan 2012,images/train/train_03466.jpg
train_03467,172,Porsche Panamera Sedan 2012,images/train/train_03467.jpg
train_03468,172,Porsche Panamera Sedan 2012,images/train/train_03468.jpg
train_03469,172,Porsche Panamera Sedan 2012,images/train/train_03469.jpg
train_03470,172,Porsche Panamera Sedan 2012,images/train/train_03470.jpg
train_03472,172,Porsche Panamera Sedan 2012,images/train/train_03472.jpg
train_03473,172,Porsche Panamera Sedan 2012,images/train/train_03473.jpg
train_03474,172,Porsche Panamera Sedan 2012,images/train/train_03474.jpg
train_03475,173,Ram C/V Cargo Van Minivan 2012,images/train/train_03475.jpg
train_03476,173,Ram C/V Cargo Van Minivan 2012,images/train/train_03476.jpg
train_03477,173,Ram C/V Cargo Van Minivan 2012,images/train/train_03477.jpg
train_03478,173,Ram C/V Cargo Van Minivan 2012,images/train/train_03478.jpg
train_03480,173,Ram C/V Cargo Van Minivan 2012,images/train/train_03480.jpg
train_03481,173,Ram C/V Cargo Van Minivan 2012,images/train/train_03481.jpg
train_03482,173,Ram C/V Cargo Van Minivan 2012,images/train/train_03482.jpg
train_03484,173,Ram C/V Cargo Van Minivan 2012,images/train/train_03484.jpg
train_03485,173,Ram C/V Cargo Van Minivan 2012,images/train/train_03485.jpg
train_03486,173,Ram C/V Cargo Van Minivan 2012,images/train/train_03486.jpg
train_03487,173,Ram C/V Cargo Van Minivan 2012,images/train/train_03487.jpg
train_03489,173,Ram C/V Cargo Van Minivan 2012,images/train/train_03489.jpg
train_03490,173,Ram C/V Cargo Van Minivan 2012,images/train/train_03490.jpg
train_03491,173,Ram C/V Cargo Van Minivan 2012,images/train/train_03491.jpg
train_03492,173,Ram C/V Cargo Van Minivan 2012,images/train/train_03492.jpg
train_03493,173,Ram C/V Cargo Van Minivan 2012,images/train/train_03493.jpg
train_03494,173,Ram C/V Cargo Van Minivan 2012,images/train/train_03494.jpg
train_03496,173,Ram C/V Cargo Van Minivan 2012,images/train/train_03496.jpg
train_03497,173,Ram C/V Cargo Van Minivan 2012,images/train/train_03497.jpg
train_03498,173,Ram C/V Cargo Van Minivan 2012,images/train/train_03498.jpg
train_03499,173,Ram C/V Cargo Van Minivan 2012,images/train/train_03499.jpg
train_03500,173,Ram C/V Cargo Van Minivan 2012,images/train/train_03500.jpg
train_03501,173,Ram C/V Cargo Van Minivan 2012,images/train/train_03501.jpg
train_03502,173,Ram C/V Cargo Van Minivan 2012,images/train/train_03502.jpg
train_03503,173,Ram C/V Cargo Van Minivan 2012,images/train/train_03503.jpg
train_03504,173,Ram C/V Cargo Van Minivan 2012,images/train/train_03504.jpg
train_03505,173,Ram C/V Cargo Van Minivan 2012,images/train/train_03505.jpg
train_03506,173,Ram C/V Cargo Van Minivan 2012,images/train/train_03506.jpg
train_03508,173,Ram C/V Cargo Van Minivan 2012,images/train/train_03508.jpg
train_03509,173,Ram C/V Cargo Van Minivan 2012,images/train/train_03509.jpg
train_03510,173,Ram C/V Cargo Van Minivan 2012,images/train/train_03510.jpg
train_03511,173,Ram C/V Cargo Van Minivan 2012,images/train/train_03511.jpg
train_03512,173,Ram C/V Cargo Van Minivan 2012,images/train/train_03512.jpg
train_03514,173,Ram C/V Cargo Van Minivan 2012,images/train/train_03514.jpg
train_03515,173,Ram C/V Cargo Van Minivan 2012,images/train/train_03515.jpg
train_03516,174,Rolls-Royce Phantom Drophead Coupe Convertible 2012,images/train/train_03516.jpg
train_03517,174,Rolls-Royce Phantom Drophead Coupe Convertible 2012,images/train/train_03517.jpg
train_03518,174,Rolls-Royce Phantom Drophead Coupe Convertible 2012,images/train/train_03518.jpg
train_03519,174,Rolls-Royce Phantom Drophead Coupe Convertible 2012,images/train/train_03519.jpg
train_03520,174,Rolls-Royce Phantom Drophead Coupe Convertible 2012,images/train/train_03520.jpg
train_03521,174,Rolls-Royce Phantom Drophead Coupe Convertible 2012,images/train/train_03521.jpg
train_03522,174,Rolls-Royce Phantom Drophead Coupe Convertible 2012,images/train/train_03522.jpg
train_03523,174,Rolls-Royce Phantom Drophead Coupe Convertible 2012,images/train/train_03523.jpg
train_03526,174,Rolls-Royce Phantom Drophead Coupe Convertible 2012,images/train/train_03526.jpg
train_03527,174,Rolls-Royce Phantom Drophead Coupe Convertible 2012,images/train/train_03527.jpg
train_03528,174,Rolls-Royce Phantom Drophead Coupe Convertible 2012,images/train/train_03528.jpg
train_03530,174,Rolls-Royce Phantom Drophead Coupe Convertible 2012,images/train/train_03530.jpg
train_03531,174,Rolls-Royce Phantom Drophead Coupe Convertible 2012,images/train/train_03531.jpg
train_03534,174,Rolls-Royce Phantom Drophead Coupe Convertible 2012,images/train/train_03534.jpg
train_03535,174,Rolls-Royce Phantom Drophead Coupe Convertible 2012,images/train/train_03535.jpg
train_03536,174,Rolls-Royce Phantom Drophead Coupe Convertible 2012,images/train/train_03536.jpg
train_03537,174,Rolls-Royce Phantom Drophead Coupe Convertible 2012,images/train/train_03537.jpg
train_03538,174,Rolls-Royce Phantom Drophead Coupe Convertible 2012,images/train/train_03538.jpg
train_03539,174,Rolls-Royce Phantom Drophead Coupe Convertible 2012,images/train/train_03539.jpg
train_03540,174,Rolls-Royce Phantom Drophead Coupe Convertible 2012,images/train/train_03540.jpg
train_03541,174,Rolls-Royce Phantom Drophead Coupe Convertible 2012,images/train/train_03541.jpg
train_03542,174,Rolls-Royce Phantom Drophead Coupe Convertible 2012,images/train/train_03542.jpg
train_03543,174,Rolls-Royce Phantom Drophead Coupe Convertible 2012,images/train/train_03543.jpg
train_03544,174,Rolls-Royce Phantom Drophead Coupe Convertible 2012,images/train/train_03544.jpg
train_03545,174,Rolls-Royce Phantom Drophead Coupe Convertible 2012,images/train/train_03545.jpg
train_03546,174,Rolls-Royce Phantom Drophead Coupe Convertible 2012,images/train/train_03546.jpg
train_03547,175,Rolls-Royce Ghost Sedan 2012,images/train/train_03547.jpg
train_03548,175,Rolls-Royce Ghost Sedan 2012,images/train/train_03548.jpg
train_03550,175,Rolls-Royce Ghost Sedan 2012,images/train/train_03550.jpg
train_03551,175,Rolls-Royce Ghost Sedan 2012,images/train/train_03551.jpg
train_03552,175,Rolls-Royce Ghost Sedan 2012,images/train/train_03552.jpg
train_03553,175,Rolls-Royce Ghost Sedan 2012,images/train/train_03553.jpg
train_03554,175,Rolls-Royce Ghost Sedan 2012,images/train/train_03554.jpg
train_03555,175,Rolls-Royce Ghost Sedan 2012,images/train/train_03555.jpg
train_03557,175,Rolls-Royce Ghost Sedan 2012,images/train/train_03557.jpg
train_03558,175,Rolls-Royce Ghost Sedan 2012,images/train/train_03558.jpg
train_03560,175,Rolls-Royce Ghost Sedan 2012,images/train/train_03560.jpg
train_03561,175,Rolls-Royce Ghost Sedan 2012,images/train/train_03561.jpg
train_03562,175,Rolls-Royce Ghost Sedan 2012,images/train/train_03562.jpg
train_03563,175,Rolls-Royce Ghost Sedan 2012,images/train/train_03563.jpg
train_03564,175,Rolls-Royce Ghost Sedan 2012,images/train/train_03564.jpg
train_03565,175,Rolls-Royce Ghost Sedan 2012,images/train/train_03565.jpg
train_03566,175,Rolls-Royce Ghost Sedan 2012,images/train/train_03566.jpg
train_03567,175,Rolls-Royce Ghost Sedan 2012,images/train/train_03567.jpg
train_03569,175,Rolls-Royce Ghost Sedan 2012,images/train/train_03569.jpg
train_03570,175,Rolls-Royce Ghost Sedan 2012,images/train/train_03570.jpg
train_03571,175,Rolls-Royce Ghost Sedan 2012,images/train/train_03571.jpg
train_03572,175,Rolls-Royce Ghost Sedan 2012,images/train/train_03572.jpg
train_03573,175,Rolls-Royce Ghost Sedan 2012,images/train/train_03573.jpg
train_03575,175,Rolls-Royce Ghost Sedan 2012,images/train/train_03575.jpg
train_03577,175,Rolls-Royce Ghost Sedan 2012,images/train/train_03577.jpg
train_03578,175,Rolls-Royce Ghost Sedan 2012,images/train/train_03578.jpg
train_03579,175,Rolls-Royce Ghost Sedan 2012,images/train/train_03579.jpg
train_03580,175,Rolls-Royce Ghost Sedan 2012,images/train/train_03580.jpg
train_03581,175,Rolls-Royce Ghost Sedan 2012,images/train/train_03581.jpg
train_03582,175,Rolls-Royce Ghost Sedan 2012,images/train/train_03582.jpg
train_03583,175,Rolls-Royce Ghost Sedan 2012,images/train/train_03583.jpg
train_03584,175,Rolls-Royce Ghost Sedan 2012,images/train/train_03584.jpg
train_03585,175,Rolls-Royce Ghost Sedan 2012,images/train/train_03585.jpg
train_03586,176,Rolls-Royce Phantom Sedan 2012,images/train/train_03586.jpg
train_03588,176,Rolls-Royce Phantom Sedan 2012,images/train/train_03588.jpg
train_03589,176,Rolls-Royce Phantom Sedan 2012,images/train/train_03589.jpg
train_03590,176,Rolls-Royce Phantom Sedan 2012,images/train/train_03590.jpg
train_03591,176,Rolls-Royce Phantom Sedan 2012,images/train/train_03591.jpg
train_03592,176,Rolls-Royce Phantom Sedan 2012,images/train/train_03592.jpg
train_03593,176,Rolls-Royce Phantom Sedan 2012,images/train/train_03593.jpg
train_03594,176,Rolls-Royce Phantom Sedan 2012,images/train/train_03594.jpg
train_03596,176,Rolls-Royce Phantom Sedan 2012,images/train/train_03596.jpg
train_03597,176,Rolls-Royce Phantom Sedan 2012,images/train/train_03597.jpg
train_03599,176,Rolls-Royce Phantom Sedan 2012,images/train/train_03599.jpg
train_03600,176,Rolls-Royce Phantom Sedan 2012,images/train/train_03600.jpg
train_03602,176,Rolls-Royce Phantom Sedan 2012,images/train/train_03602.jpg
train_03603,176,Rolls-Royce Phantom Sedan 2012,images/train/train_03603.jpg
train_03604,176,Rolls-Royce Phantom Sedan 2012,images/train/train_03604.jpg
train_03605,176,Rolls-Royce Phantom Sedan 2012,images/train/train_03605.jpg
train_03606,176,Rolls-Royce Phantom Sedan 2012,images/train/train_03606.jpg
train_03607,176,Rolls-Royce Phantom Sedan 2012,images/train/train_03607.jpg
train_03608,176,Rolls-Royce Phantom Sedan 2012,images/train/train_03608.jpg
train_03609,176,Rolls-Royce Phantom Sedan 2012,images/train/train_03609.jpg
train_03610,176,Rolls-Royce Phantom Sedan 2012,images/train/train_03610.jpg
train_03611,176,Rolls-Royce Phantom Sedan 2012,images/train/train_03611.jpg
train_03612,176,Rolls-Royce Phantom Sedan 2012,images/train/train_03612.jpg
train_03613,176,Rolls-Royce Phantom Sedan 2012,images/train/train_03613.jpg
train_03615,176,Rolls-Royce Phantom Sedan 2012,images/train/train_03615.jpg
train_03616,176,Rolls-Royce Phantom Sedan 2012,images/train/train_03616.jpg
train_03617,176,Rolls-Royce Phantom Sedan 2012,images/train/train_03617.jpg
train_03618,176,Rolls-Royce Phantom Sedan 2012,images/train/train_03618.jpg
train_03620,176,Rolls-Royce Phantom Sedan 2012,images/train/train_03620.jpg
train_03621,176,Rolls-Royce Phantom Sedan 2012,images/train/train_03621.jpg
train_03622,176,Rolls-Royce Phantom Sedan 2012,images/train/train_03622.jpg
train_03623,176,Rolls-Royce Phantom Sedan 2012,images/train/train_03623.jpg
train_03624,176,Rolls-Royce Phantom Sedan 2012,images/train/train_03624.jpg
train_03625,176,Rolls-Royce Phantom Sedan 2012,images/train/train_03625.jpg
train_03626,176,Rolls-Royce Phantom Sedan 2012,images/train/train_03626.jpg
train_03627,176,Rolls-Royce Phantom Sedan 2012,images/train/train_03627.jpg
train_03628,176,Rolls-Royce Phantom Sedan 2012,images/train/train_03628.jpg
train_03630,177,Scion xD Hatchback 2012,images/train/train_03630.jpg
train_03631,177,Scion xD Hatchback 2012,images/train/train_03631.jpg
train_03632,177,Scion xD Hatchback 2012,images/train/train_03632.jpg
train_03633,177,Scion xD Hatchback 2012,images/train/train_03633.jpg
train_03634,177,Scion xD Hatchback 2012,images/train/train_03634.jpg
train_03635,177,Scion xD Hatchback 2012,images/train/train_03635.jpg
train_03636,177,Scion xD Hatchback 2012,images/train/train_03636.jpg
train_03637,177,Scion xD Hatchback 2012,images/train/train_03637.jpg
train_03638,177,Scion xD Hatchback 2012,images/train/train_03638.jpg
train_03639,177,Scion xD Hatchback 2012,images/train/train_03639.jpg
train_03640,177,Scion xD Hatchback 2012,images/train/train_03640.jpg
train_03642,177,Scion xD Hatchback 2012,images/train/train_03642.jpg
train_03643,177,Scion xD Hatchback 2012,images/train/train_03643.jpg
train_03644,177,Scion xD Hatchback 2012,images/train/train_03644.jpg
train_03645,177,Scion xD Hatchback 2012,images/train/train_03645.jpg
train_03646,177,Scion xD Hatchback 2012,images/train/train_03646.jpg
train_03648,177,Scion xD Hatchback 2012,images/train/train_03648.jpg
train_03649,177,Scion xD Hatchback 2012,images/train/train_03649.jpg
train_03650,177,Scion xD Hatchback 2012,images/train/train_03650.jpg
train_03651,177,Scion xD Hatchback 2012,images/train/train_03651.jpg
train_03652,177,Scion xD Hatchback 2012,images/train/train_03652.jpg
train_03653,177,Scion xD Hatchback 2012,images/train/train_03653.jpg
train_03654,177,Scion xD Hatchback 2012,images/train/train_03654.jpg
train_03655,177,Scion xD Hatchback 2012,images/train/train_03655.jpg
train_03656,177,Scion xD Hatchback 2012,images/train/train_03656.jpg
train_03658,177,Scion xD Hatchback 2012,images/train/train_03658.jpg
train_03660,177,Scion xD Hatchback 2012,images/train/train_03660.jpg
train_03661,177,Scion xD Hatchback 2012,images/train/train_03661.jpg
train_03662,177,Scion xD Hatchback 2012,images/train/train_03662.jpg
train_03663,177,Scion xD Hatchback 2012,images/train/train_03663.jpg
train_03665,177,Scion xD Hatchback 2012,images/train/train_03665.jpg
train_03667,177,Scion xD Hatchback 2012,images/train/train_03667.jpg
train_03668,177,Scion xD Hatchback 2012,images/train/train_03668.jpg
train_03669,177,Scion xD Hatchback 2012,images/train/train_03669.jpg
train_03670,177,Scion xD Hatchback 2012,images/train/train_03670.jpg
train_03671,177,Scion xD Hatchback 2012,images/train/train_03671.jpg
train_03672,178,Spyker C8 Convertible 2009,images/train/train_03672.jpg
train_03675,178,Spyker C8 Convertible 2009,images/train/train_03675.jpg
train_03676,178,Spyker C8 Convertible 2009,images/train/train_03676.jpg
train_03677,178,Spyker C8 Convertible 2009,images/train/train_03677.jpg
train_03678,178,Spyker C8 Convertible 2009,images/train/train_03678.jpg
train_03679,178,Spyker C8 Convertible 2009,images/train/train_03679.jpg
train_03682,178,Spyker C8 Convertible 2009,images/train/train_03682.jpg
train_03683,178,Spyker C8 Convertible 2009,images/train/train_03683.jpg
train_03684,178,Spyker C8 Convertible 2009,images/train/train_03684.jpg
train_03685,178,Spyker C8 Convertible 2009,images/train/train_03685.jpg
train_03686,178,Spyker C8 Convertible 2009,images/train/train_03686.jpg
train_03687,178,Spyker C8 Convertible 2009,images/train/train_03687.jpg
train_03688,178,Spyker C8 Convertible 2009,images/train/train_03688.jpg
train_03689,178,Spyker C8 Convertible 2009,images/train/train_03689.jpg
train_03690,178,Spyker C8 Convertible 2009,images/train/train_03690.jpg
train_03691,178,Spyker C8 Convertible 2009,images/train/train_03691.jpg
train_03692,178,Spyker C8 Convertible 2009,images/train/train_03692.jpg
train_03693,178,Spyker C8 Convertible 2009,images/train/train_03693.jpg
train_03694,178,Spyker C8 Convertible 2009,images/train/train_03694.jpg
train_03695,178,Spyker C8 Convertible 2009,images/train/train_03695.jpg
train_03696,178,Spyker C8 Convertible 2009,images/train/train_03696.jpg
train_03697,178,Spyker C8 Convertible 2009,images/train/train_03697.jpg
train_03698,178,Spyker C8 Convertible 2009,images/train/train_03698.jpg
train_03699,178,Spyker C8 Convertible 2009,images/train/train_03699.jpg
train_03700,178,Spyker C8 Convertible 2009,images/train/train_03700.jpg
train_03701,178,Spyker C8 Convertible 2009,images/train/train_03701.jpg
train_03702,178,Spyker C8 Convertible 2009,images/train/train_03702.jpg
train_03703,178,Spyker C8 Convertible 2009,images/train/train_03703.jpg
train_03704,178,Spyker C8 Convertible 2009,images/train/train_03704.jpg
train_03705,178,Spyker C8 Convertible 2009,images/train/train_03705.jpg
train_03706,178,Spyker C8 Convertible 2009,images/train/train_03706.jpg
train_03708,178,Spyker C8 Convertible 2009,images/train/train_03708.jpg
train_03709,178,Spyker C8 Convertible 2009,images/train/train_03709.jpg
train_03711,178,Spyker C8 Convertible 2009,images/train/train_03711.jpg
train_03713,178,Spyker C8 Convertible 2009,images/train/train_03713.jpg
train_03714,178,Spyker C8 Convertible 2009,images/train/train_03714.jpg
train_03715,178,Spyker C8 Convertible 2009,images/train/train_03715.jpg
train_03716,178,Spyker C8 Convertible 2009,images/train/train_03716.jpg
train_03717,179,Spyker C8 Coupe 2009,images/train/train_03717.jpg
train_03718,179,Spyker C8 Coupe 2009,images/train/train_03718.jpg
train_03719,179,Spyker C8 Coupe 2009,images/train/train_03719.jpg
train_03720,179,Spyker C8 Coupe 2009,images/train/train_03720.jpg
train_03721,179,Spyker C8 Coupe 2009,images/train/train_03721.jpg
train_03722,179,Spyker C8 Coupe 2009,images/train/train_03722.jpg
train_03723,179,Spyker C8 Coupe 2009,images/train/train_03723.jpg
train_03724,179,Spyker C8 Coupe 2009,images/train/train_03724.jpg
train_03725,179,Spyker C8 Coupe 2009,images/train/train_03725.jpg
train_03726,179,Spyker C8 Coupe 2009,images/train/train_03726.jpg
train_03727,179,Spyker C8 Coupe 2009,images/train/train_03727.jpg
train_03728,179,Spyker C8 Coupe 2009,images/train/train_03728.jpg
train_03729,179,Spyker C8 Coupe 2009,images/train/train_03729.jpg
train_03730,179,Spyker C8 Coupe 2009,images/train/train_03730.jpg
train_03731,179,Spyker C8 Coupe 2009,images/train/train_03731.jpg
train_03732,179,Spyker C8 Coupe 2009,images/train/train_03732.jpg
train_03733,179,Spyker C8 Coupe 2009,images/train/train_03733.jpg
train_03735,179,Spyker C8 Coupe 2009,images/train/train_03735.jpg
train_03737,179,Spyker C8 Coupe 2009,images/train/train_03737.jpg
train_03739,179,Spyker C8 Coupe 2009,images/train/train_03739.jpg
train_03740,179,Spyker C8 Coupe 2009,images/train/train_03740.jpg
train_03742,179,Spyker C8 Coupe 2009,images/train/train_03742.jpg
train_03743,179,Spyker C8 Coupe 2009,images/train/train_03743.jpg
train_03744,179,Spyker C8 Coupe 2009,images/train/train_03744.jpg
train_03745,179,Spyker C8 Coupe 2009,images/train/train_03745.jpg
train_03746,179,Spyker C8 Coupe 2009,images/train/train_03746.jpg
train_03747,179,Spyker C8 Coupe 2009,images/train/train_03747.jpg
train_03748,179,Spyker C8 Coupe 2009,images/train/train_03748.jpg
train_03750,179,Spyker C8 Coupe 2009,images/train/train_03750.jpg
train_03751,179,Spyker C8 Coupe 2009,images/train/train_03751.jpg
train_03752,179,Spyker C8 Coupe 2009,images/train/train_03752.jpg
train_03753,179,Spyker C8 Coupe 2009,images/train/train_03753.jpg
train_03754,179,Spyker C8 Coupe 2009,images/train/train_03754.jpg
train_03755,179,Spyker C8 Coupe 2009,images/train/train_03755.jpg
train_03756,179,Spyker C8 Coupe 2009,images/train/train_03756.jpg
train_03757,179,Spyker C8 Coupe 2009,images/train/train_03757.jpg
train_03759,179,Spyker C8 Coupe 2009,images/train/train_03759.jpg
train_03760,18,Audi TT Hatchback 2011,images/train/train_03760.jpg
train_03761,18,Audi TT Hatchback 2011,images/train/train_03761.jpg
train_03762,18,Audi TT Hatchback 2011,images/train/train_03762.jpg
train_03764,18,Audi TT Hatchback 2011,images/train/train_03764.jpg
train_03765,18,Audi TT Hatchback 2011,images/train/train_03765.jpg
train_03766,18,Audi TT Hatchback 2011,images/train/train_03766.jpg
train_03768,18,Audi TT Hatchback 2011,images/train/train_03768.jpg
train_03769,18,Audi TT Hatchback 2011,images/train/train_03769.jpg
train_03771,18,Audi TT Hatchback 2011,images/train/train_03771.jpg
train_03772,18,Audi TT Hatchback 2011,images/train/train_03772.jpg
train_03773,18,Audi TT Hatchback 2011,images/train/train_03773.jpg
train_03774,18,Audi TT Hatchback 2011,images/train/train_03774.jpg
train_03775,18,Audi TT Hatchback 2011,images/train/train_03775.jpg
train_03776,18,Audi TT Hatchback 2011,images/train/train_03776.jpg
train_03777,18,Audi TT Hatchback 2011,images/train/train_03777.jpg
train_03779,18,Audi TT Hatchback 2011,images/train/train_03779.jpg
train_03780,18,Audi TT Hatchback 2011,images/train/train_03780.jpg
train_03781,18,Audi TT Hatchback 2011,images/train/train_03781.jpg
train_03782,18,Audi TT Hatchback 2011,images/train/train_03782.jpg
train_03784,18,Audi TT Hatchback 2011,images/train/train_03784.jpg
train_03785,18,Audi TT Hatchback 2011,images/train/train_03785.jpg
train_03786,18,Audi TT Hatchback 2011,images/train/train_03786.jpg
train_03787,18,Audi TT Hatchback 2011,images/train/train_03787.jpg
train_03789,18,Audi TT Hatchback 2011,images/train/train_03789.jpg
train_03790,18,Audi TT Hatchback 2011,images/train/train_03790.jpg
train_03791,18,Audi TT Hatchback 2011,images/train/train_03791.jpg
train_03792,18,Audi TT Hatchback 2011,images/train/train_03792.jpg
train_03793,18,Audi TT Hatchback 2011,images/train/train_03793.jpg
train_03794,18,Audi TT Hatchback 2011,images/train/train_03794.jpg
train_03795,18,Audi TT Hatchback 2011,images/train/train_03795.jpg
train_03796,18,Audi TT Hatchback 2011,images/train/train_03796.jpg
train_03797,18,Audi TT Hatchback 2011,images/train/train_03797.jpg
train_03798,18,Audi TT Hatchback 2011,images/train/train_03798.jpg
train_03799,18,Audi TT Hatchback 2011,images/train/train_03799.jpg
train_03800,18,Audi TT Hatchback 2011,images/train/train_03800.jpg
train_03801,180,Suzuki Aerio Sedan 2007,images/train/train_03801.jpg
train_03802,180,Suzuki Aerio Sedan 2007,images/train/train_03802.jpg
train_03803,180,Suzuki Aerio Sedan 2007,images/train/train_03803.jpg
train_03804,180,Suzuki Aerio Sedan 2007,images/train/train_03804.jpg
train_03806,180,Suzuki Aerio Sedan 2007,images/train/train_03806.jpg
train_03807,180,Suzuki Aerio Sedan 2007,images/train/train_03807.jpg
train_03808,180,Suzuki Aerio Sedan 2007,images/train/train_03808.jpg
train_03809,180,Suzuki Aerio Sedan 2007,images/train/train_03809.jpg
train_03810,180,Suzuki Aerio Sedan 2007,images/train/train_03810.jpg
train_03811,180,Suzuki Aerio Sedan 2007,images/train/train_03811.jpg
train_03812,180,Suzuki Aerio Sedan 2007,images/train/train_03812.jpg
train_03813,180,Suzuki Aerio Sedan 2007,images/train/train_03813.jpg
train_03816,180,Suzuki Aerio Sedan 2007,images/train/train_03816.jpg
train_03817,180,Suzuki Aerio Sedan 2007,images/train/train_03817.jpg
train_03819,180,Suzuki Aerio Sedan 2007,images/train/train_03819.jpg
train_03820,180,Suzuki Aerio Sedan 2007,images/train/train_03820.jpg
train_03822,180,Suzuki Aerio Sedan 2007,images/train/train_03822.jpg
train_03823,180,Suzuki Aerio Sedan 2007,images/train/train_03823.jpg
train_03824,180,Suzuki Aerio Sedan 2007,images/train/train_03824.jpg
train_03825,180,Suzuki Aerio Sedan 2007,images/train/train_03825.jpg
train_03826,180,Suzuki Aerio Sedan 2007,images/train/train_03826.jpg
train_03827,180,Suzuki Aerio Sedan 2007,images/train/train_03827.jpg
train_03828,180,Suzuki Aerio Sedan 2007,images/train/train_03828.jpg
train_03829,180,Suzuki Aerio Sedan 2007,images/train/train_03829.jpg
train_03831,180,Suzuki Aerio Sedan 2007,images/train/train_03831.jpg
train_03832,180,Suzuki Aerio Sedan 2007,images/train/train_03832.jpg
train_03833,180,Suzuki Aerio Sedan 2007,images/train/train_03833.jpg
train_03834,180,Suzuki Aerio Sedan 2007,images/train/train_03834.jpg
train_03835,180,Suzuki Aerio Sedan 2007,images/train/train_03835.jpg
train_03836,180,Suzuki Aerio Sedan 2007,images/train/train_03836.jpg
train_03837,180,Suzuki Aerio Sedan 2007,images/train/train_03837.jpg
train_03838,180,Suzuki Aerio Sedan 2007,images/train/train_03838.jpg
train_03839,181,Suzuki Kizashi Sedan 2012,images/train/train_03839.jpg
train_03840,181,Suzuki Kizashi Sedan 2012,images/train/train_03840.jpg
train_03841,181,Suzuki Kizashi Sedan 2012,images/train/train_03841.jpg
train_03842,181,Suzuki Kizashi Sedan 2012,images/train/train_03842.jpg
train_03843,181,Suzuki Kizashi Sedan 2012,images/train/train_03843.jpg
train_03844,181,Suzuki Kizashi Sedan 2012,images/train/train_03844.jpg
train_03846,181,Suzuki Kizashi Sedan 2012,images/train/train_03846.jpg
train_03847,181,Suzuki Kizashi Sedan 2012,images/train/train_03847.jpg
train_03848,181,Suzuki Kizashi Sedan 2012,images/train/train_03848.jpg
train_03849,181,Suzuki Kizashi Sedan 2012,images/train/train_03849.jpg
train_03850,181,Suzuki Kizashi Sedan 2012,images/train/train_03850.jpg
train_03851,181,Suzuki Kizashi Sedan 2012,images/train/train_03851.jpg
train_03854,181,Suzuki Kizashi Sedan 2012,images/train/train_03854.jpg
train_03855,181,Suzuki Kizashi Sedan 2012,images/train/train_03855.jpg
train_03856,181,Suzuki Kizashi Sedan 2012,images/train/train_03856.jpg
train_03857,181,Suzuki Kizashi Sedan 2012,images/train/train_03857.jpg
train_03862,181,Suzuki Kizashi Sedan 2012,images/train/train_03862.jpg
train_03863,181,Suzuki Kizashi Sedan 2012,images/train/train_03863.jpg
train_03864,181,Suzuki Kizashi Sedan 2012,images/train/train_03864.jpg
train_03865,181,Suzuki Kizashi Sedan 2012,images/train/train_03865.jpg
train_03866,181,Suzuki Kizashi Sedan 2012,images/train/train_03866.jpg
train_03867,181,Suzuki Kizashi Sedan 2012,images/train/train_03867.jpg
train_03868,181,Suzuki Kizashi Sedan 2012,images/train/train_03868.jpg
train_03869,181,Suzuki Kizashi Sedan 2012,images/train/train_03869.jpg
train_03870,181,Suzuki Kizashi Sedan 2012,images/train/train_03870.jpg
train_03871,181,Suzuki Kizashi Sedan 2012,images/train/train_03871.jpg
train_03872,181,Suzuki Kizashi Sedan 2012,images/train/train_03872.jpg
train_03873,181,Suzuki Kizashi Sedan 2012,images/train/train_03873.jpg
train_03874,181,Suzuki Kizashi Sedan 2012,images/train/train_03874.jpg
train_03875,181,Suzuki Kizashi Sedan 2012,images/train/train_03875.jpg
train_03876,181,Suzuki Kizashi Sedan 2012,images/train/train_03876.jpg
train_03877,181,Suzuki Kizashi Sedan 2012,images/train/train_03877.jpg
train_03878,181,Suzuki Kizashi Sedan 2012,images/train/train_03878.jpg
train_03879,181,Suzuki Kizashi Sedan 2012,images/train/train_03879.jpg
train_03880,181,Suzuki Kizashi Sedan 2012,images/train/train_03880.jpg
train_03881,181,Suzuki Kizashi Sedan 2012,images/train/train_03881.jpg
train_03882,181,Suzuki Kizashi Sedan 2012,images/train/train_03882.jpg
train_03883,181,Suzuki Kizashi Sedan 2012,images/train/train_03883.jpg
train_03884,181,Suzuki Kizashi Sedan 2012,images/train/train_03884.jpg
train_03886,182,Suzuki SX4 Hatchback 2012,images/train/train_03886.jpg
train_03888,182,Suzuki SX4 Hatchback 2012,images/train/train_03888.jpg
train_03889,182,Suzuki SX4 Hatchback 2012,images/train/train_03889.jpg
train_03890,182,Suzuki SX4 Hatchback 2012,images/train/train_03890.jpg
train_03891,182,Suzuki SX4 Hatchback 2012,images/train/train_03891.jpg
train_03892,182,Suzuki SX4 Hatchback 2012,images/train/train_03892.jpg
train_03893,182,Suzuki SX4 Hatchback 2012,images/train/train_03893.jpg
train_03894,182,Suzuki SX4 Hatchback 2012,images/train/train_03894.jpg
train_03895,182,Suzuki SX4 Hatchback 2012,images/train/train_03895.jpg
train_03896,182,Suzuki SX4 Hatchback 2012,images/train/train_03896.jpg
train_03897,182,Suzuki SX4 Hatchback 2012,images/train/train_03897.jpg
train_03898,182,Suzuki SX4 Hatchback 2012,images/train/train_03898.jpg
train_03899,182,Suzuki SX4 Hatchback 2012,images/train/train_03899.jpg
train_03900,182,Suzuki SX4 Hatchback 2012,images/train/train_03900.jpg
train_03901,182,Suzuki SX4 Hatchback 2012,images/train/train_03901.jpg
train_03903,182,Suzuki SX4 Hatchback 2012,images/train/train_03903.jpg
train_03904,182,Suzuki SX4 Hatchback 2012,images/train/train_03904.jpg
train_03906,182,Suzuki SX4 Hatchback 2012,images/train/train_03906.jpg
train_03907,182,Suzuki SX4 Hatchback 2012,images/train/train_03907.jpg
train_03908,182,Suzuki SX4 Hatchback 2012,images/train/train_03908.jpg
train_03909,182,Suzuki SX4 Hatchback 2012,images/train/train_03909.jpg
train_03910,182,Suzuki SX4 Hatchback 2012,images/train/train_03910.jpg
train_03911,182,Suzuki SX4 Hatchback 2012,images/train/train_03911.jpg
train_03912,182,Suzuki SX4 Hatchback 2012,images/train/train_03912.jpg
train_03913,182,Suzuki SX4 Hatchback 2012,images/train/train_03913.jpg
train_03915,182,Suzuki SX4 Hatchback 2012,images/train/train_03915.jpg
train_03916,182,Suzuki SX4 Hatchback 2012,images/train/train_03916.jpg
train_03917,182,Suzuki SX4 Hatchback 2012,images/train/train_03917.jpg
train_03918,182,Suzuki SX4 Hatchback 2012,images/train/train_03918.jpg
train_03919,182,Suzuki SX4 Hatchback 2012,images/train/train_03919.jpg
train_03921,182,Suzuki SX4 Hatchback 2012,images/train/train_03921.jpg
train_03922,182,Suzuki SX4 Hatchback 2012,images/train/train_03922.jpg
train_03923,182,Suzuki SX4 Hatchback 2012,images/train/train_03923.jpg
train_03924,182,Suzuki SX4 Hatchback 2012,images/train/train_03924.jpg
train_03925,182,Suzuki SX4 Hatchback 2012,images/train/train_03925.jpg
train_03926,182,Suzuki SX4 Hatchback 2012,images/train/train_03926.jpg
train_03928,183,Suzuki SX4 Sedan 2012,images/train/train_03928.jpg
train_03929,183,Suzuki SX4 Sedan 2012,images/train/train_03929.jpg
train_03930,183,Suzuki SX4 Sedan 2012,images/train/train_03930.jpg
train_03931,183,Suzuki SX4 Sedan 2012,images/train/train_03931.jpg
train_03933,183,Suzuki SX4 Sedan 2012,images/train/train_03933.jpg
train_03934,183,Suzuki SX4 Sedan 2012,images/train/train_03934.jpg
train_03935,183,Suzuki SX4 Sedan 2012,images/train/train_03935.jpg
train_03936,183,Suzuki SX4 Sedan 2012,images/train/train_03936.jpg
train_03937,183,Suzuki SX4 Sedan 2012,images/train/train_03937.jpg
train_03938,183,Suzuki SX4 Sedan 2012,images/train/train_03938.jpg
train_03940,183,Suzuki SX4 Sedan 2012,images/train/train_03940.jpg
train_03941,183,Suzuki SX4 Sedan 2012,images/train/train_03941.jpg
train_03942,183,Suzuki SX4 Sedan 2012,images/train/train_03942.jpg
train_03944,183,Suzuki SX4 Sedan 2012,images/train/train_03944.jpg
train_03945,183,Suzuki SX4 Sedan 2012,images/train/train_03945.jpg
train_03946,183,Suzuki SX4 Sedan 2012,images/train/train_03946.jpg
train_03947,183,Suzuki SX4 Sedan 2012,images/train/train_03947.jpg
train_03948,183,Suzuki SX4 Sedan 2012,images/train/train_03948.jpg
train_03950,183,Suzuki SX4 Sedan 2012,images/train/train_03950.jpg
train_03951,183,Suzuki SX4 Sedan 2012,images/train/train_03951.jpg
train_03952,183,Suzuki SX4 Sedan 2012,images/train/train_03952.jpg
train_03954,183,Suzuki SX4 Sedan 2012,images/train/train_03954.jpg
train_03955,183,Suzuki SX4 Sedan 2012,images/train/train_03955.jpg
train_03956,183,Suzuki SX4 Sedan 2012,images/train/train_03956.jpg
train_03957,183,Suzuki SX4 Sedan 2012,images/train/train_03957.jpg
train_03958,183,Suzuki SX4 Sedan 2012,images/train/train_03958.jpg
train_03959,183,Suzuki SX4 Sedan 2012,images/train/train_03959.jpg
train_03960,183,Suzuki SX4 Sedan 2012,images/train/train_03960.jpg
train_03961,183,Suzuki SX4 Sedan 2012,images/train/train_03961.jpg
train_03962,183,Suzuki SX4 Sedan 2012,images/train/train_03962.jpg
train_03963,183,Suzuki SX4 Sedan 2012,images/train/train_03963.jpg
train_03964,183,Suzuki SX4 Sedan 2012,images/train/train_03964.jpg
train_03965,183,Suzuki SX4 Sedan 2012,images/train/train_03965.jpg
train_03966,183,Suzuki SX4 Sedan 2012,images/train/train_03966.jpg
train_03967,183,Suzuki SX4 Sedan 2012,images/train/train_03967.jpg
train_03968,184,Tesla Model S Sedan 2012,images/train/train_03968.jpg
train_03970,184,Tesla Model S Sedan 2012,images/train/train_03970.jpg
train_03972,184,Tesla Model S Sedan 2012,images/train/train_03972.jpg
train_03974,184,Tesla Model S Sedan 2012,images/train/train_03974.jpg
train_03975,184,Tesla Model S Sedan 2012,images/train/train_03975.jpg
train_03976,184,Tesla Model S Sedan 2012,images/train/train_03976.jpg
train_03977,184,Tesla Model S Sedan 2012,images/train/train_03977.jpg
train_03978,184,Tesla Model S Sedan 2012,images/train/train_03978.jpg
train_03979,184,Tesla Model S Sedan 2012,images/train/train_03979.jpg
train_03980,184,Tesla Model S Sedan 2012,images/train/train_03980.jpg
train_03981,184,Tesla Model S Sedan 2012,images/train/train_03981.jpg
train_03982,184,Tesla Model S Sedan 2012,images/train/train_03982.jpg
train_03983,184,Tesla Model S Sedan 2012,images/train/train_03983.jpg
train_03984,184,Tesla Model S Sedan 2012,images/train/train_03984.jpg
train_03985,184,Tesla Model S Sedan 2012,images/train/train_03985.jpg
train_03986,184,Tesla Model S Sedan 2012,images/train/train_03986.jpg
train_03987,184,Tesla Model S Sedan 2012,images/train/train_03987.jpg
train_03989,184,Tesla Model S Sedan 2012,images/train/train_03989.jpg
train_03990,184,Tesla Model S Sedan 2012,images/train/train_03990.jpg
train_03991,184,Tesla Model S Sedan 2012,images/train/train_03991.jpg
train_03992,184,Tesla Model S Sedan 2012,images/train/train_03992.jpg
train_03993,184,Tesla Model S Sedan 2012,images/train/train_03993.jpg
train_03995,184,Tesla Model S Sedan 2012,images/train/train_03995.jpg
train_03996,184,Tesla Model S Sedan 2012,images/train/train_03996.jpg
train_03997,184,Tesla Model S Sedan 2012,images/train/train_03997.jpg
train_03998,184,Tesla Model S Sedan 2012,images/train/train_03998.jpg
train_03999,184,Tesla Model S Sedan 2012,images/train/train_03999.jpg
train_04001,184,Tesla Model S Sedan 2012,images/train/train_04001.jpg
train_04002,184,Tesla Model S Sedan 2012,images/train/train_04002.jpg
train_04003,184,Tesla Model S Sedan 2012,images/train/train_04003.jpg
train_04004,184,Tesla Model S Sedan 2012,images/train/train_04004.jpg
train_04005,184,Tesla Model S Sedan 2012,images/train/train_04005.jpg
train_04006,184,Tesla Model S Sedan 2012,images/train/train_04006.jpg
train_04007,185,Toyota Sequoia SUV 2012,images/train/train_04007.jpg
train_04008,185,Toyota Sequoia SUV 2012,images/train/train_04008.jpg
train_04009,185,Toyota Sequoia SUV 2012,images/train/train_04009.jpg
train_04010,185,Toyota Sequoia SUV 2012,images/train/train_04010.jpg
train_04012,185,Toyota Sequoia SUV 2012,images/train/train_04012.jpg
train_04013,185,Toyota Sequoia SUV 2012,images/train/train_04013.jpg
train_04014,185,Toyota Sequoia SUV 2012,images/train/train_04014.jpg
train_04015,185,Toyota Sequoia SUV 2012,images/train/train_04015.jpg
train_04016,185,Toyota Sequoia SUV 2012,images/train/train_04016.jpg
train_04017,185,Toyota Sequoia SUV 2012,images/train/train_04017.jpg
train_04018,185,Toyota Sequoia SUV 2012,images/train/train_04018.jpg
train_04019,185,Toyota Sequoia SUV 2012,images/train/train_04019.jpg
train_04020,185,Toyota Sequoia SUV 2012,images/train/train_04020.jpg
train_04021,185,Toyota Sequoia SUV 2012,images/train/train_04021.jpg
train_04022,185,Toyota Sequoia SUV 2012,images/train/train_04022.jpg
train_04023,185,Toyota Sequoia SUV 2012,images/train/train_04023.jpg
train_04024,185,Toyota Sequoia SUV 2012,images/train/train_04024.jpg
train_04025,185,Toyota Sequoia SUV 2012,images/train/train_04025.jpg
train_04026,185,Toyota Sequoia SUV 2012,images/train/train_04026.jpg
train_04027,185,Toyota Sequoia SUV 2012,images/train/train_04027.jpg
train_04028,185,Toyota Sequoia SUV 2012,images/train/train_04028.jpg
train_04029,185,Toyota Sequoia SUV 2012,images/train/train_04029.jpg
train_04030,185,Toyota Sequoia SUV 2012,images/train/train_04030.jpg
train_04031,185,Toyota Sequoia SUV 2012,images/train/train_04031.jpg
train_04032,185,Toyota Sequoia SUV 2012,images/train/train_04032.jpg
train_04035,185,Toyota Sequoia SUV 2012,images/train/train_04035.jpg
train_04037,185,Toyota Sequoia SUV 2012,images/train/train_04037.jpg
train_04039,185,Toyota Sequoia SUV 2012,images/train/train_04039.jpg
train_04040,185,Toyota Sequoia SUV 2012,images/train/train_04040.jpg
train_04042,185,Toyota Sequoia SUV 2012,images/train/train_04042.jpg
train_04043,185,Toyota Sequoia SUV 2012,images/train/train_04043.jpg
train_04044,185,Toyota Sequoia SUV 2012,images/train/train_04044.jpg
train_04045,185,Toyota Sequoia SUV 2012,images/train/train_04045.jpg
train_04046,186,Toyota Camry Sedan 2012,images/train/train_04046.jpg
train_04047,186,Toyota Camry Sedan 2012,images/train/train_04047.jpg
train_04048,186,Toyota Camry Sedan 2012,images/train/train_04048.jpg
train_04049,186,Toyota Camry Sedan 2012,images/train/train_04049.jpg
train_04050,186,Toyota Camry Sedan 2012,images/train/train_04050.jpg
train_04051,186,Toyota Camry Sedan 2012,images/train/train_04051.jpg
train_04052,186,Toyota Camry Sedan 2012,images/train/train_04052.jpg
train_04053,186,Toyota Camry Sedan 2012,images/train/train_04053.jpg
train_04054,186,Toyota Camry Sedan 2012,images/train/train_04054.jpg
train_04055,186,Toyota Camry Sedan 2012,images/train/train_04055.jpg
train_04056,186,Toyota Camry Sedan 2012,images/train/train_04056.jpg
train_04057,186,Toyota Camry Sedan 2012,images/train/train_04057.jpg
train_04059,186,Toyota Camry Sedan 2012,images/train/train_04059.jpg
train_04060,186,Toyota Camry Sedan 2012,images/train/train_04060.jpg
train_04061,186,Toyota Camry Sedan 2012,images/train/train_04061.jpg
train_04062,186,Toyota Camry Sedan 2012,images/train/train_04062.jpg
train_04063,186,Toyota Camry Sedan 2012,images/train/train_04063.jpg
train_04065,186,Toyota Camry Sedan 2012,images/train/train_04065.jpg
train_04066,186,Toyota Camry Sedan 2012,images/train/train_04066.jpg
train_04067,186,Toyota Camry Sedan 2012,images/train/train_04067.jpg
train_04069,186,Toyota Camry Sedan 2012,images/train/train_04069.jpg
train_04070,186,Toyota Camry Sedan 2012,images/train/train_04070.jpg
train_04071,186,Toyota Camry Sedan 2012,images/train/train_04071.jpg
train_04072,186,Toyota Camry Sedan 2012,images/train/train_04072.jpg
train_04074,186,Toyota Camry Sedan 2012,images/train/train_04074.jpg
train_04075,186,Toyota Camry Sedan 2012,images/train/train_04075.jpg
train_04076,186,Toyota Camry Sedan 2012,images/train/train_04076.jpg
train_04077,186,Toyota Camry Sedan 2012,images/train/train_04077.jpg
train_04081,186,Toyota Camry Sedan 2012,images/train/train_04081.jpg
train_04082,186,Toyota Camry Sedan 2012,images/train/train_04082.jpg
train_04083,186,Toyota Camry Sedan 2012,images/train/train_04083.jpg
train_04084,186,Toyota Camry Sedan 2012,images/train/train_04084.jpg
train_04085,186,Toyota Camry Sedan 2012,images/train/train_04085.jpg
train_04086,186,Toyota Camry Sedan 2012,images/train/train_04086.jpg
train_04087,186,Toyota Camry Sedan 2012,images/train/train_04087.jpg
train_04088,186,Toyota Camry Sedan 2012,images/train/train_04088.jpg
train_04089,186,Toyota Camry Sedan 2012,images/train/train_04089.jpg
train_04090,187,Toyota Corolla Sedan 2012,images/train/train_04090.jpg
train_04091,187,Toyota Corolla Sedan 2012,images/train/train_04091.jpg
train_04093,187,Toyota Corolla Sedan 2012,images/train/train_04093.jpg
train_04094,187,Toyota Corolla Sedan 2012,images/train/train_04094.jpg
train_04095,187,Toyota Corolla Sedan 2012,images/train/train_04095.jpg
train_04096,187,Toyota Corolla Sedan 2012,images/train/train_04096.jpg
train_04097,187,Toyota Corolla Sedan 2012,images/train/train_04097.jpg
train_04098,187,Toyota Corolla Sedan 2012,images/train/train_04098.jpg
train_04099,187,Toyota Corolla Sedan 2012,images/train/train_04099.jpg
train_04100,187,Toyota Corolla Sedan 2012,images/train/train_04100.jpg
train_04101,187,Toyota Corolla Sedan 2012,images/train/train_04101.jpg
train_04102,187,Toyota Corolla Sedan 2012,images/train/train_04102.jpg
train_04104,187,Toyota Corolla Sedan 2012,images/train/train_04104.jpg
train_04105,187,Toyota Corolla Sedan 2012,images/train/train_04105.jpg
train_04106,187,Toyota Corolla Sedan 2012,images/train/train_04106.jpg
train_04107,187,Toyota Corolla Sedan 2012,images/train/train_04107.jpg
train_04108,187,Toyota Corolla Sedan 2012,images/train/train_04108.jpg
train_04109,187,Toyota Corolla Sedan 2012,images/train/train_04109.jpg
train_04110,187,Toyota Corolla Sedan 2012,images/train/train_04110.jpg
train_04111,187,Toyota Corolla Sedan 2012,images/train/train_04111.jpg
train_04112,187,Toyota Corolla Sedan 2012,images/train/train_04112.jpg
train_04114,187,Toyota Corolla Sedan 2012,images/train/train_04114.jpg
train_04115,187,Toyota Corolla Sedan 2012,images/train/train_04115.jpg
train_04116,187,Toyota Corolla Sedan 2012,images/train/train_04116.jpg
train_04117,187,Toyota Corolla Sedan 2012,images/train/train_04117.jpg
train_04118,187,Toyota Corolla Sedan 2012,images/train/train_04118.jpg
train_04119,187,Toyota Corolla Sedan 2012,images/train/train_04119.jpg
train_04120,187,Toyota Corolla Sedan 2012,images/train/train_04120.jpg
train_04121,187,Toyota Corolla Sedan 2012,images/train/train_04121.jpg
train_04122,187,Toyota Corolla Sedan 2012,images/train/train_04122.jpg
train_04123,187,Toyota Corolla Sedan 2012,images/train/train_04123.jpg
train_04124,187,Toyota Corolla Sedan 2012,images/train/train_04124.jpg
train_04126,187,Toyota Corolla Sedan 2012,images/train/train_04126.jpg
train_04127,187,Toyota Corolla Sedan 2012,images/train/train_04127.jpg
train_04129,187,Toyota Corolla Sedan 2012,images/train/train_04129.jpg
train_04130,187,Toyota Corolla Sedan 2012,images/train/train_04130.jpg
train_04133,187,Toyota Corolla Sedan 2012,images/train/train_04133.jpg
train_04134,188,Toyota 4Runner SUV 2012,images/train/train_04134.jpg
train_04135,188,Toyota 4Runner SUV 2012,images/train/train_04135.jpg
train_04136,188,Toyota 4Runner SUV 2012,images/train/train_04136.jpg
train_04138,188,Toyota 4Runner SUV 2012,images/train/train_04138.jpg
train_04139,188,Toyota 4Runner SUV 2012,images/train/train_04139.jpg
train_04140,188,Toyota 4Runner SUV 2012,images/train/train_04140.jpg
train_04141,188,Toyota 4Runner SUV 2012,images/train/train_04141.jpg
train_04142,188,Toyota 4Runner SUV 2012,images/train/train_04142.jpg
train_04143,188,Toyota 4Runner SUV 2012,images/train/train_04143.jpg
train_04144,188,Toyota 4Runner SUV 2012,images/train/train_04144.jpg
train_04146,188,Toyota 4Runner SUV 2012,images/train/train_04146.jpg
train_04147,188,Toyota 4Runner SUV 2012,images/train/train_04147.jpg
train_04148,188,Toyota 4Runner SUV 2012,images/train/train_04148.jpg
train_04149,188,Toyota 4Runner SUV 2012,images/train/train_04149.jpg
train_04150,188,Toyota 4Runner SUV 2012,images/train/train_04150.jpg
train_04151,188,Toyota 4Runner SUV 2012,images/train/train_04151.jpg
train_04152,188,Toyota 4Runner SUV 2012,images/train/train_04152.jpg
train_04153,188,Toyota 4Runner SUV 2012,images/train/train_04153.jpg
train_04154,188,Toyota 4Runner SUV 2012,images/train/train_04154.jpg
train_04155,188,Toyota 4Runner SUV 2012,images/train/train_04155.jpg
train_04156,188,Toyota 4Runner SUV 2012,images/train/train_04156.jpg
train_04157,188,Toyota 4Runner SUV 2012,images/train/train_04157.jpg
train_04158,188,Toyota 4Runner SUV 2012,images/train/train_04158.jpg
train_04160,188,Toyota 4Runner SUV 2012,images/train/train_04160.jpg
train_04161,188,Toyota 4Runner SUV 2012,images/train/train_04161.jpg
train_04162,188,Toyota 4Runner SUV 2012,images/train/train_04162.jpg
train_04163,188,Toyota 4Runner SUV 2012,images/train/train_04163.jpg
train_04164,188,Toyota 4Runner SUV 2012,images/train/train_04164.jpg
train_04165,188,Toyota 4Runner SUV 2012,images/train/train_04165.jpg
train_04167,188,Toyota 4Runner SUV 2012,images/train/train_04167.jpg
train_04169,188,Toyota 4Runner SUV 2012,images/train/train_04169.jpg
train_04170,188,Toyota 4Runner SUV 2012,images/train/train_04170.jpg
train_04171,188,Toyota 4Runner SUV 2012,images/train/train_04171.jpg
train_04172,188,Toyota 4Runner SUV 2012,images/train/train_04172.jpg
train_04174,188,Toyota 4Runner SUV 2012,images/train/train_04174.jpg
train_04175,189,Volkswagen Golf Hatchback 2012,images/train/train_04175.jpg
train_04176,189,Volkswagen Golf Hatchback 2012,images/train/train_04176.jpg
train_04177,189,Volkswagen Golf Hatchback 2012,images/train/train_04177.jpg
train_04178,189,Volkswagen Golf Hatchback 2012,images/train/train_04178.jpg
train_04179,189,Volkswagen Golf Hatchback 2012,images/train/train_04179.jpg
train_04180,189,Volkswagen Golf Hatchback 2012,images/train/train_04180.jpg
train_04181,189,Volkswagen Golf Hatchback 2012,images/train/train_04181.jpg
train_04182,189,Volkswagen Golf Hatchback 2012,images/train/train_04182.jpg
train_04183,189,Volkswagen Golf Hatchback 2012,images/train/train_04183.jpg
train_04184,189,Volkswagen Golf Hatchback 2012,images/train/train_04184.jpg
train_04185,189,Volkswagen Golf Hatchback 2012,images/train/train_04185.jpg
train_04186,189,Volkswagen Golf Hatchback 2012,images/train/train_04186.jpg
train_04187,189,Volkswagen Golf Hatchback 2012,images/train/train_04187.jpg
train_04189,189,Volkswagen Golf Hatchback 2012,images/train/train_04189.jpg
train_04190,189,Volkswagen Golf Hatchback 2012,images/train/train_04190.jpg
train_04191,189,Volkswagen Golf Hatchback 2012,images/train/train_04191.jpg
train_04193,189,Volkswagen Golf Hatchback 2012,images/train/train_04193.jpg
train_04195,189,Volkswagen Golf Hatchback 2012,images/train/train_04195.jpg
train_04196,189,Volkswagen Golf Hatchback 2012,images/train/train_04196.jpg
train_04197,189,Volkswagen Golf Hatchback 2012,images/train/train_04197.jpg
train_04198,189,Volkswagen Golf Hatchback 2012,images/train/train_04198.jpg
train_04199,189,Volkswagen Golf Hatchback 2012,images/train/train_04199.jpg
train_04201,189,Volkswagen Golf Hatchback 2012,images/train/train_04201.jpg
train_04202,189,Volkswagen Golf Hatchback 2012,images/train/train_04202.jpg
train_04203,189,Volkswagen Golf Hatchback 2012,images/train/train_04203.jpg
train_04205,189,Volkswagen Golf Hatchback 2012,images/train/train_04205.jpg
train_04206,189,Volkswagen Golf Hatchback 2012,images/train/train_04206.jpg
train_04207,189,Volkswagen Golf Hatchback 2012,images/train/train_04207.jpg
train_04209,189,Volkswagen Golf Hatchback 2012,images/train/train_04209.jpg
train_04210,189,Volkswagen Golf Hatchback 2012,images/train/train_04210.jpg
train_04211,189,Volkswagen Golf Hatchback 2012,images/train/train_04211.jpg
train_04212,189,Volkswagen Golf Hatchback 2012,images/train/train_04212.jpg
train_04213,189,Volkswagen Golf Hatchback 2012,images/train/train_04213.jpg
train_04214,189,Volkswagen Golf Hatchback 2012,images/train/train_04214.jpg
train_04215,189,Volkswagen Golf Hatchback 2012,images/train/train_04215.jpg
train_04216,189,Volkswagen Golf Hatchback 2012,images/train/train_04216.jpg
train_04217,189,Volkswagen Golf Hatchback 2012,images/train/train_04217.jpg
train_04218,19,Audi S6 Sedan 2011,images/train/train_04218.jpg
train_04219,19,Audi S6 Sedan 2011,images/train/train_04219.jpg
train_04220,19,Audi S6 Sedan 2011,images/train/train_04220.jpg
train_04221,19,Audi S6 Sedan 2011,images/train/train_04221.jpg
train_04222,19,Audi S6 Sedan 2011,images/train/train_04222.jpg
train_04223,19,Audi S6 Sedan 2011,images/train/train_04223.jpg
train_04224,19,Audi S6 Sedan 2011,images/train/train_04224.jpg
train_04225,19,Audi S6 Sedan 2011,images/train/train_04225.jpg
train_04226,19,Audi S6 Sedan 2011,images/train/train_04226.jpg
train_04227,19,Audi S6 Sedan 2011,images/train/train_04227.jpg
train_04228,19,Audi S6 Sedan 2011,images/train/train_04228.jpg
train_04229,19,Audi S6 Sedan 2011,images/train/train_04229.jpg
train_04230,19,Audi S6 Sedan 2011,images/train/train_04230.jpg
train_04231,19,Audi S6 Sedan 2011,images/train/train_04231.jpg
train_04232,19,Audi S6 Sedan 2011,images/train/train_04232.jpg
train_04233,19,Audi S6 Sedan 2011,images/train/train_04233.jpg
train_04234,19,Audi S6 Sedan 2011,images/train/train_04234.jpg
train_04235,19,Audi S6 Sedan 2011,images/train/train_04235.jpg
train_04236,19,Audi S6 Sedan 2011,images/train/train_04236.jpg
train_04237,19,Audi S6 Sedan 2011,images/train/train_04237.jpg
train_04239,19,Audi S6 Sedan 2011,images/train/train_04239.jpg
train_04240,19,Audi S6 Sedan 2011,images/train/train_04240.jpg
train_04241,19,Audi S6 Sedan 2011,images/train/train_04241.jpg
train_04244,19,Audi S6 Sedan 2011,images/train/train_04244.jpg
train_04245,19,Audi S6 Sedan 2011,images/train/train_04245.jpg
train_04246,19,Audi S6 Sedan 2011,images/train/train_04246.jpg
train_04247,19,Audi S6 Sedan 2011,images/train/train_04247.jpg
train_04248,19,Audi S6 Sedan 2011,images/train/train_04248.jpg
train_04249,19,Audi S6 Sedan 2011,images/train/train_04249.jpg
train_04251,19,Audi S6 Sedan 2011,images/train/train_04251.jpg
train_04252,19,Audi S6 Sedan 2011,images/train/train_04252.jpg
train_04253,19,Audi S6 Sedan 2011,images/train/train_04253.jpg
train_04254,19,Audi S6 Sedan 2011,images/train/train_04254.jpg
train_04255,19,Audi S6 Sedan 2011,images/train/train_04255.jpg
train_04256,19,Audi S6 Sedan 2011,images/train/train_04256.jpg
train_04257,19,Audi S6 Sedan 2011,images/train/train_04257.jpg
train_04259,19,Audi S6 Sedan 2011,images/train/train_04259.jpg
train_04261,19,Audi S6 Sedan 2011,images/train/train_04261.jpg
train_04262,19,Audi S6 Sedan 2011,images/train/train_04262.jpg
train_04264,190,Volkswagen Golf Hatchback 1991,images/train/train_04264.jpg
train_04267,190,Volkswagen Golf Hatchback 1991,images/train/train_04267.jpg
train_04269,190,Volkswagen Golf Hatchback 1991,images/train/train_04269.jpg
train_04270,190,Volkswagen Golf Hatchback 1991,images/train/train_04270.jpg
train_04271,190,Volkswagen Golf Hatchback 1991,images/train/train_04271.jpg
train_04273,190,Volkswagen Golf Hatchback 1991,images/train/train_04273.jpg
train_04274,190,Volkswagen Golf Hatchback 1991,images/train/train_04274.jpg
train_04275,190,Volkswagen Golf Hatchback 1991,images/train/train_04275.jpg
train_04276,190,Volkswagen Golf Hatchback 1991,images/train/train_04276.jpg
train_04277,190,Volkswagen Golf Hatchback 1991,images/train/train_04277.jpg
train_04278,190,Volkswagen Golf Hatchback 1991,images/train/train_04278.jpg
train_04279,190,Volkswagen Golf Hatchback 1991,images/train/train_04279.jpg
train_04280,190,Volkswagen Golf Hatchback 1991,images/train/train_04280.jpg
train_04281,190,Volkswagen Golf Hatchback 1991,images/train/train_04281.jpg
train_04282,190,Volkswagen Golf Hatchback 1991,images/train/train_04282.jpg
train_04283,190,Volkswagen Golf Hatchback 1991,images/train/train_04283.jpg
train_04284,190,Volkswagen Golf Hatchback 1991,images/train/train_04284.jpg
train_04285,190,Volkswagen Golf Hatchback 1991,images/train/train_04285.jpg
train_04286,190,Volkswagen Golf Hatchback 1991,images/train/train_04286.jpg
train_04288,190,Volkswagen Golf Hatchback 1991,images/train/train_04288.jpg
train_04289,190,Volkswagen Golf Hatchback 1991,images/train/train_04289.jpg
train_04290,190,Volkswagen Golf Hatchback 1991,images/train/train_04290.jpg
train_04291,190,Volkswagen Golf Hatchback 1991,images/train/train_04291.jpg
train_04293,190,Volkswagen Golf Hatchback 1991,images/train/train_04293.jpg
train_04295,190,Volkswagen Golf Hatchback 1991,images/train/train_04295.jpg
train_04296,190,Volkswagen Golf Hatchback 1991,images/train/train_04296.jpg
train_04297,190,Volkswagen Golf Hatchback 1991,images/train/train_04297.jpg
train_04298,190,Volkswagen Golf Hatchback 1991,images/train/train_04298.jpg
train_04299,190,Volkswagen Golf Hatchback 1991,images/train/train_04299.jpg
train_04300,190,Volkswagen Golf Hatchback 1991,images/train/train_04300.jpg
train_04301,190,Volkswagen Golf Hatchback 1991,images/train/train_04301.jpg
train_04302,190,Volkswagen Golf Hatchback 1991,images/train/train_04302.jpg
train_04303,190,Volkswagen Golf Hatchback 1991,images/train/train_04303.jpg
train_04304,190,Volkswagen Golf Hatchback 1991,images/train/train_04304.jpg
train_04305,190,Volkswagen Golf Hatchback 1991,images/train/train_04305.jpg
train_04306,190,Volkswagen Golf Hatchback 1991,images/train/train_04306.jpg
train_04307,190,Volkswagen Golf Hatchback 1991,images/train/train_04307.jpg
train_04308,190,Volkswagen Golf Hatchback 1991,images/train/train_04308.jpg
train_04309,190,Volkswagen Golf Hatchback 1991,images/train/train_04309.jpg
train_04310,191,Volkswagen Beetle Hatchback 2012,images/train/train_04310.jpg
train_04312,191,Volkswagen Beetle Hatchback 2012,images/train/train_04312.jpg
train_04313,191,Volkswagen Beetle Hatchback 2012,images/train/train_04313.jpg
train_04314,191,Volkswagen Beetle Hatchback 2012,images/train/train_04314.jpg
train_04315,191,Volkswagen Beetle Hatchback 2012,images/train/train_04315.jpg
train_04316,191,Volkswagen Beetle Hatchback 2012,images/train/train_04316.jpg
train_04317,191,Volkswagen Beetle Hatchback 2012,images/train/train_04317.jpg
train_04319,191,Volkswagen Beetle Hatchback 2012,images/train/train_04319.jpg
train_04320,191,Volkswagen Beetle Hatchback 2012,images/train/train_04320.jpg
train_04321,191,Volkswagen Beetle Hatchback 2012,images/train/train_04321.jpg
train_04322,191,Volkswagen Beetle Hatchback 2012,images/train/train_04322.jpg
train_04323,191,Volkswagen Beetle Hatchback 2012,images/train/train_04323.jpg
train_04324,191,Volkswagen Beetle Hatchback 2012,images/train/train_04324.jpg
train_04325,191,Volkswagen Beetle Hatchback 2012,images/train/train_04325.jpg
train_04326,191,Volkswagen Beetle Hatchback 2012,images/train/train_04326.jpg
train_04327,191,Volkswagen Beetle Hatchback 2012,images/train/train_04327.jpg
train_04328,191,Volkswagen Beetle Hatchback 2012,images/train/train_04328.jpg
train_04329,191,Volkswagen Beetle Hatchback 2012,images/train/train_04329.jpg
train_04330,191,Volkswagen Beetle Hatchback 2012,images/train/train_04330.jpg
train_04331,191,Volkswagen Beetle Hatchback 2012,images/train/train_04331.jpg
train_04332,191,Volkswagen Beetle Hatchback 2012,images/train/train_04332.jpg
train_04334,191,Volkswagen Beetle Hatchback 2012,images/train/train_04334.jpg
train_04335,191,Volkswagen Beetle Hatchback 2012,images/train/train_04335.jpg
train_04336,191,Volkswagen Beetle Hatchback 2012,images/train/train_04336.jpg
train_04337,191,Volkswagen Beetle Hatchback 2012,images/train/train_04337.jpg
train_04338,191,Volkswagen Beetle Hatchback 2012,images/train/train_04338.jpg
train_04339,191,Volkswagen Beetle Hatchback 2012,images/train/train_04339.jpg
train_04340,191,Volkswagen Beetle Hatchback 2012,images/train/train_04340.jpg
train_04341,191,Volkswagen Beetle Hatchback 2012,images/train/train_04341.jpg
train_04342,191,Volkswagen Beetle Hatchback 2012,images/train/train_04342.jpg
train_04343,191,Volkswagen Beetle Hatchback 2012,images/train/train_04343.jpg
train_04344,191,Volkswagen Beetle Hatchback 2012,images/train/train_04344.jpg
train_04345,191,Volkswagen Beetle Hatchback 2012,images/train/train_04345.jpg
train_04346,191,Volkswagen Beetle Hatchback 2012,images/train/train_04346.jpg
train_04348,191,Volkswagen Beetle Hatchback 2012,images/train/train_04348.jpg
train_04351,191,Volkswagen Beetle Hatchback 2012,images/train/train_04351.jpg
train_04352,191,Volkswagen Beetle Hatchback 2012,images/train/train_04352.jpg
train_04353,192,Volvo C30 Hatchback 2012,images/train/train_04353.jpg
train_04354,192,Volvo C30 Hatchback 2012,images/train/train_04354.jpg
train_04355,192,Volvo C30 Hatchback 2012,images/train/train_04355.jpg
train_04356,192,Volvo C30 Hatchback 2012,images/train/train_04356.jpg
train_04357,192,Volvo C30 Hatchback 2012,images/train/train_04357.jpg
train_04358,192,Volvo C30 Hatchback 2012,images/train/train_04358.jpg
train_04359,192,Volvo C30 Hatchback 2012,images/train/train_04359.jpg
train_04360,192,Volvo C30 Hatchback 2012,images/train/train_04360.jpg
train_04361,192,Volvo C30 Hatchback 2012,images/train/train_04361.jpg
train_04362,192,Volvo C30 Hatchback 2012,images/train/train_04362.jpg
train_04363,192,Volvo C30 Hatchback 2012,images/train/train_04363.jpg
train_04364,192,Volvo C30 Hatchback 2012,images/train/train_04364.jpg
train_04365,192,Volvo C30 Hatchback 2012,images/train/train_04365.jpg
train_04367,192,Volvo C30 Hatchback 2012,images/train/train_04367.jpg
train_04369,192,Volvo C30 Hatchback 2012,images/train/train_04369.jpg
train_04370,192,Volvo C30 Hatchback 2012,images/train/train_04370.jpg
train_04371,192,Volvo C30 Hatchback 2012,images/train/train_04371.jpg
train_04372,192,Volvo C30 Hatchback 2012,images/train/train_04372.jpg
train_04373,192,Volvo C30 Hatchback 2012,images/train/train_04373.jpg
train_04374,192,Volvo C30 Hatchback 2012,images/train/train_04374.jpg
train_04375,192,Volvo C30 Hatchback 2012,images/train/train_04375.jpg
train_04376,192,Volvo C30 Hatchback 2012,images/train/train_04376.jpg
train_04379,192,Volvo C30 Hatchback 2012,images/train/train_04379.jpg
train_04380,192,Volvo C30 Hatchback 2012,images/train/train_04380.jpg
train_04381,192,Volvo C30 Hatchback 2012,images/train/train_04381.jpg
train_04382,192,Volvo C30 Hatchback 2012,images/train/train_04382.jpg
train_04383,192,Volvo C30 Hatchback 2012,images/train/train_04383.jpg
train_04384,192,Volvo C30 Hatchback 2012,images/train/train_04384.jpg
train_04385,192,Volvo C30 Hatchback 2012,images/train/train_04385.jpg
train_04386,192,Volvo C30 Hatchback 2012,images/train/train_04386.jpg
train_04387,192,Volvo C30 Hatchback 2012,images/train/train_04387.jpg
train_04390,192,Volvo C30 Hatchback 2012,images/train/train_04390.jpg
train_04391,192,Volvo C30 Hatchback 2012,images/train/train_04391.jpg
train_04392,192,Volvo C30 Hatchback 2012,images/train/train_04392.jpg
train_04393,192,Volvo C30 Hatchback 2012,images/train/train_04393.jpg
train_04394,192,Volvo C30 Hatchback 2012,images/train/train_04394.jpg
train_04395,193,Volvo 240 Sedan 1993,images/train/train_04395.jpg
train_04396,193,Volvo 240 Sedan 1993,images/train/train_04396.jpg
train_04397,193,Volvo 240 Sedan 1993,images/train/train_04397.jpg
train_04398,193,Volvo 240 Sedan 1993,images/train/train_04398.jpg
train_04399,193,Volvo 240 Sedan 1993,images/train/train_04399.jpg
train_04400,193,Volvo 240 Sedan 1993,images/train/train_04400.jpg
train_04402,193,Volvo 240 Sedan 1993,images/train/train_04402.jpg
train_04403,193,Volvo 240 Sedan 1993,images/train/train_04403.jpg
train_04404,193,Volvo 240 Sedan 1993,images/train/train_04404.jpg
train_04405,193,Volvo 240 Sedan 1993,images/train/train_04405.jpg
train_04406,193,Volvo 240 Sedan 1993,images/train/train_04406.jpg
train_04407,193,Volvo 240 Sedan 1993,images/train/train_04407.jpg
train_04408,193,Volvo 240 Sedan 1993,images/train/train_04408.jpg
train_04409,193,Volvo 240 Sedan 1993,images/train/train_04409.jpg
train_04410,193,Volvo 240 Sedan 1993,images/train/train_04410.jpg
train_04411,193,Volvo 240 Sedan 1993,images/train/train_04411.jpg
train_04412,193,Volvo 240 Sedan 1993,images/train/train_04412.jpg
train_04414,193,Volvo 240 Sedan 1993,images/train/train_04414.jpg
train_04415,193,Volvo 240 Sedan 1993,images/train/train_04415.jpg
train_04416,193,Volvo 240 Sedan 1993,images/train/train_04416.jpg
train_04417,193,Volvo 240 Sedan 1993,images/train/train_04417.jpg
train_04420,193,Volvo 240 Sedan 1993,images/train/train_04420.jpg
train_04421,193,Volvo 240 Sedan 1993,images/train/train_04421.jpg
train_04423,193,Volvo 240 Sedan 1993,images/train/train_04423.jpg
train_04424,193,Volvo 240 Sedan 1993,images/train/train_04424.jpg
train_04425,193,Volvo 240 Sedan 1993,images/train/train_04425.jpg
train_04426,193,Volvo 240 Sedan 1993,images/train/train_04426.jpg
train_04427,193,Volvo 240 Sedan 1993,images/train/train_04427.jpg
train_04428,193,Volvo 240 Sedan 1993,images/train/train_04428.jpg
train_04429,193,Volvo 240 Sedan 1993,images/train/train_04429.jpg
train_04430,193,Volvo 240 Sedan 1993,images/train/train_04430.jpg
train_04431,193,Volvo 240 Sedan 1993,images/train/train_04431.jpg
train_04433,193,Volvo 240 Sedan 1993,images/train/train_04433.jpg
train_04434,193,Volvo 240 Sedan 1993,images/train/train_04434.jpg
train_04435,193,Volvo 240 Sedan 1993,images/train/train_04435.jpg
train_04436,193,Volvo 240 Sedan 1993,images/train/train_04436.jpg
train_04437,193,Volvo 240 Sedan 1993,images/train/train_04437.jpg
train_04438,193,Volvo 240 Sedan 1993,images/train/train_04438.jpg
train_04439,193,Volvo 240 Sedan 1993,images/train/train_04439.jpg
train_04441,194,Volvo XC90 SUV 2007,images/train/train_04441.jpg
train_04442,194,Volvo XC90 SUV 2007,images/train/train_04442.jpg
train_04444,194,Volvo XC90 SUV 2007,images/train/train_04444.jpg
train_04445,194,Volvo XC90 SUV 2007,images/train/train_04445.jpg
train_04446,194,Volvo XC90 SUV 2007,images/train/train_04446.jpg
train_04448,194,Volvo XC90 SUV 2007,images/train/train_04448.jpg
train_04449,194,Volvo XC90 SUV 2007,images/train/train_04449.jpg
train_04450,194,Volvo XC90 SUV 2007,images/train/train_04450.jpg
train_04451,194,Volvo XC90 SUV 2007,images/train/train_04451.jpg
train_04453,194,Volvo XC90 SUV 2007,images/train/train_04453.jpg
train_04454,194,Volvo XC90 SUV 2007,images/train/train_04454.jpg
train_04456,194,Volvo XC90 SUV 2007,images/train/train_04456.jpg
train_04457,194,Volvo XC90 SUV 2007,images/train/train_04457.jpg
train_04458,194,Volvo XC90 SUV 2007,images/train/train_04458.jpg
train_04459,194,Volvo XC90 SUV 2007,images/train/train_04459.jpg
train_04461,194,Volvo XC90 SUV 2007,images/train/train_04461.jpg
train_04462,194,Volvo XC90 SUV 2007,images/train/train_04462.jpg
train_04463,194,Volvo XC90 SUV 2007,images/train/train_04463.jpg
train_04464,194,Volvo XC90 SUV 2007,images/train/train_04464.jpg
train_04465,194,Volvo XC90 SUV 2007,images/train/train_04465.jpg
train_04466,194,Volvo XC90 SUV 2007,images/train/train_04466.jpg
train_04467,194,Volvo XC90 SUV 2007,images/train/train_04467.jpg
train_04468,194,Volvo XC90 SUV 2007,images/train/train_04468.jpg
train_04469,194,Volvo XC90 SUV 2007,images/train/train_04469.jpg
train_04470,194,Volvo XC90 SUV 2007,images/train/train_04470.jpg
train_04471,194,Volvo XC90 SUV 2007,images/train/train_04471.jpg
train_04472,194,Volvo XC90 SUV 2007,images/train/train_04472.jpg
train_04473,194,Volvo XC90 SUV 2007,images/train/train_04473.jpg
train_04474,194,Volvo XC90 SUV 2007,images/train/train_04474.jpg
train_04475,194,Volvo XC90 SUV 2007,images/train/train_04475.jpg
train_04476,194,Volvo XC90 SUV 2007,images/train/train_04476.jpg
train_04478,194,Volvo XC90 SUV 2007,images/train/train_04478.jpg
train_04479,194,Volvo XC90 SUV 2007,images/train/train_04479.jpg
train_04480,194,Volvo XC90 SUV 2007,images/train/train_04480.jpg
train_04481,194,Volvo XC90 SUV 2007,images/train/train_04481.jpg
train_04482,194,Volvo XC90 SUV 2007,images/train/train_04482.jpg
train_04483,194,Volvo XC90 SUV 2007,images/train/train_04483.jpg
train_04484,195,smart fortwo Convertible 2012,images/train/train_04484.jpg
train_04485,195,smart fortwo Convertible 2012,images/train/train_04485.jpg
train_04486,195,smart fortwo Convertible 2012,images/train/train_04486.jpg
train_04487,195,smart fortwo Convertible 2012,images/train/train_04487.jpg
train_04488,195,smart fortwo Convertible 2012,images/train/train_04488.jpg
train_04489,195,smart fortwo Convertible 2012,images/train/train_04489.jpg
train_04490,195,smart fortwo Convertible 2012,images/train/train_04490.jpg
train_04491,195,smart fortwo Convertible 2012,images/train/train_04491.jpg
train_04492,195,smart fortwo Convertible 2012,images/train/train_04492.jpg
train_04494,195,smart fortwo Convertible 2012,images/train/train_04494.jpg
train_04496,195,smart fortwo Convertible 2012,images/train/train_04496.jpg
train_04497,195,smart fortwo Convertible 2012,images/train/train_04497.jpg
train_04499,195,smart fortwo Convertible 2012,images/train/train_04499.jpg
train_04500,195,smart fortwo Convertible 2012,images/train/train_04500.jpg
train_04502,195,smart fortwo Convertible 2012,images/train/train_04502.jpg
train_04503,195,smart fortwo Convertible 2012,images/train/train_04503.jpg
train_04504,195,smart fortwo Convertible 2012,images/train/train_04504.jpg
train_04505,195,smart fortwo Convertible 2012,images/train/train_04505.jpg
train_04506,195,smart fortwo Convertible 2012,images/train/train_04506.jpg
train_04507,195,smart fortwo Convertible 2012,images/train/train_04507.jpg
train_04508,195,smart fortwo Convertible 2012,images/train/train_04508.jpg
train_04509,195,smart fortwo Convertible 2012,images/train/train_04509.jpg
train_04510,195,smart fortwo Convertible 2012,images/train/train_04510.jpg
train_04511,195,smart fortwo Convertible 2012,images/train/train_04511.jpg
train_04512,195,smart fortwo Convertible 2012,images/train/train_04512.jpg
train_04513,195,smart fortwo Convertible 2012,images/train/train_04513.jpg
train_04514,195,smart fortwo Convertible 2012,images/train/train_04514.jpg
train_04515,195,smart fortwo Convertible 2012,images/train/train_04515.jpg
train_04516,195,smart fortwo Convertible 2012,images/train/train_04516.jpg
train_04517,195,smart fortwo Convertible 2012,images/train/train_04517.jpg
train_04518,195,smart fortwo Convertible 2012,images/train/train_04518.jpg
train_04519,195,smart fortwo Convertible 2012,images/train/train_04519.jpg
train_04522,195,smart fortwo Convertible 2012,images/train/train_04522.jpg
train_04523,195,smart fortwo Convertible 2012,images/train/train_04523.jpg
train_04525,2,Acura TL Sedan 2012,images/train/train_04525.jpg
train_04526,2,Acura TL Sedan 2012,images/train/train_04526.jpg
train_04527,2,Acura TL Sedan 2012,images/train/train_04527.jpg
train_04528,2,Acura TL Sedan 2012,images/train/train_04528.jpg
train_04529,2,Acura TL Sedan 2012,images/train/train_04529.jpg
train_04530,2,Acura TL Sedan 2012,images/train/train_04530.jpg
train_04532,2,Acura TL Sedan 2012,images/train/train_04532.jpg
train_04533,2,Acura TL Sedan 2012,images/train/train_04533.jpg
train_04534,2,Acura TL Sedan 2012,images/train/train_04534.jpg
train_04535,2,Acura TL Sedan 2012,images/train/train_04535.jpg
train_04537,2,Acura TL Sedan 2012,images/train/train_04537.jpg
train_04538,2,Acura TL Sedan 2012,images/train/train_04538.jpg
train_04539,2,Acura TL Sedan 2012,images/train/train_04539.jpg
train_04541,2,Acura TL Sedan 2012,images/train/train_04541.jpg
train_04542,2,Acura TL Sedan 2012,images/train/train_04542.jpg
train_04543,2,Acura TL Sedan 2012,images/train/train_04543.jpg
train_04544,2,Acura TL Sedan 2012,images/train/train_04544.jpg
train_04546,2,Acura TL Sedan 2012,images/train/train_04546.jpg
train_04547,2,Acura TL Sedan 2012,images/train/train_04547.jpg
train_04548,2,Acura TL Sedan 2012,images/train/train_04548.jpg
train_04549,2,Acura TL Sedan 2012,images/train/train_04549.jpg
train_04550,2,Acura TL Sedan 2012,images/train/train_04550.jpg
train_04551,2,Acura TL Sedan 2012,images/train/train_04551.jpg
train_04552,2,Acura TL Sedan 2012,images/train/train_04552.jpg
train_04553,2,Acura TL Sedan 2012,images/train/train_04553.jpg
train_04554,2,Acura TL Sedan 2012,images/train/train_04554.jpg
train_04555,2,Acura TL Sedan 2012,images/train/train_04555.jpg
train_04556,2,Acura TL Sedan 2012,images/train/train_04556.jpg
train_04557,2,Acura TL Sedan 2012,images/train/train_04557.jpg
train_04558,2,Acura TL Sedan 2012,images/train/train_04558.jpg
train_04559,2,Acura TL Sedan 2012,images/train/train_04559.jpg
train_04560,2,Acura TL Sedan 2012,images/train/train_04560.jpg
train_04562,2,Acura TL Sedan 2012,images/train/train_04562.jpg
train_04563,2,Acura TL Sedan 2012,images/train/train_04563.jpg
train_04564,2,Acura TL Sedan 2012,images/train/train_04564.jpg
train_04565,2,Acura TL Sedan 2012,images/train/train_04565.jpg
train_04566,2,Acura TL Sedan 2012,images/train/train_04566.jpg
train_04567,20,Audi S5 Convertible 2012,images/train/train_04567.jpg
train_04568,20,Audi S5 Convertible 2012,images/train/train_04568.jpg
train_04569,20,Audi S5 Convertible 2012,images/train/train_04569.jpg
train_04571,20,Audi S5 Convertible 2012,images/train/train_04571.jpg
train_04572,20,Audi S5 Convertible 2012,images/train/train_04572.jpg
train_04573,20,Audi S5 Convertible 2012,images/train/train_04573.jpg
train_04574,20,Audi S5 Convertible 2012,images/train/train_04574.jpg
train_04575,20,Audi S5 Convertible 2012,images/train/train_04575.jpg
train_04576,20,Audi S5 Convertible 2012,images/train/train_04576.jpg
train_04577,20,Audi S5 Convertible 2012,images/train/train_04577.jpg
train_04578,20,Audi S5 Convertible 2012,images/train/train_04578.jpg
train_04579,20,Audi S5 Convertible 2012,images/train/train_04579.jpg
train_04581,20,Audi S5 Convertible 2012,images/train/train_04581.jpg
train_04582,20,Audi S5 Convertible 2012,images/train/train_04582.jpg
train_04583,20,Audi S5 Convertible 2012,images/train/train_04583.jpg
train_04585,20,Audi S5 Convertible 2012,images/train/train_04585.jpg
train_04586,20,Audi S5 Convertible 2012,images/train/train_04586.jpg
train_04587,20,Audi S5 Convertible 2012,images/train/train_04587.jpg
train_04588,20,Audi S5 Convertible 2012,images/train/train_04588.jpg
train_04589,20,Audi S5 Convertible 2012,images/train/train_04589.jpg
train_04590,20,Audi S5 Convertible 2012,images/train/train_04590.jpg
train_04591,20,Audi S5 Convertible 2012,images/train/train_04591.jpg
train_04592,20,Audi S5 Convertible 2012,images/train/train_04592.jpg
train_04593,20,Audi S5 Convertible 2012,images/train/train_04593.jpg
train_04594,20,Audi S5 Convertible 2012,images/train/train_04594.jpg
train_04595,20,Audi S5 Convertible 2012,images/train/train_04595.jpg
train_04596,20,Audi S5 Convertible 2012,images/train/train_04596.jpg
train_04597,20,Audi S5 Convertible 2012,images/train/train_04597.jpg
train_04598,20,Audi S5 Convertible 2012,images/train/train_04598.jpg
train_04599,20,Audi S5 Convertible 2012,images/train/train_04599.jpg
train_04600,20,Audi S5 Convertible 2012,images/train/train_04600.jpg
train_04601,20,Audi S5 Convertible 2012,images/train/train_04601.jpg
train_04602,20,Audi S5 Convertible 2012,images/train/train_04602.jpg
train_04604,20,Audi S5 Convertible 2012,images/train/train_04604.jpg
train_04605,20,Audi S5 Convertible 2012,images/train/train_04605.jpg
train_04606,20,Audi S5 Convertible 2012,images/train/train_04606.jpg
train_04609,21,Audi S5 Coupe 2012,images/train/train_04609.jpg
train_04610,21,Audi S5 Coupe 2012,images/train/train_04610.jpg
train_04611,21,Audi S5 Coupe 2012,images/train/train_04611.jpg
train_04612,21,Audi S5 Coupe 2012,images/train/train_04612.jpg
train_04613,21,Audi S5 Coupe 2012,images/train/train_04613.jpg
train_04614,21,Audi S5 Coupe 2012,images/train/train_04614.jpg
train_04615,21,Audi S5 Coupe 2012,images/train/train_04615.jpg
train_04616,21,Audi S5 Coupe 2012,images/train/train_04616.jpg
train_04617,21,Audi S5 Coupe 2012,images/train/train_04617.jpg
train_04618,21,Audi S5 Coupe 2012,images/train/train_04618.jpg
train_04620,21,Audi S5 Coupe 2012,images/train/train_04620.jpg
train_04621,21,Audi S5 Coupe 2012,images/train/train_04621.jpg
train_04622,21,Audi S5 Coupe 2012,images/train/train_04622.jpg
train_04623,21,Audi S5 Coupe 2012,images/train/train_04623.jpg
train_04624,21,Audi S5 Coupe 2012,images/train/train_04624.jpg
train_04625,21,Audi S5 Coupe 2012,images/train/train_04625.jpg
train_04626,21,Audi S5 Coupe 2012,images/train/train_04626.jpg
train_04627,21,Audi S5 Coupe 2012,images/train/train_04627.jpg
train_04628,21,Audi S5 Coupe 2012,images/train/train_04628.jpg
train_04629,21,Audi S5 Coupe 2012,images/train/train_04629.jpg
train_04630,21,Audi S5 Coupe 2012,images/train/train_04630.jpg
train_04631,21,Audi S5 Coupe 2012,images/train/train_04631.jpg
train_04633,21,Audi S5 Coupe 2012,images/train/train_04633.jpg
train_04634,21,Audi S5 Coupe 2012,images/train/train_04634.jpg
train_04635,21,Audi S5 Coupe 2012,images/train/train_04635.jpg
train_04636,21,Audi S5 Coupe 2012,images/train/train_04636.jpg
train_04637,21,Audi S5 Coupe 2012,images/train/train_04637.jpg
train_04638,21,Audi S5 Coupe 2012,images/train/train_04638.jpg
train_04639,21,Audi S5 Coupe 2012,images/train/train_04639.jpg
train_04640,21,Audi S5 Coupe 2012,images/train/train_04640.jpg
train_04642,21,Audi S5 Coupe 2012,images/train/train_04642.jpg
train_04645,21,Audi S5 Coupe 2012,images/train/train_04645.jpg
train_04646,21,Audi S5 Coupe 2012,images/train/train_04646.jpg
train_04647,21,Audi S5 Coupe 2012,images/train/train_04647.jpg
train_04649,21,Audi S5 Coupe 2012,images/train/train_04649.jpg
train_04650,21,Audi S5 Coupe 2012,images/train/train_04650.jpg
train_04651,21,Audi S5 Coupe 2012,images/train/train_04651.jpg
train_04653,22,Audi S4 Sedan 2012,images/train/train_04653.jpg
train_04654,22,Audi S4 Sedan 2012,images/train/train_04654.jpg
train_04655,22,Audi S4 Sedan 2012,images/train/train_04655.jpg
train_04656,22,Audi S4 Sedan 2012,images/train/train_04656.jpg
train_04657,22,Audi S4 Sedan 2012,images/train/train_04657.jpg
train_04658,22,Audi S4 Sedan 2012,images/train/train_04658.jpg
train_04659,22,Audi S4 Sedan 2012,images/train/train_04659.jpg
train_04660,22,Audi S4 Sedan 2012,images/train/train_04660.jpg
train_04661,22,Audi S4 Sedan 2012,images/train/train_04661.jpg
train_04662,22,Audi S4 Sedan 2012,images/train/train_04662.jpg
train_04663,22,Audi S4 Sedan 2012,images/train/train_04663.jpg
train_04664,22,Audi S4 Sedan 2012,images/train/train_04664.jpg
train_04665,22,Audi S4 Sedan 2012,images/train/train_04665.jpg
train_04666,22,Audi S4 Sedan 2012,images/train/train_04666.jpg
train_04667,22,Audi S4 Sedan 2012,images/train/train_04667.jpg
train_04669,22,Audi S4 Sedan 2012,images/train/train_04669.jpg
train_04670,22,Audi S4 Sedan 2012,images/train/train_04670.jpg
train_04671,22,Audi S4 Sedan 2012,images/train/train_04671.jpg
train_04672,22,Audi S4 Sedan 2012,images/train/train_04672.jpg
train_04674,22,Audi S4 Sedan 2012,images/train/train_04674.jpg
train_04675,22,Audi S4 Sedan 2012,images/train/train_04675.jpg
train_04676,22,Audi S4 Sedan 2012,images/train/train_04676.jpg
train_04677,22,Audi S4 Sedan 2012,images/train/train_04677.jpg
train_04678,22,Audi S4 Sedan 2012,images/train/train_04678.jpg
train_04680,22,Audi S4 Sedan 2012,images/train/train_04680.jpg
train_04681,22,Audi S4 Sedan 2012,images/train/train_04681.jpg
train_04682,22,Audi S4 Sedan 2012,images/train/train_04682.jpg
train_04683,22,Audi S4 Sedan 2012,images/train/train_04683.jpg
train_04684,22,Audi S4 Sedan 2012,images/train/train_04684.jpg
train_04685,22,Audi S4 Sedan 2012,images/train/train_04685.jpg
train_04687,22,Audi S4 Sedan 2012,images/train/train_04687.jpg
train_04688,22,Audi S4 Sedan 2012,images/train/train_04688.jpg
train_04689,22,Audi S4 Sedan 2012,images/train/train_04689.jpg
train_04690,22,Audi S4 Sedan 2012,images/train/train_04690.jpg
train_04692,23,Audi S4 Sedan 2007,images/train/train_04692.jpg
train_04693,23,Audi S4 Sedan 2007,images/train/train_04693.jpg
train_04694,23,Audi S4 Sedan 2007,images/train/train_04694.jpg
train_04695,23,Audi S4 Sedan 2007,images/train/train_04695.jpg
train_04697,23,Audi S4 Sedan 2007,images/train/train_04697.jpg
train_04698,23,Audi S4 Sedan 2007,images/train/train_04698.jpg
train_04699,23,Audi S4 Sedan 2007,images/train/train_04699.jpg
train_04700,23,Audi S4 Sedan 2007,images/train/train_04700.jpg
train_04701,23,Audi S4 Sedan 2007,images/train/train_04701.jpg
train_04704,23,Audi S4 Sedan 2007,images/train/train_04704.jpg
train_04705,23,Audi S4 Sedan 2007,images/train/train_04705.jpg
train_04706,23,Audi S4 Sedan 2007,images/train/train_04706.jpg
train_04707,23,Audi S4 Sedan 2007,images/train/train_04707.jpg
train_04708,23,Audi S4 Sedan 2007,images/train/train_04708.jpg
train_04709,23,Audi S4 Sedan 2007,images/train/train_04709.jpg
train_04711,23,Audi S4 Sedan 2007,images/train/train_04711.jpg
train_04712,23,Audi S4 Sedan 2007,images/train/train_04712.jpg
train_04713,23,Audi S4 Sedan 2007,images/train/train_04713.jpg
train_04714,23,Audi S4 Sedan 2007,images/train/train_04714.jpg
train_04715,23,Audi S4 Sedan 2007,images/train/train_04715.jpg
train_04716,23,Audi S4 Sedan 2007,images/train/train_04716.jpg
train_04717,23,Audi S4 Sedan 2007,images/train/train_04717.jpg
train_04718,23,Audi S4 Sedan 2007,images/train/train_04718.jpg
train_04719,23,Audi S4 Sedan 2007,images/train/train_04719.jpg
train_04720,23,Audi S4 Sedan 2007,images/train/train_04720.jpg
train_04721,23,Audi S4 Sedan 2007,images/train/train_04721.jpg
train_04723,23,Audi S4 Sedan 2007,images/train/train_04723.jpg
train_04724,23,Audi S4 Sedan 2007,images/train/train_04724.jpg
train_04726,23,Audi S4 Sedan 2007,images/train/train_04726.jpg
train_04728,23,Audi S4 Sedan 2007,images/train/train_04728.jpg
train_04729,23,Audi S4 Sedan 2007,images/train/train_04729.jpg
train_04730,23,Audi S4 Sedan 2007,images/train/train_04730.jpg
train_04731,23,Audi S4 Sedan 2007,images/train/train_04731.jpg
train_04732,23,Audi S4 Sedan 2007,images/train/train_04732.jpg
train_04733,23,Audi S4 Sedan 2007,images/train/train_04733.jpg
train_04734,23,Audi S4 Sedan 2007,images/train/train_04734.jpg
train_04735,23,Audi S4 Sedan 2007,images/train/train_04735.jpg
train_04736,23,Audi S4 Sedan 2007,images/train/train_04736.jpg
train_04737,24,Audi TT RS Coupe 2012,images/train/train_04737.jpg
train_04738,24,Audi TT RS Coupe 2012,images/train/train_04738.jpg
train_04739,24,Audi TT RS Coupe 2012,images/train/train_04739.jpg
train_04740,24,Audi TT RS Coupe 2012,images/train/train_04740.jpg
train_04743,24,Audi TT RS Coupe 2012,images/train/train_04743.jpg
train_04744,24,Audi TT RS Coupe 2012,images/train/train_04744.jpg
train_04745,24,Audi TT RS Coupe 2012,images/train/train_04745.jpg
train_04746,24,Audi TT RS Coupe 2012,images/train/train_04746.jpg
train_04747,24,Audi TT RS Coupe 2012,images/train/train_04747.jpg
train_04748,24,Audi TT RS Coupe 2012,images/train/train_04748.jpg
train_04749,24,Audi TT RS Coupe 2012,images/train/train_04749.jpg
train_04750,24,Audi TT RS Coupe 2012,images/train/train_04750.jpg
train_04751,24,Audi TT RS Coupe 2012,images/train/train_04751.jpg
train_04753,24,Audi TT RS Coupe 2012,images/train/train_04753.jpg
train_04754,24,Audi TT RS Coupe 2012,images/train/train_04754.jpg
train_04755,24,Audi TT RS Coupe 2012,images/train/train_04755.jpg
train_04756,24,Audi TT RS Coupe 2012,images/train/train_04756.jpg
train_04757,24,Audi TT RS Coupe 2012,images/train/train_04757.jpg
train_04759,24,Audi TT RS Coupe 2012,images/train/train_04759.jpg
train_04760,24,Audi TT RS Coupe 2012,images/train/train_04760.jpg
train_04761,24,Audi TT RS Coupe 2012,images/train/train_04761.jpg
train_04762,24,Audi TT RS Coupe 2012,images/train/train_04762.jpg
train_04763,24,Audi TT RS Coupe 2012,images/train/train_04763.jpg
train_04764,24,Audi TT RS Coupe 2012,images/train/train_04764.jpg
train_04765,24,Audi TT RS Coupe 2012,images/train/train_04765.jpg
train_04766,24,Audi TT RS Coupe 2012,images/train/train_04766.jpg
train_04767,24,Audi TT RS Coupe 2012,images/train/train_04767.jpg
train_04768,24,Audi TT RS Coupe 2012,images/train/train_04768.jpg
train_04769,24,Audi TT RS Coupe 2012,images/train/train_04769.jpg
train_04771,24,Audi TT RS Coupe 2012,images/train/train_04771.jpg
train_04772,24,Audi TT RS Coupe 2012,images/train/train_04772.jpg
train_04773,24,Audi TT RS Coupe 2012,images/train/train_04773.jpg
train_04775,24,Audi TT RS Coupe 2012,images/train/train_04775.jpg
train_04776,24,Audi TT RS Coupe 2012,images/train/train_04776.jpg
train_04777,25,BMW ActiveHybrid 5 Sedan 2012,images/train/train_04777.jpg
train_04778,25,BMW ActiveHybrid 5 Sedan 2012,images/train/train_04778.jpg
train_04779,25,BMW ActiveHybrid 5 Sedan 2012,images/train/train_04779.jpg
train_04780,25,BMW ActiveHybrid 5 Sedan 2012,images/train/train_04780.jpg
train_04781,25,BMW ActiveHybrid 5 Sedan 2012,images/train/train_04781.jpg
train_04782,25,BMW ActiveHybrid 5 Sedan 2012,images/train/train_04782.jpg
train_04783,25,BMW ActiveHybrid 5 Sedan 2012,images/train/train_04783.jpg
train_04784,25,BMW ActiveHybrid 5 Sedan 2012,images/train/train_04784.jpg
train_04785,25,BMW ActiveHybrid 5 Sedan 2012,images/train/train_04785.jpg
train_04786,25,BMW ActiveHybrid 5 Sedan 2012,images/train/train_04786.jpg
train_04787,25,BMW ActiveHybrid 5 Sedan 2012,images/train/train_04787.jpg
train_04788,25,BMW ActiveHybrid 5 Sedan 2012,images/train/train_04788.jpg
train_04789,25,BMW ActiveHybrid 5 Sedan 2012,images/train/train_04789.jpg
train_04790,25,BMW ActiveHybrid 5 Sedan 2012,images/train/train_04790.jpg
train_04791,25,BMW ActiveHybrid 5 Sedan 2012,images/train/train_04791.jpg
train_04792,25,BMW ActiveHybrid 5 Sedan 2012,images/train/train_04792.jpg
train_04794,25,BMW ActiveHybrid 5 Sedan 2012,images/train/train_04794.jpg
train_04796,25,BMW ActiveHybrid 5 Sedan 2012,images/train/train_04796.jpg
train_04798,25,BMW ActiveHybrid 5 Sedan 2012,images/train/train_04798.jpg
train_04799,25,BMW ActiveHybrid 5 Sedan 2012,images/train/train_04799.jpg
train_04800,25,BMW ActiveHybrid 5 Sedan 2012,images/train/train_04800.jpg
train_04801,25,BMW ActiveHybrid 5 Sedan 2012,images/train/train_04801.jpg
train_04802,25,BMW ActiveHybrid 5 Sedan 2012,images/train/train_04802.jpg
train_04803,25,BMW ActiveHybrid 5 Sedan 2012,images/train/train_04803.jpg
train_04804,25,BMW ActiveHybrid 5 Sedan 2012,images/train/train_04804.jpg
train_04805,25,BMW ActiveHybrid 5 Sedan 2012,images/train/train_04805.jpg
train_04806,25,BMW ActiveHybrid 5 Sedan 2012,images/train/train_04806.jpg
train_04807,25,BMW ActiveHybrid 5 Sedan 2012,images/train/train_04807.jpg
train_04808,25,BMW ActiveHybrid 5 Sedan 2012,images/train/train_04808.jpg
train_04811,26,BMW 1 Series Convertible 2012,images/train/train_04811.jpg
train_04812,26,BMW 1 Series Convertible 2012,images/train/train_04812.jpg
train_04814,26,BMW 1 Series Convertible 2012,images/train/train_04814.jpg
train_04816,26,BMW 1 Series Convertible 2012,images/train/train_04816.jpg
train_04817,26,BMW 1 Series Convertible 2012,images/train/train_04817.jpg
train_04818,26,BMW 1 Series Convertible 2012,images/train/train_04818.jpg
train_04819,26,BMW 1 Series Convertible 2012,images/train/train_04819.jpg
train_04820,26,BMW 1 Series Convertible 2012,images/train/train_04820.jpg
train_04821,26,BMW 1 Series Convertible 2012,images/train/train_04821.jpg
train_04822,26,BMW 1 Series Convertible 2012,images/train/train_04822.jpg
train_04823,26,BMW 1 Series Convertible 2012,images/train/train_04823.jpg
train_04824,26,BMW 1 Series Convertible 2012,images/train/train_04824.jpg
train_04825,26,BMW 1 Series Convertible 2012,images/train/train_04825.jpg
train_04826,26,BMW 1 Series Convertible 2012,images/train/train_04826.jpg
train_04827,26,BMW 1 Series Convertible 2012,images/train/train_04827.jpg
train_04828,26,BMW 1 Series Convertible 2012,images/train/train_04828.jpg
train_04830,26,BMW 1 Series Convertible 2012,images/train/train_04830.jpg
train_04831,26,BMW 1 Series Convertible 2012,images/train/train_04831.jpg
train_04832,26,BMW 1 Series Convertible 2012,images/train/train_04832.jpg
train_04833,26,BMW 1 Series Convertible 2012,images/train/train_04833.jpg
train_04834,26,BMW 1 Series Convertible 2012,images/train/train_04834.jpg
train_04836,26,BMW 1 Series Convertible 2012,images/train/train_04836.jpg
train_04837,26,BMW 1 Series Convertible 2012,images/train/train_04837.jpg
train_04838,26,BMW 1 Series Convertible 2012,images/train/train_04838.jpg
train_04839,26,BMW 1 Series Convertible 2012,images/train/train_04839.jpg
train_04840,26,BMW 1 Series Convertible 2012,images/train/train_04840.jpg
train_04842,26,BMW 1 Series Convertible 2012,images/train/train_04842.jpg
train_04843,26,BMW 1 Series Convertible 2012,images/train/train_04843.jpg
train_04844,26,BMW 1 Series Convertible 2012,images/train/train_04844.jpg
train_04845,26,BMW 1 Series Convertible 2012,images/train/train_04845.jpg
train_04846,26,BMW 1 Series Convertible 2012,images/train/train_04846.jpg
train_04848,27,BMW 1 Series Coupe 2012,images/train/train_04848.jpg
train_04849,27,BMW 1 Series Coupe 2012,images/train/train_04849.jpg
train_04850,27,BMW 1 Series Coupe 2012,images/train/train_04850.jpg
train_04851,27,BMW 1 Series Coupe 2012,images/train/train_04851.jpg
train_04852,27,BMW 1 Series Coupe 2012,images/train/train_04852.jpg
train_04853,27,BMW 1 Series Coupe 2012,images/train/train_04853.jpg
train_04854,27,BMW 1 Series Coupe 2012,images/train/train_04854.jpg
train_04856,27,BMW 1 Series Coupe 2012,images/train/train_04856.jpg
train_04857,27,BMW 1 Series Coupe 2012,images/train/train_04857.jpg
train_04858,27,BMW 1 Series Coupe 2012,images/train/train_04858.jpg
train_04859,27,BMW 1 Series Coupe 2012,images/train/train_04859.jpg
train_04860,27,BMW 1 Series Coupe 2012,images/train/train_04860.jpg
train_04861,27,BMW 1 Series Coupe 2012,images/train/train_04861.jpg
train_04862,27,BMW 1 Series Coupe 2012,images/train/train_04862.jpg
train_04864,27,BMW 1 Series Coupe 2012,images/train/train_04864.jpg
train_04865,27,BMW 1 Series Coupe 2012,images/train/train_04865.jpg
train_04866,27,BMW 1 Series Coupe 2012,images/train/train_04866.jpg
train_04867,27,BMW 1 Series Coupe 2012,images/train/train_04867.jpg
train_04869,27,BMW 1 Series Coupe 2012,images/train/train_04869.jpg
train_04870,27,BMW 1 Series Coupe 2012,images/train/train_04870.jpg
train_04871,27,BMW 1 Series Coupe 2012,images/train/train_04871.jpg
train_04872,27,BMW 1 Series Coupe 2012,images/train/train_04872.jpg
train_04873,27,BMW 1 Series Coupe 2012,images/train/train_04873.jpg
train_04874,27,BMW 1 Series Coupe 2012,images/train/train_04874.jpg
train_04875,27,BMW 1 Series Coupe 2012,images/train/train_04875.jpg
train_04876,27,BMW 1 Series Coupe 2012,images/train/train_04876.jpg
train_04878,27,BMW 1 Series Coupe 2012,images/train/train_04878.jpg
train_04879,27,BMW 1 Series Coupe 2012,images/train/train_04879.jpg
train_04880,27,BMW 1 Series Coupe 2012,images/train/train_04880.jpg
train_04881,27,BMW 1 Series Coupe 2012,images/train/train_04881.jpg
train_04882,27,BMW 1 Series Coupe 2012,images/train/train_04882.jpg
train_04883,27,BMW 1 Series Coupe 2012,images/train/train_04883.jpg
train_04885,27,BMW 1 Series Coupe 2012,images/train/train_04885.jpg
train_04886,27,BMW 1 Series Coupe 2012,images/train/train_04886.jpg
train_04887,27,BMW 1 Series Coupe 2012,images/train/train_04887.jpg
train_04888,28,BMW 3 Series Sedan 2012,images/train/train_04888.jpg
train_04889,28,BMW 3 Series Sedan 2012,images/train/train_04889.jpg
train_04890,28,BMW 3 Series Sedan 2012,images/train/train_04890.jpg
train_04891,28,BMW 3 Series Sedan 2012,images/train/train_04891.jpg
train_04892,28,BMW 3 Series Sedan 2012,images/train/train_04892.jpg
train_04894,28,BMW 3 Series Sedan 2012,images/train/train_04894.jpg
train_04895,28,BMW 3 Series Sedan 2012,images/train/train_04895.jpg
train_04896,28,BMW 3 Series Sedan 2012,images/train/train_04896.jpg
train_04897,28,BMW 3 Series Sedan 2012,images/train/train_04897.jpg
train_04898,28,BMW 3 Series Sedan 2012,images/train/train_04898.jpg
train_04899,28,BMW 3 Series Sedan 2012,images/train/train_04899.jpg
train_04900,28,BMW 3 Series Sedan 2012,images/train/train_04900.jpg
train_04901,28,BMW 3 Series Sedan 2012,images/train/train_04901.jpg
train_04902,28,BMW 3 Series Sedan 2012,images/train/train_04902.jpg
train_04904,28,BMW 3 Series Sedan 2012,images/train/train_04904.jpg
train_04905,28,BMW 3 Series Sedan 2012,images/train/train_04905.jpg
train_04907,28,BMW 3 Series Sedan 2012,images/train/train_04907.jpg
train_04908,28,BMW 3 Series Sedan 2012,images/train/train_04908.jpg
train_04909,28,BMW 3 Series Sedan 2012,images/train/train_04909.jpg
train_04910,28,BMW 3 Series Sedan 2012,images/train/train_04910.jpg
train_04911,28,BMW 3 Series Sedan 2012,images/train/train_04911.jpg
train_04912,28,BMW 3 Series Sedan 2012,images/train/train_04912.jpg
train_04913,28,BMW 3 Series Sedan 2012,images/train/train_04913.jpg
train_04914,28,BMW 3 Series Sedan 2012,images/train/train_04914.jpg
train_04915,28,BMW 3 Series Sedan 2012,images/train/train_04915.jpg
train_04916,28,BMW 3 Series Sedan 2012,images/train/train_04916.jpg
train_04917,28,BMW 3 Series Sedan 2012,images/train/train_04917.jpg
train_04919,28,BMW 3 Series Sedan 2012,images/train/train_04919.jpg
train_04920,28,BMW 3 Series Sedan 2012,images/train/train_04920.jpg
train_04921,28,BMW 3 Series Sedan 2012,images/train/train_04921.jpg
train_04922,28,BMW 3 Series Sedan 2012,images/train/train_04922.jpg
train_04923,28,BMW 3 Series Sedan 2012,images/train/train_04923.jpg
train_04924,28,BMW 3 Series Sedan 2012,images/train/train_04924.jpg
train_04925,28,BMW 3 Series Sedan 2012,images/train/train_04925.jpg
train_04927,28,BMW 3 Series Sedan 2012,images/train/train_04927.jpg
train_04929,28,BMW 3 Series Sedan 2012,images/train/train_04929.jpg
train_04930,28,BMW 3 Series Sedan 2012,images/train/train_04930.jpg
train_04931,29,BMW 3 Series Wagon 2012,images/train/train_04931.jpg
train_04932,29,BMW 3 Series Wagon 2012,images/train/train_04932.jpg
train_04933,29,BMW 3 Series Wagon 2012,images/train/train_04933.jpg
train_04934,29,BMW 3 Series Wagon 2012,images/train/train_04934.jpg
train_04935,29,BMW 3 Series Wagon 2012,images/train/train_04935.jpg
train_04937,29,BMW 3 Series Wagon 2012,images/train/train_04937.jpg
train_04938,29,BMW 3 Series Wagon 2012,images/train/train_04938.jpg
train_04939,29,BMW 3 Series Wagon 2012,images/train/train_04939.jpg
train_04940,29,BMW 3 Series Wagon 2012,images/train/train_04940.jpg
train_04941,29,BMW 3 Series Wagon 2012,images/train/train_04941.jpg
train_04942,29,BMW 3 Series Wagon 2012,images/train/train_04942.jpg
train_04943,29,BMW 3 Series Wagon 2012,images/train/train_04943.jpg
train_04944,29,BMW 3 Series Wagon 2012,images/train/train_04944.jpg
train_04945,29,BMW 3 Series Wagon 2012,images/train/train_04945.jpg
train_04946,29,BMW 3 Series Wagon 2012,images/train/train_04946.jpg
train_04947,29,BMW 3 Series Wagon 2012,images/train/train_04947.jpg
train_04948,29,BMW 3 Series Wagon 2012,images/train/train_04948.jpg
train_04949,29,BMW 3 Series Wagon 2012,images/train/train_04949.jpg
train_04952,29,BMW 3 Series Wagon 2012,images/train/train_04952.jpg
train_04953,29,BMW 3 Series Wagon 2012,images/train/train_04953.jpg
train_04954,29,BMW 3 Series Wagon 2012,images/train/train_04954.jpg
train_04955,29,BMW 3 Series Wagon 2012,images/train/train_04955.jpg
train_04956,29,BMW 3 Series Wagon 2012,images/train/train_04956.jpg
train_04957,29,BMW 3 Series Wagon 2012,images/train/train_04957.jpg
train_04958,29,BMW 3 Series Wagon 2012,images/train/train_04958.jpg
train_04959,29,BMW 3 Series Wagon 2012,images/train/train_04959.jpg
train_04960,29,BMW 3 Series Wagon 2012,images/train/train_04960.jpg
train_04962,29,BMW 3 Series Wagon 2012,images/train/train_04962.jpg
train_04963,29,BMW 3 Series Wagon 2012,images/train/train_04963.jpg
train_04964,29,BMW 3 Series Wagon 2012,images/train/train_04964.jpg
train_04965,29,BMW 3 Series Wagon 2012,images/train/train_04965.jpg
train_04967,29,BMW 3 Series Wagon 2012,images/train/train_04967.jpg
train_04969,29,BMW 3 Series Wagon 2012,images/train/train_04969.jpg
train_04970,29,BMW 3 Series Wagon 2012,images/train/train_04970.jpg
train_04971,29,BMW 3 Series Wagon 2012,images/train/train_04971.jpg
train_04972,29,BMW 3 Series Wagon 2012,images/train/train_04972.jpg
train_04973,3,Acura TL Type-S 2008,images/train/train_04973.jpg
train_04974,3,Acura TL Type-S 2008,images/train/train_04974.jpg
train_04975,3,Acura TL Type-S 2008,images/train/train_04975.jpg
train_04976,3,Acura TL Type-S 2008,images/train/train_04976.jpg
train_04977,3,Acura TL Type-S 2008,images/train/train_04977.jpg
train_04978,3,Acura TL Type-S 2008,images/train/train_04978.jpg
train_04979,3,Acura TL Type-S 2008,images/train/train_04979.jpg
train_04980,3,Acura TL Type-S 2008,images/train/train_04980.jpg
train_04981,3,Acura TL Type-S 2008,images/train/train_04981.jpg
train_04983,3,Acura TL Type-S 2008,images/train/train_04983.jpg
train_04984,3,Acura TL Type-S 2008,images/train/train_04984.jpg
train_04985,3,Acura TL Type-S 2008,images/train/train_04985.jpg
train_04986,3,Acura TL Type-S 2008,images/train/train_04986.jpg
train_04987,3,Acura TL Type-S 2008,images/train/train_04987.jpg
train_04988,3,Acura TL Type-S 2008,images/train/train_04988.jpg
train_04990,3,Acura TL Type-S 2008,images/train/train_04990.jpg
train_04991,3,Acura TL Type-S 2008,images/train/train_04991.jpg
train_04992,3,Acura TL Type-S 2008,images/train/train_04992.jpg
train_04993,3,Acura TL Type-S 2008,images/train/train_04993.jpg
train_04994,3,Acura TL Type-S 2008,images/train/train_04994.jpg
train_04995,3,Acura TL Type-S 2008,images/train/train_04995.jpg
train_04997,3,Acura TL Type-S 2008,images/train/train_04997.jpg
train_04998,3,Acura TL Type-S 2008,images/train/train_04998.jpg
train_04999,3,Acura TL Type-S 2008,images/train/train_04999.jpg
train_05000,3,Acura TL Type-S 2008,images/train/train_05000.jpg
train_05001,3,Acura TL Type-S 2008,images/train/train_05001.jpg
train_05002,3,Acura TL Type-S 2008,images/train/train_05002.jpg
train_05003,3,Acura TL Type-S 2008,images/train/train_05003.jpg
train_05006,3,Acura TL Type-S 2008,images/train/train_05006.jpg
train_05007,3,Acura TL Type-S 2008,images/train/train_05007.jpg
train_05008,3,Acura TL Type-S 2008,images/train/train_05008.jpg
train_05009,3,Acura TL Type-S 2008,images/train/train_05009.jpg
train_05010,3,Acura TL Type-S 2008,images/train/train_05010.jpg
train_05012,3,Acura TL Type-S 2008,images/train/train_05012.jpg
train_05013,3,Acura TL Type-S 2008,images/train/train_05013.jpg
train_05014,3,Acura TL Type-S 2008,images/train/train_05014.jpg
train_05015,30,BMW 6 Series Convertible 2007,images/train/train_05015.jpg
train_05016,30,BMW 6 Series Convertible 2007,images/train/train_05016.jpg
train_05017,30,BMW 6 Series Convertible 2007,images/train/train_05017.jpg
train_05018,30,BMW 6 Series Convertible 2007,images/train/train_05018.jpg
train_05019,30,BMW 6 Series Convertible 2007,images/train/train_05019.jpg
train_05021,30,BMW 6 Series Convertible 2007,images/train/train_05021.jpg
train_05022,30,BMW 6 Series Convertible 2007,images/train/train_05022.jpg
train_05024,30,BMW 6 Series Convertible 2007,images/train/train_05024.jpg
train_05025,30,BMW 6 Series Convertible 2007,images/train/train_05025.jpg
train_05027,30,BMW 6 Series Convertible 2007,images/train/train_05027.jpg
train_05028,30,BMW 6 Series Convertible 2007,images/train/train_05028.jpg
train_05029,30,BMW 6 Series Convertible 2007,images/train/train_05029.jpg
train_05030,30,BMW 6 Series Convertible 2007,images/train/train_05030.jpg
train_05031,30,BMW 6 Series Convertible 2007,images/train/train_05031.jpg
train_05032,30,BMW 6 Series Convertible 2007,images/train/train_05032.jpg
train_05033,30,BMW 6 Series Convertible 2007,images/train/train_05033.jpg
train_05034,30,BMW 6 Series Convertible 2007,images/train/train_05034.jpg
train_05035,30,BMW 6 Series Convertible 2007,images/train/train_05035.jpg
train_05036,30,BMW 6 Series Convertible 2007,images/train/train_05036.jpg
train_05037,30,BMW 6 Series Convertible 2007,images/train/train_05037.jpg
train_05038,30,BMW 6 Series Convertible 2007,images/train/train_05038.jpg
train_05039,30,BMW 6 Series Convertible 2007,images/train/train_05039.jpg
train_05040,30,BMW 6 Series Convertible 2007,images/train/train_05040.jpg
train_05041,30,BMW 6 Series Convertible 2007,images/train/train_05041.jpg
train_05042,30,BMW 6 Series Convertible 2007,images/train/train_05042.jpg
train_05043,30,BMW 6 Series Convertible 2007,images/train/train_05043.jpg
train_05044,30,BMW 6 Series Convertible 2007,images/train/train_05044.jpg
train_05045,30,BMW 6 Series Convertible 2007,images/train/train_05045.jpg
train_05047,30,BMW 6 Series Convertible 2007,images/train/train_05047.jpg
train_05049,30,BMW 6 Series Convertible 2007,images/train/train_05049.jpg
train_05050,30,BMW 6 Series Convertible 2007,images/train/train_05050.jpg
train_05051,30,BMW 6 Series Convertible 2007,images/train/train_05051.jpg
train_05052,30,BMW 6 Series Convertible 2007,images/train/train_05052.jpg
train_05055,30,BMW 6 Series Convertible 2007,images/train/train_05055.jpg
train_05056,30,BMW 6 Series Convertible 2007,images/train/train_05056.jpg
train_05057,30,BMW 6 Series Convertible 2007,images/train/train_05057.jpg
train_05058,30,BMW 6 Series Convertible 2007,images/train/train_05058.jpg
train_05059,31,BMW X5 SUV 2007,images/train/train_05059.jpg
train_05060,31,BMW X5 SUV 2007,images/train/train_05060.jpg
train_05061,31,BMW X5 SUV 2007,images/train/train_05061.jpg
train_05062,31,BMW X5 SUV 2007,images/train/train_05062.jpg
train_05063,31,BMW X5 SUV 2007,images/train/train_05063.jpg
train_05065,31,BMW X5 SUV 2007,images/train/train_05065.jpg
train_05066,31,BMW X5 SUV 2007,images/train/train_05066.jpg
train_05067,31,BMW X5 SUV 2007,images/train/train_05067.jpg
train_05068,31,BMW X5 SUV 2007,images/train/train_05068.jpg
train_05069,31,BMW X5 SUV 2007,images/train/train_05069.jpg
train_05070,31,BMW X5 SUV 2007,images/train/train_05070.jpg
train_05071,31,BMW X5 SUV 2007,images/train/train_05071.jpg
train_05072,31,BMW X5 SUV 2007,images/train/train_05072.jpg
train_05073,31,BMW X5 SUV 2007,images/train/train_05073.jpg
train_05074,31,BMW X5 SUV 2007,images/train/train_05074.jpg
train_05075,31,BMW X5 SUV 2007,images/train/train_05075.jpg
train_05076,31,BMW X5 SUV 2007,images/train/train_05076.jpg
train_05078,31,BMW X5 SUV 2007,images/train/train_05078.jpg
train_05079,31,BMW X5 SUV 2007,images/train/train_05079.jpg
train_05080,31,BMW X5 SUV 2007,images/train/train_05080.jpg
train_05081,31,BMW X5 SUV 2007,images/train/train_05081.jpg
train_05082,31,BMW X5 SUV 2007,images/train/train_05082.jpg
train_05083,31,BMW X5 SUV 2007,images/train/train_05083.jpg
train_05084,31,BMW X5 SUV 2007,images/train/train_05084.jpg
train_05085,31,BMW X5 SUV 2007,images/train/train_05085.jpg
train_05086,31,BMW X5 SUV 2007,images/train/train_05086.jpg
train_05087,31,BMW X5 SUV 2007,images/train/train_05087.jpg
train_05088,31,BMW X5 SUV 2007,images/train/train_05088.jpg
train_05090,31,BMW X5 SUV 2007,images/train/train_05090.jpg
train_05092,31,BMW X5 SUV 2007,images/train/train_05092.jpg
train_05093,31,BMW X5 SUV 2007,images/train/train_05093.jpg
train_05094,31,BMW X5 SUV 2007,images/train/train_05094.jpg
train_05095,31,BMW X5 SUV 2007,images/train/train_05095.jpg
train_05096,31,BMW X5 SUV 2007,images/train/train_05096.jpg
train_05097,31,BMW X5 SUV 2007,images/train/train_05097.jpg
train_05099,31,BMW X5 SUV 2007,images/train/train_05099.jpg
train_05101,32,BMW X6 SUV 2012,images/train/train_05101.jpg
train_05102,32,BMW X6 SUV 2012,images/train/train_05102.jpg
train_05103,32,BMW X6 SUV 2012,images/train/train_05103.jpg
train_05104,32,BMW X6 SUV 2012,images/train/train_05104.jpg
train_05105,32,BMW X6 SUV 2012,images/train/train_05105.jpg
train_05108,32,BMW X6 SUV 2012,images/train/train_05108.jpg
train_05109,32,BMW X6 SUV 2012,images/train/train_05109.jpg
train_05110,32,BMW X6 SUV 2012,images/train/train_05110.jpg
train_05111,32,BMW X6 SUV 2012,images/train/train_05111.jpg
train_05112,32,BMW X6 SUV 2012,images/train/train_05112.jpg
train_05113,32,BMW X6 SUV 2012,images/train/train_05113.jpg
train_05114,32,BMW X6 SUV 2012,images/train/train_05114.jpg
train_05115,32,BMW X6 SUV 2012,images/train/train_05115.jpg
train_05116,32,BMW X6 SUV 2012,images/train/train_05116.jpg
train_05117,32,BMW X6 SUV 2012,images/train/train_05117.jpg
train_05119,32,BMW X6 SUV 2012,images/train/train_05119.jpg
train_05120,32,BMW X6 SUV 2012,images/train/train_05120.jpg
train_05121,32,BMW X6 SUV 2012,images/train/train_05121.jpg
train_05122,32,BMW X6 SUV 2012,images/train/train_05122.jpg
train_05123,32,BMW X6 SUV 2012,images/train/train_05123.jpg
train_05124,32,BMW X6 SUV 2012,images/train/train_05124.jpg
train_05125,32,BMW X6 SUV 2012,images/train/train_05125.jpg
train_05126,32,BMW X6 SUV 2012,images/train/train_05126.jpg
train_05127,32,BMW X6 SUV 2012,images/train/train_05127.jpg
train_05128,32,BMW X6 SUV 2012,images/train/train_05128.jpg
train_05129,32,BMW X6 SUV 2012,images/train/train_05129.jpg
train_05130,32,BMW X6 SUV 2012,images/train/train_05130.jpg
train_05132,32,BMW X6 SUV 2012,images/train/train_05132.jpg
train_05133,32,BMW X6 SUV 2012,images/train/train_05133.jpg
train_05134,32,BMW X6 SUV 2012,images/train/train_05134.jpg
train_05135,32,BMW X6 SUV 2012,images/train/train_05135.jpg
train_05136,32,BMW X6 SUV 2012,images/train/train_05136.jpg
train_05137,32,BMW X6 SUV 2012,images/train/train_05137.jpg
train_05139,32,BMW X6 SUV 2012,images/train/train_05139.jpg
train_05140,32,BMW X6 SUV 2012,images/train/train_05140.jpg
train_05141,32,BMW X6 SUV 2012,images/train/train_05141.jpg
train_05143,33,BMW M3 Coupe 2012,images/train/train_05143.jpg
train_05144,33,BMW M3 Coupe 2012,images/train/train_05144.jpg
train_05145,33,BMW M3 Coupe 2012,images/train/train_05145.jpg
train_05146,33,BMW M3 Coupe 2012,images/train/train_05146.jpg
train_05147,33,BMW M3 Coupe 2012,images/train/train_05147.jpg
train_05148,33,BMW M3 Coupe 2012,images/train/train_05148.jpg
train_05149,33,BMW M3 Coupe 2012,images/train/train_05149.jpg
train_05150,33,BMW M3 Coupe 2012,images/train/train_05150.jpg
train_05151,33,BMW M3 Coupe 2012,images/train/train_05151.jpg
train_05152,33,BMW M3 Coupe 2012,images/train/train_05152.jpg
train_05153,33,BMW M3 Coupe 2012,images/train/train_05153.jpg
train_05154,33,BMW M3 Coupe 2012,images/train/train_05154.jpg
train_05155,33,BMW M3 Coupe 2012,images/train/train_05155.jpg
train_05157,33,BMW M3 Coupe 2012,images/train/train_05157.jpg
train_05158,33,BMW M3 Coupe 2012,images/train/train_05158.jpg
train_05159,33,BMW M3 Coupe 2012,images/train/train_05159.jpg
train_05160,33,BMW M3 Coupe 2012,images/train/train_05160.jpg
train_05161,33,BMW M3 Coupe 2012,images/train/train_05161.jpg
train_05162,33,BMW M3 Coupe 2012,images/train/train_05162.jpg
train_05164,33,BMW M3 Coupe 2012,images/train/train_05164.jpg
train_05165,33,BMW M3 Coupe 2012,images/train/train_05165.jpg
train_05166,33,BMW M3 Coupe 2012,images/train/train_05166.jpg
train_05167,33,BMW M3 Coupe 2012,images/train/train_05167.jpg
train_05168,33,BMW M3 Coupe 2012,images/train/train_05168.jpg
train_05170,33,BMW M3 Coupe 2012,images/train/train_05170.jpg
train_05171,33,BMW M3 Coupe 2012,images/train/train_05171.jpg
train_05172,33,BMW M3 Coupe 2012,images/train/train_05172.jpg
train_05173,33,BMW M3 Coupe 2012,images/train/train_05173.jpg
train_05174,33,BMW M3 Coupe 2012,images/train/train_05174.jpg
train_05175,33,BMW M3 Coupe 2012,images/train/train_05175.jpg
train_05176,33,BMW M3 Coupe 2012,images/train/train_05176.jpg
train_05177,33,BMW M3 Coupe 2012,images/train/train_05177.jpg
train_05178,33,BMW M3 Coupe 2012,images/train/train_05178.jpg
train_05179,33,BMW M3 Coupe 2012,images/train/train_05179.jpg
train_05180,33,BMW M3 Coupe 2012,images/train/train_05180.jpg
train_05182,33,BMW M3 Coupe 2012,images/train/train_05182.jpg
train_05184,33,BMW M3 Coupe 2012,images/train/train_05184.jpg
train_05187,33,BMW M3 Coupe 2012,images/train/train_05187.jpg
train_05188,34,BMW M5 Sedan 2010,images/train/train_05188.jpg
train_05189,34,BMW M5 Sedan 2010,images/train/train_05189.jpg
train_05190,34,BMW M5 Sedan 2010,images/train/train_05190.jpg
train_05191,34,BMW M5 Sedan 2010,images/train/train_05191.jpg
train_05192,34,BMW M5 Sedan 2010,images/train/train_05192.jpg
train_05193,34,BMW M5 Sedan 2010,images/train/train_05193.jpg
train_05194,34,BMW M5 Sedan 2010,images/train/train_05194.jpg
train_05195,34,BMW M5 Sedan 2010,images/train/train_05195.jpg
train_05196,34,BMW M5 Sedan 2010,images/train/train_05196.jpg
train_05199,34,BMW M5 Sedan 2010,images/train/train_05199.jpg
train_05200,34,BMW M5 Sedan 2010,images/train/train_05200.jpg
train_05201,34,BMW M5 Sedan 2010,images/train/train_05201.jpg
train_05202,34,BMW M5 Sedan 2010,images/train/train_05202.jpg
train_05203,34,BMW M5 Sedan 2010,images/train/train_05203.jpg
train_05204,34,BMW M5 Sedan 2010,images/train/train_05204.jpg
train_05205,34,BMW M5 Sedan 2010,images/train/train_05205.jpg
train_05206,34,BMW M5 Sedan 2010,images/train/train_05206.jpg
train_05207,34,BMW M5 Sedan 2010,images/train/train_05207.jpg
train_05209,34,BMW M5 Sedan 2010,images/train/train_05209.jpg
train_05211,34,BMW M5 Sedan 2010,images/train/train_05211.jpg
train_05212,34,BMW M5 Sedan 2010,images/train/train_05212.jpg
train_05213,34,BMW M5 Sedan 2010,images/train/train_05213.jpg
train_05214,34,BMW M5 Sedan 2010,images/train/train_05214.jpg
train_05215,34,BMW M5 Sedan 2010,images/train/train_05215.jpg
train_05216,34,BMW M5 Sedan 2010,images/train/train_05216.jpg
train_05217,34,BMW M5 Sedan 2010,images/train/train_05217.jpg
train_05218,34,BMW M5 Sedan 2010,images/train/train_05218.jpg
train_05219,34,BMW M5 Sedan 2010,images/train/train_05219.jpg
train_05220,34,BMW M5 Sedan 2010,images/train/train_05220.jpg
train_05221,34,BMW M5 Sedan 2010,images/train/train_05221.jpg
train_05222,34,BMW M5 Sedan 2010,images/train/train_05222.jpg
train_05224,34,BMW M5 Sedan 2010,images/train/train_05224.jpg
train_05225,34,BMW M5 Sedan 2010,images/train/train_05225.jpg
train_05226,34,BMW M5 Sedan 2010,images/train/train_05226.jpg
train_05227,34,BMW M5 Sedan 2010,images/train/train_05227.jpg
train_05229,35,BMW M6 Convertible 2010,images/train/train_05229.jpg
train_05230,35,BMW M6 Convertible 2010,images/train/train_05230.jpg
train_05231,35,BMW M6 Convertible 2010,images/train/train_05231.jpg
train_05232,35,BMW M6 Convertible 2010,images/train/train_05232.jpg
train_05233,35,BMW M6 Convertible 2010,images/train/train_05233.jpg
train_05234,35,BMW M6 Convertible 2010,images/train/train_05234.jpg
train_05235,35,BMW M6 Convertible 2010,images/train/train_05235.jpg
train_05236,35,BMW M6 Convertible 2010,images/train/train_05236.jpg
train_05237,35,BMW M6 Convertible 2010,images/train/train_05237.jpg
train_05239,35,BMW M6 Convertible 2010,images/train/train_05239.jpg
train_05240,35,BMW M6 Convertible 2010,images/train/train_05240.jpg
train_05241,35,BMW M6 Convertible 2010,images/train/train_05241.jpg
train_05242,35,BMW M6 Convertible 2010,images/train/train_05242.jpg
train_05243,35,BMW M6 Convertible 2010,images/train/train_05243.jpg
train_05244,35,BMW M6 Convertible 2010,images/train/train_05244.jpg
train_05245,35,BMW M6 Convertible 2010,images/train/train_05245.jpg
train_05246,35,BMW M6 Convertible 2010,images/train/train_05246.jpg
train_05247,35,BMW M6 Convertible 2010,images/train/train_05247.jpg
train_05249,35,BMW M6 Convertible 2010,images/train/train_05249.jpg
train_05250,35,BMW M6 Convertible 2010,images/train/train_05250.jpg
train_05251,35,BMW M6 Convertible 2010,images/train/train_05251.jpg
train_05252,35,BMW M6 Convertible 2010,images/train/train_05252.jpg
train_05253,35,BMW M6 Convertible 2010,images/train/train_05253.jpg
train_05254,35,BMW M6 Convertible 2010,images/train/train_05254.jpg
train_05256,35,BMW M6 Convertible 2010,images/train/train_05256.jpg
train_05258,35,BMW M6 Convertible 2010,images/train/train_05258.jpg
train_05259,35,BMW M6 Convertible 2010,images/train/train_05259.jpg
train_05260,35,BMW M6 Convertible 2010,images/train/train_05260.jpg
train_05261,35,BMW M6 Convertible 2010,images/train/train_05261.jpg
train_05262,35,BMW M6 Convertible 2010,images/train/train_05262.jpg
train_05264,35,BMW M6 Convertible 2010,images/train/train_05264.jpg
train_05265,35,BMW M6 Convertible 2010,images/train/train_05265.jpg
train_05267,35,BMW M6 Convertible 2010,images/train/train_05267.jpg
train_05268,35,BMW M6 Convertible 2010,images/train/train_05268.jpg
train_05269,35,BMW M6 Convertible 2010,images/train/train_05269.jpg
train_05270,36,BMW X3 SUV 2012,images/train/train_05270.jpg
train_05271,36,BMW X3 SUV 2012,images/train/train_05271.jpg
train_05273,36,BMW X3 SUV 2012,images/train/train_05273.jpg
train_05274,36,BMW X3 SUV 2012,images/train/train_05274.jpg
train_05275,36,BMW X3 SUV 2012,images/train/train_05275.jpg
train_05276,36,BMW X3 SUV 2012,images/train/train_05276.jpg
train_05278,36,BMW X3 SUV 2012,images/train/train_05278.jpg
train_05279,36,BMW X3 SUV 2012,images/train/train_05279.jpg
train_05280,36,BMW X3 SUV 2012,images/train/train_05280.jpg
train_05281,36,BMW X3 SUV 2012,images/train/train_05281.jpg
train_05282,36,BMW X3 SUV 2012,images/train/train_05282.jpg
train_05283,36,BMW X3 SUV 2012,images/train/train_05283.jpg
train_05284,36,BMW X3 SUV 2012,images/train/train_05284.jpg
train_05285,36,BMW X3 SUV 2012,images/train/train_05285.jpg
train_05286,36,BMW X3 SUV 2012,images/train/train_05286.jpg
train_05287,36,BMW X3 SUV 2012,images/train/train_05287.jpg
train_05290,36,BMW X3 SUV 2012,images/train/train_05290.jpg
train_05291,36,BMW X3 SUV 2012,images/train/train_05291.jpg
train_05293,36,BMW X3 SUV 2012,images/train/train_05293.jpg
train_05294,36,BMW X3 SUV 2012,images/train/train_05294.jpg
train_05295,36,BMW X3 SUV 2012,images/train/train_05295.jpg
train_05296,36,BMW X3 SUV 2012,images/train/train_05296.jpg
train_05297,36,BMW X3 SUV 2012,images/train/train_05297.jpg
train_05298,36,BMW X3 SUV 2012,images/train/train_05298.jpg
train_05299,36,BMW X3 SUV 2012,images/train/train_05299.jpg
train_05300,36,BMW X3 SUV 2012,images/train/train_05300.jpg
train_05301,36,BMW X3 SUV 2012,images/train/train_05301.jpg
train_05302,36,BMW X3 SUV 2012,images/train/train_05302.jpg
train_05303,36,BMW X3 SUV 2012,images/train/train_05303.jpg
train_05304,36,BMW X3 SUV 2012,images/train/train_05304.jpg
train_05305,36,BMW X3 SUV 2012,images/train/train_05305.jpg
train_05306,36,BMW X3 SUV 2012,images/train/train_05306.jpg
train_05307,36,BMW X3 SUV 2012,images/train/train_05307.jpg
train_05309,37,BMW Z4 Convertible 2012,images/train/train_05309.jpg
train_05311,37,BMW Z4 Convertible 2012,images/train/train_05311.jpg
train_05312,37,BMW Z4 Convertible 2012,images/train/train_05312.jpg
train_05313,37,BMW Z4 Convertible 2012,images/train/train_05313.jpg
train_05315,37,BMW Z4 Convertible 2012,images/train/train_05315.jpg
train_05316,37,BMW Z4 Convertible 2012,images/train/train_05316.jpg
train_05317,37,BMW Z4 Convertible 2012,images/train/train_05317.jpg
train_05318,37,BMW Z4 Convertible 2012,images/train/train_05318.jpg
train_05319,37,BMW Z4 Convertible 2012,images/train/train_05319.jpg
train_05320,37,BMW Z4 Convertible 2012,images/train/train_05320.jpg
train_05321,37,BMW Z4 Convertible 2012,images/train/train_05321.jpg
train_05322,37,BMW Z4 Convertible 2012,images/train/train_05322.jpg
train_05324,37,BMW Z4 Convertible 2012,images/train/train_05324.jpg
train_05325,37,BMW Z4 Convertible 2012,images/train/train_05325.jpg
train_05326,37,BMW Z4 Convertible 2012,images/train/train_05326.jpg
train_05327,37,BMW Z4 Convertible 2012,images/train/train_05327.jpg
train_05328,37,BMW Z4 Convertible 2012,images/train/train_05328.jpg
train_05331,37,BMW Z4 Convertible 2012,images/train/train_05331.jpg
train_05332,37,BMW Z4 Convertible 2012,images/train/train_05332.jpg
train_05333,37,BMW Z4 Convertible 2012,images/train/train_05333.jpg
train_05334,37,BMW Z4 Convertible 2012,images/train/train_05334.jpg
train_05335,37,BMW Z4 Convertible 2012,images/train/train_05335.jpg
train_05336,37,BMW Z4 Convertible 2012,images/train/train_05336.jpg
train_05337,37,BMW Z4 Convertible 2012,images/train/train_05337.jpg
train_05338,37,BMW Z4 Convertible 2012,images/train/train_05338.jpg
train_05339,37,BMW Z4 Convertible 2012,images/train/train_05339.jpg
train_05340,37,BMW Z4 Convertible 2012,images/train/train_05340.jpg
train_05341,37,BMW Z4 Convertible 2012,images/train/train_05341.jpg
train_05342,37,BMW Z4 Convertible 2012,images/train/train_05342.jpg
train_05343,37,BMW Z4 Convertible 2012,images/train/train_05343.jpg
train_05344,37,BMW Z4 Convertible 2012,images/train/train_05344.jpg
train_05345,37,BMW Z4 Convertible 2012,images/train/train_05345.jpg
train_05346,37,BMW Z4 Convertible 2012,images/train/train_05346.jpg
train_05347,37,BMW Z4 Convertible 2012,images/train/train_05347.jpg
train_05348,37,BMW Z4 Convertible 2012,images/train/train_05348.jpg
train_05351,38,Bentley Continental Supersports Conv. Convertible 2012,images/train/train_05351.jpg
train_05352,38,Bentley Continental Supersports Conv. Convertible 2012,images/train/train_05352.jpg
train_05353,38,Bentley Continental Supersports Conv. Convertible 2012,images/train/train_05353.jpg
train_05355,38,Bentley Continental Supersports Conv. Convertible 2012,images/train/train_05355.jpg
train_05357,38,Bentley Continental Supersports Conv. Convertible 2012,images/train/train_05357.jpg
train_05358,38,Bentley Continental Supersports Conv. Convertible 2012,images/train/train_05358.jpg
train_05359,38,Bentley Continental Supersports Conv. Convertible 2012,images/train/train_05359.jpg
train_05360,38,Bentley Continental Supersports Conv. Convertible 2012,images/train/train_05360.jpg
train_05361,38,Bentley Continental Supersports Conv. Convertible 2012,images/train/train_05361.jpg
train_05362,38,Bentley Continental Supersports Conv. Convertible 2012,images/train/train_05362.jpg
train_05363,38,Bentley Continental Supersports Conv. Convertible 2012,images/train/train_05363.jpg
train_05364,38,Bentley Continental Supersports Conv. Convertible 2012,images/train/train_05364.jpg
train_05365,38,Bentley Continental Supersports Conv. Convertible 2012,images/train/train_05365.jpg
train_05366,38,Bentley Continental Supersports Conv. Convertible 2012,images/train/train_05366.jpg
train_05367,38,Bentley Continental Supersports Conv. Convertible 2012,images/train/train_05367.jpg
train_05368,38,Bentley Continental Supersports Conv. Convertible 2012,images/train/train_05368.jpg
train_05370,38,Bentley Continental Supersports Conv. Convertible 2012,images/train/train_05370.jpg
train_05371,38,Bentley Continental Supersports Conv. Convertible 2012,images/train/train_05371.jpg
train_05372,38,Bentley Continental Supersports Conv. Convertible 2012,images/train/train_05372.jpg
train_05373,38,Bentley Continental Supersports Conv. Convertible 2012,images/train/train_05373.jpg
train_05374,38,Bentley Continental Supersports Conv. Convertible 2012,images/train/train_05374.jpg
train_05375,38,Bentley Continental Supersports Conv. Convertible 2012,images/train/train_05375.jpg
train_05376,38,Bentley Continental Supersports Conv. Convertible 2012,images/train/train_05376.jpg
train_05378,38,Bentley Continental Supersports Conv. Convertible 2012,images/train/train_05378.jpg
train_05379,38,Bentley Continental Supersports Conv. Convertible 2012,images/train/train_05379.jpg
train_05380,38,Bentley Continental Supersports Conv. Convertible 2012,images/train/train_05380.jpg
train_05382,38,Bentley Continental Supersports Conv. Convertible 2012,images/train/train_05382.jpg
train_05383,38,Bentley Continental Supersports Conv. Convertible 2012,images/train/train_05383.jpg
train_05384,38,Bentley Continental Supersports Conv. Convertible 2012,images/train/train_05384.jpg
train_05385,38,Bentley Continental Supersports Conv. Convertible 2012,images/train/train_05385.jpg
train_05386,38,Bentley Continental Supersports Conv. Convertible 2012,images/train/train_05386.jpg
train_05387,39,Bentley Arnage Sedan 2009,images/train/train_05387.jpg
train_05389,39,Bentley Arnage Sedan 2009,images/train/train_05389.jpg
train_05390,39,Bentley Arnage Sedan 2009,images/train/train_05390.jpg
train_05391,39,Bentley Arnage Sedan 2009,images/train/train_05391.jpg
train_05392,39,Bentley Arnage Sedan 2009,images/train/train_05392.jpg
train_05393,39,Bentley Arnage Sedan 2009,images/train/train_05393.jpg
train_05394,39,Bentley Arnage Sedan 2009,images/train/train_05394.jpg
train_05395,39,Bentley Arnage Sedan 2009,images/train/train_05395.jpg
train_05396,39,Bentley Arnage Sedan 2009,images/train/train_05396.jpg
train_05397,39,Bentley Arnage Sedan 2009,images/train/train_05397.jpg
train_05398,39,Bentley Arnage Sedan 2009,images/train/train_05398.jpg
train_05399,39,Bentley Arnage Sedan 2009,images/train/train_05399.jpg
train_05403,39,Bentley Arnage Sedan 2009,images/train/train_05403.jpg
train_05404,39,Bentley Arnage Sedan 2009,images/train/train_05404.jpg
train_05405,39,Bentley Arnage Sedan 2009,images/train/train_05405.jpg
train_05406,39,Bentley Arnage Sedan 2009,images/train/train_05406.jpg
train_05407,39,Bentley Arnage Sedan 2009,images/train/train_05407.jpg
train_05408,39,Bentley Arnage Sedan 2009,images/train/train_05408.jpg
train_05409,39,Bentley Arnage Sedan 2009,images/train/train_05409.jpg
train_05410,39,Bentley Arnage Sedan 2009,images/train/train_05410.jpg
train_05412,39,Bentley Arnage Sedan 2009,images/train/train_05412.jpg
train_05413,39,Bentley Arnage Sedan 2009,images/train/train_05413.jpg
train_05415,39,Bentley Arnage Sedan 2009,images/train/train_05415.jpg
train_05416,39,Bentley Arnage Sedan 2009,images/train/train_05416.jpg
train_05417,39,Bentley Arnage Sedan 2009,images/train/train_05417.jpg
train_05418,39,Bentley Arnage Sedan 2009,images/train/train_05418.jpg
train_05419,39,Bentley Arnage Sedan 2009,images/train/train_05419.jpg
train_05420,39,Bentley Arnage Sedan 2009,images/train/train_05420.jpg
train_05421,39,Bentley Arnage Sedan 2009,images/train/train_05421.jpg
train_05422,39,Bentley Arnage Sedan 2009,images/train/train_05422.jpg
train_05423,39,Bentley Arnage Sedan 2009,images/train/train_05423.jpg
train_05424,39,Bentley Arnage Sedan 2009,images/train/train_05424.jpg
train_05425,39,Bentley Arnage Sedan 2009,images/train/train_05425.jpg
train_05426,4,Acura TSX Sedan 2012,images/train/train_05426.jpg
train_05427,4,Acura TSX Sedan 2012,images/train/train_05427.jpg
train_05428,4,Acura TSX Sedan 2012,images/train/train_05428.jpg
train_05429,4,Acura TSX Sedan 2012,images/train/train_05429.jpg
train_05430,4,Acura TSX Sedan 2012,images/train/train_05430.jpg
train_05431,4,Acura TSX Sedan 2012,images/train/train_05431.jpg
train_05432,4,Acura TSX Sedan 2012,images/train/train_05432.jpg
train_05433,4,Acura TSX Sedan 2012,images/train/train_05433.jpg
train_05434,4,Acura TSX Sedan 2012,images/train/train_05434.jpg
train_05435,4,Acura TSX Sedan 2012,images/train/train_05435.jpg
train_05436,4,Acura TSX Sedan 2012,images/train/train_05436.jpg
train_05438,4,Acura TSX Sedan 2012,images/train/train_05438.jpg
train_05439,4,Acura TSX Sedan 2012,images/train/train_05439.jpg
train_05440,4,Acura TSX Sedan 2012,images/train/train_05440.jpg
train_05441,4,Acura TSX Sedan 2012,images/train/train_05441.jpg
train_05444,4,Acura TSX Sedan 2012,images/train/train_05444.jpg
train_05445,4,Acura TSX Sedan 2012,images/train/train_05445.jpg
train_05446,4,Acura TSX Sedan 2012,images/train/train_05446.jpg
train_05447,4,Acura TSX Sedan 2012,images/train/train_05447.jpg
train_05450,4,Acura TSX Sedan 2012,images/train/train_05450.jpg
train_05451,4,Acura TSX Sedan 2012,images/train/train_05451.jpg
train_05452,4,Acura TSX Sedan 2012,images/train/train_05452.jpg
train_05453,4,Acura TSX Sedan 2012,images/train/train_05453.jpg
train_05454,4,Acura TSX Sedan 2012,images/train/train_05454.jpg
train_05455,4,Acura TSX Sedan 2012,images/train/train_05455.jpg
train_05456,4,Acura TSX Sedan 2012,images/train/train_05456.jpg
train_05457,4,Acura TSX Sedan 2012,images/train/train_05457.jpg
train_05458,4,Acura TSX Sedan 2012,images/train/train_05458.jpg
train_05459,4,Acura TSX Sedan 2012,images/train/train_05459.jpg
train_05460,4,Acura TSX Sedan 2012,images/train/train_05460.jpg
train_05461,4,Acura TSX Sedan 2012,images/train/train_05461.jpg
train_05462,4,Acura TSX Sedan 2012,images/train/train_05462.jpg
train_05463,4,Acura TSX Sedan 2012,images/train/train_05463.jpg
train_05464,4,Acura TSX Sedan 2012,images/train/train_05464.jpg
train_05465,4,Acura TSX Sedan 2012,images/train/train_05465.jpg
train_05467,40,Bentley Mulsanne Sedan 2011,images/train/train_05467.jpg
train_05468,40,Bentley Mulsanne Sedan 2011,images/train/train_05468.jpg
train_05469,40,Bentley Mulsanne Sedan 2011,images/train/train_05469.jpg
train_05470,40,Bentley Mulsanne Sedan 2011,images/train/train_05470.jpg
train_05471,40,Bentley Mulsanne Sedan 2011,images/train/train_05471.jpg
train_05472,40,Bentley Mulsanne Sedan 2011,images/train/train_05472.jpg
train_05473,40,Bentley Mulsanne Sedan 2011,images/train/train_05473.jpg
train_05474,40,Bentley Mulsanne Sedan 2011,images/train/train_05474.jpg
train_05475,40,Bentley Mulsanne Sedan 2011,images/train/train_05475.jpg
train_05476,40,Bentley Mulsanne Sedan 2011,images/train/train_05476.jpg
train_05477,40,Bentley Mulsanne Sedan 2011,images/train/train_05477.jpg
train_05478,40,Bentley Mulsanne Sedan 2011,images/train/train_05478.jpg
train_05479,40,Bentley Mulsanne Sedan 2011,images/train/train_05479.jpg
train_05481,40,Bentley Mulsanne Sedan 2011,images/train/train_05481.jpg
train_05482,40,Bentley Mulsanne Sedan 2011,images/train/train_05482.jpg
train_05483,40,Bentley Mulsanne Sedan 2011,images/train/train_05483.jpg
train_05484,40,Bentley Mulsanne Sedan 2011,images/train/train_05484.jpg
train_05485,40,Bentley Mulsanne Sedan 2011,images/train/train_05485.jpg
train_05486,40,Bentley Mulsanne Sedan 2011,images/train/train_05486.jpg
train_05487,40,Bentley Mulsanne Sedan 2011,images/train/train_05487.jpg
train_05488,40,Bentley Mulsanne Sedan 2011,images/train/train_05488.jpg
train_05489,40,Bentley Mulsanne Sedan 2011,images/train/train_05489.jpg
train_05491,40,Bentley Mulsanne Sedan 2011,images/train/train_05491.jpg
train_05492,40,Bentley Mulsanne Sedan 2011,images/train/train_05492.jpg
train_05494,40,Bentley Mulsanne Sedan 2011,images/train/train_05494.jpg
train_05495,40,Bentley Mulsanne Sedan 2011,images/train/train_05495.jpg
train_05496,40,Bentley Mulsanne Sedan 2011,images/train/train_05496.jpg
train_05499,40,Bentley Mulsanne Sedan 2011,images/train/train_05499.jpg
train_05500,40,Bentley Mulsanne Sedan 2011,images/train/train_05500.jpg
train_05501,40,Bentley Mulsanne Sedan 2011,images/train/train_05501.jpg
train_05502,40,Bentley Mulsanne Sedan 2011,images/train/train_05502.jpg
train_05503,41,Bentley Continental GT Coupe 2012,images/train/train_05503.jpg
train_05504,41,Bentley Continental GT Coupe 2012,images/train/train_05504.jpg
train_05505,41,Bentley Continental GT Coupe 2012,images/train/train_05505.jpg
train_05507,41,Bentley Continental GT Coupe 2012,images/train/train_05507.jpg
train_05508,41,Bentley Continental GT Coupe 2012,images/train/train_05508.jpg
train_05509,41,Bentley Continental GT Coupe 2012,images/train/train_05509.jpg
train_05510,41,Bentley Continental GT Coupe 2012,images/train/train_05510.jpg
train_05511,41,Bentley Continental GT Coupe 2012,images/train/train_05511.jpg
train_05512,41,Bentley Continental GT Coupe 2012,images/train/train_05512.jpg
train_05513,41,Bentley Continental GT Coupe 2012,images/train/train_05513.jpg
train_05514,41,Bentley Continental GT Coupe 2012,images/train/train_05514.jpg
train_05515,41,Bentley Continental GT Coupe 2012,images/train/train_05515.jpg
train_05516,41,Bentley Continental GT Coupe 2012,images/train/train_05516.jpg
train_05518,41,Bentley Continental GT Coupe 2012,images/train/train_05518.jpg
train_05519,41,Bentley Continental GT Coupe 2012,images/train/train_05519.jpg
train_05520,41,Bentley Continental GT Coupe 2012,images/train/train_05520.jpg
train_05521,41,Bentley Continental GT Coupe 2012,images/train/train_05521.jpg
train_05522,41,Bentley Continental GT Coupe 2012,images/train/train_05522.jpg
train_05524,41,Bentley Continental GT Coupe 2012,images/train/train_05524.jpg
train_05525,41,Bentley Continental GT Coupe 2012,images/train/train_05525.jpg
train_05526,41,Bentley Continental GT Coupe 2012,images/train/train_05526.jpg
train_05528,41,Bentley Continental GT Coupe 2012,images/train/train_05528.jpg
train_05530,41,Bentley Continental GT Coupe 2012,images/train/train_05530.jpg
train_05531,41,Bentley Continental GT Coupe 2012,images/train/train_05531.jpg
train_05532,41,Bentley Continental GT Coupe 2012,images/train/train_05532.jpg
train_05533,41,Bentley Continental GT Coupe 2012,images/train/train_05533.jpg
train_05534,41,Bentley Continental GT Coupe 2012,images/train/train_05534.jpg
train_05535,41,Bentley Continental GT Coupe 2012,images/train/train_05535.jpg
train_05536,41,Bentley Continental GT Coupe 2012,images/train/train_05536.jpg
train_05537,41,Bentley Continental GT Coupe 2012,images/train/train_05537.jpg
train_05538,42,Bentley Continental GT Coupe 2007,images/train/train_05538.jpg
train_05539,42,Bentley Continental GT Coupe 2007,images/train/train_05539.jpg
train_05541,42,Bentley Continental GT Coupe 2007,images/train/train_05541.jpg
train_05542,42,Bentley Continental GT Coupe 2007,images/train/train_05542.jpg
train_05544,42,Bentley Continental GT Coupe 2007,images/train/train_05544.jpg
train_05545,42,Bentley Continental GT Coupe 2007,images/train/train_05545.jpg
train_05547,42,Bentley Continental GT Coupe 2007,images/train/train_05547.jpg
train_05548,42,Bentley Continental GT Coupe 2007,images/train/train_05548.jpg
train_05549,42,Bentley Continental GT Coupe 2007,images/train/train_05549.jpg
train_05550,42,Bentley Continental GT Coupe 2007,images/train/train_05550.jpg
train_05551,42,Bentley Continental GT Coupe 2007,images/train/train_05551.jpg
train_05552,42,Bentley Continental GT Coupe 2007,images/train/train_05552.jpg
train_05553,42,Bentley Continental GT Coupe 2007,images/train/train_05553.jpg
train_05554,42,Bentley Continental GT Coupe 2007,images/train/train_05554.jpg
train_05556,42,Bentley Continental GT Coupe 2007,images/train/train_05556.jpg
train_05557,42,Bentley Continental GT Coupe 2007,images/train/train_05557.jpg
train_05558,42,Bentley Continental GT Coupe 2007,images/train/train_05558.jpg
train_05559,42,Bentley Continental GT Coupe 2007,images/train/train_05559.jpg
train_05560,42,Bentley Continental GT Coupe 2007,images/train/train_05560.jpg
train_05561,42,Bentley Continental GT Coupe 2007,images/train/train_05561.jpg
train_05562,42,Bentley Continental GT Coupe 2007,images/train/train_05562.jpg
train_05563,42,Bentley Continental GT Coupe 2007,images/train/train_05563.jpg
train_05564,42,Bentley Continental GT Coupe 2007,images/train/train_05564.jpg
train_05565,42,Bentley Continental GT Coupe 2007,images/train/train_05565.jpg
train_05566,42,Bentley Continental GT Coupe 2007,images/train/train_05566.jpg
train_05567,42,Bentley Continental GT Coupe 2007,images/train/train_05567.jpg
train_05568,42,Bentley Continental GT Coupe 2007,images/train/train_05568.jpg
train_05569,42,Bentley Continental GT Coupe 2007,images/train/train_05569.jpg
train_05570,42,Bentley Continental GT Coupe 2007,images/train/train_05570.jpg
train_05571,42,Bentley Continental GT Coupe 2007,images/train/train_05571.jpg
train_05572,42,Bentley Continental GT Coupe 2007,images/train/train_05572.jpg
train_05574,42,Bentley Continental GT Coupe 2007,images/train/train_05574.jpg
train_05575,42,Bentley Continental GT Coupe 2007,images/train/train_05575.jpg
train_05576,42,Bentley Continental GT Coupe 2007,images/train/train_05576.jpg
train_05577,42,Bentley Continental GT Coupe 2007,images/train/train_05577.jpg
train_05579,42,Bentley Continental GT Coupe 2007,images/train/train_05579.jpg
train_05580,42,Bentley Continental GT Coupe 2007,images/train/train_05580.jpg
train_05581,42,Bentley Continental GT Coupe 2007,images/train/train_05581.jpg
train_05583,42,Bentley Continental GT Coupe 2007,images/train/train_05583.jpg
train_05586,43,Bentley Continental Flying Spur Sedan 2007,images/train/train_05586.jpg
train_05587,43,Bentley Continental Flying Spur Sedan 2007,images/train/train_05587.jpg
train_05588,43,Bentley Continental Flying Spur Sedan 2007,images/train/train_05588.jpg
train_05589,43,Bentley Continental Flying Spur Sedan 2007,images/train/train_05589.jpg
train_05590,43,Bentley Continental Flying Spur Sedan 2007,images/train/train_05590.jpg
train_05592,43,Bentley Continental Flying Spur Sedan 2007,images/train/train_05592.jpg
train_05593,43,Bentley Continental Flying Spur Sedan 2007,images/train/train_05593.jpg
train_05594,43,Bentley Continental Flying Spur Sedan 2007,images/train/train_05594.jpg
train_05595,43,Bentley Continental Flying Spur Sedan 2007,images/train/train_05595.jpg
train_05596,43,Bentley Continental Flying Spur Sedan 2007,images/train/train_05596.jpg
train_05597,43,Bentley Continental Flying Spur Sedan 2007,images/train/train_05597.jpg
train_05598,43,Bentley Continental Flying Spur Sedan 2007,images/train/train_05598.jpg
train_05599,43,Bentley Continental Flying Spur Sedan 2007,images/train/train_05599.jpg
train_05600,43,Bentley Continental Flying Spur Sedan 2007,images/train/train_05600.jpg
train_05601,43,Bentley Continental Flying Spur Sedan 2007,images/train/train_05601.jpg
train_05602,43,Bentley Continental Flying Spur Sedan 2007,images/train/train_05602.jpg
train_05604,43,Bentley Continental Flying Spur Sedan 2007,images/train/train_05604.jpg
train_05605,43,Bentley Continental Flying Spur Sedan 2007,images/train/train_05605.jpg
train_05606,43,Bentley Continental Flying Spur Sedan 2007,images/train/train_05606.jpg
train_05607,43,Bentley Continental Flying Spur Sedan 2007,images/train/train_05607.jpg
train_05608,43,Bentley Continental Flying Spur Sedan 2007,images/train/train_05608.jpg
train_05609,43,Bentley Continental Flying Spur Sedan 2007,images/train/train_05609.jpg
train_05611,43,Bentley Continental Flying Spur Sedan 2007,images/train/train_05611.jpg
train_05613,43,Bentley Continental Flying Spur Sedan 2007,images/train/train_05613.jpg
train_05614,43,Bentley Continental Flying Spur Sedan 2007,images/train/train_05614.jpg
train_05615,43,Bentley Continental Flying Spur Sedan 2007,images/train/train_05615.jpg
train_05616,43,Bentley Continental Flying Spur Sedan 2007,images/train/train_05616.jpg
train_05618,43,Bentley Continental Flying Spur Sedan 2007,images/train/train_05618.jpg
train_05619,43,Bentley Continental Flying Spur Sedan 2007,images/train/train_05619.jpg
train_05620,43,Bentley Continental Flying Spur Sedan 2007,images/train/train_05620.jpg
train_05621,43,Bentley Continental Flying Spur Sedan 2007,images/train/train_05621.jpg
train_05622,43,Bentley Continental Flying Spur Sedan 2007,images/train/train_05622.jpg
train_05623,43,Bentley Continental Flying Spur Sedan 2007,images/train/train_05623.jpg
train_05624,43,Bentley Continental Flying Spur Sedan 2007,images/train/train_05624.jpg
train_05625,43,Bentley Continental Flying Spur Sedan 2007,images/train/train_05625.jpg
train_05626,43,Bentley Continental Flying Spur Sedan 2007,images/train/train_05626.jpg
train_05627,43,Bentley Continental Flying Spur Sedan 2007,images/train/train_05627.jpg
train_05628,43,Bentley Continental Flying Spur Sedan 2007,images/train/train_05628.jpg
train_05630,44,Bugatti Veyron 16.4 Convertible 2009,images/train/train_05630.jpg
train_05631,44,Bugatti Veyron 16.4 Convertible 2009,images/train/train_05631.jpg
train_05632,44,Bugatti Veyron 16.4 Convertible 2009,images/train/train_05632.jpg
train_05633,44,Bugatti Veyron 16.4 Convertible 2009,images/train/train_05633.jpg
train_05634,44,Bugatti Veyron 16.4 Convertible 2009,images/train/train_05634.jpg
train_05635,44,Bugatti Veyron 16.4 Convertible 2009,images/train/train_05635.jpg
train_05636,44,Bugatti Veyron 16.4 Convertible 2009,images/train/train_05636.jpg
train_05637,44,Bugatti Veyron 16.4 Convertible 2009,images/train/train_05637.jpg
train_05639,44,Bugatti Veyron 16.4 Convertible 2009,images/train/train_05639.jpg
train_05640,44,Bugatti Veyron 16.4 Convertible 2009,images/train/train_05640.jpg
train_05641,44,Bugatti Veyron 16.4 Convertible 2009,images/train/train_05641.jpg
train_05642,44,Bugatti Veyron 16.4 Convertible 2009,images/train/train_05642.jpg
train_05643,44,Bugatti Veyron 16.4 Convertible 2009,images/train/train_05643.jpg
train_05645,44,Bugatti Veyron 16.4 Convertible 2009,images/train/train_05645.jpg
train_05647,44,Bugatti Veyron 16.4 Convertible 2009,images/train/train_05647.jpg
train_05648,44,Bugatti Veyron 16.4 Convertible 2009,images/train/train_05648.jpg
train_05649,44,Bugatti Veyron 16.4 Convertible 2009,images/train/train_05649.jpg
train_05651,44,Bugatti Veyron 16.4 Convertible 2009,images/train/train_05651.jpg
train_05652,44,Bugatti Veyron 16.4 Convertible 2009,images/train/train_05652.jpg
train_05653,44,Bugatti Veyron 16.4 Convertible 2009,images/train/train_05653.jpg
train_05654,44,Bugatti Veyron 16.4 Convertible 2009,images/train/train_05654.jpg
train_05655,44,Bugatti Veyron 16.4 Convertible 2009,images/train/train_05655.jpg
train_05656,44,Bugatti Veyron 16.4 Convertible 2009,images/train/train_05656.jpg
train_05657,44,Bugatti Veyron 16.4 Convertible 2009,images/train/train_05657.jpg
train_05658,44,Bugatti Veyron 16.4 Convertible 2009,images/train/train_05658.jpg
train_05659,44,Bugatti Veyron 16.4 Convertible 2009,images/train/train_05659.jpg
train_05660,44,Bugatti Veyron 16.4 Convertible 2009,images/train/train_05660.jpg
train_05661,44,Bugatti Veyron 16.4 Convertible 2009,images/train/train_05661.jpg
train_05662,45,Bugatti Veyron 16.4 Coupe 2009,images/train/train_05662.jpg
train_05663,45,Bugatti Veyron 16.4 Coupe 2009,images/train/train_05663.jpg
train_05664,45,Bugatti Veyron 16.4 Coupe 2009,images/train/train_05664.jpg
train_05667,45,Bugatti Veyron 16.4 Coupe 2009,images/train/train_05667.jpg
train_05668,45,Bugatti Veyron 16.4 Coupe 2009,images/train/train_05668.jpg
train_05669,45,Bugatti Veyron 16.4 Coupe 2009,images/train/train_05669.jpg
train_05670,45,Bugatti Veyron 16.4 Coupe 2009,images/train/train_05670.jpg
train_05671,45,Bugatti Veyron 16.4 Coupe 2009,images/train/train_05671.jpg
train_05672,45,Bugatti Veyron 16.4 Coupe 2009,images/train/train_05672.jpg
train_05673,45,Bugatti Veyron 16.4 Coupe 2009,images/train/train_05673.jpg
train_05674,45,Bugatti Veyron 16.4 Coupe 2009,images/train/train_05674.jpg
train_05675,45,Bugatti Veyron 16.4 Coupe 2009,images/train/train_05675.jpg
train_05676,45,Bugatti Veyron 16.4 Coupe 2009,images/train/train_05676.jpg
train_05677,45,Bugatti Veyron 16.4 Coupe 2009,images/train/train_05677.jpg
train_05679,45,Bugatti Veyron 16.4 Coupe 2009,images/train/train_05679.jpg
train_05680,45,Bugatti Veyron 16.4 Coupe 2009,images/train/train_05680.jpg
train_05681,45,Bugatti Veyron 16.4 Coupe 2009,images/train/train_05681.jpg
train_05682,45,Bugatti Veyron 16.4 Coupe 2009,images/train/train_05682.jpg
train_05683,45,Bugatti Veyron 16.4 Coupe 2009,images/train/train_05683.jpg
train_05684,45,Bugatti Veyron 16.4 Coupe 2009,images/train/train_05684.jpg
train_05685,45,Bugatti Veyron 16.4 Coupe 2009,images/train/train_05685.jpg
train_05686,45,Bugatti Veyron 16.4 Coupe 2009,images/train/train_05686.jpg
train_05688,45,Bugatti Veyron 16.4 Coupe 2009,images/train/train_05688.jpg
train_05689,45,Bugatti Veyron 16.4 Coupe 2009,images/train/train_05689.jpg
train_05690,45,Bugatti Veyron 16.4 Coupe 2009,images/train/train_05690.jpg
train_05691,45,Bugatti Veyron 16.4 Coupe 2009,images/train/train_05691.jpg
train_05692,45,Bugatti Veyron 16.4 Coupe 2009,images/train/train_05692.jpg
train_05693,45,Bugatti Veyron 16.4 Coupe 2009,images/train/train_05693.jpg
train_05696,45,Bugatti Veyron 16.4 Coupe 2009,images/train/train_05696.jpg
train_05697,45,Bugatti Veyron 16.4 Coupe 2009,images/train/train_05697.jpg
train_05698,45,Bugatti Veyron 16.4 Coupe 2009,images/train/train_05698.jpg
train_05699,45,Bugatti Veyron 16.4 Coupe 2009,images/train/train_05699.jpg
train_05700,45,Bugatti Veyron 16.4 Coupe 2009,images/train/train_05700.jpg
train_05702,45,Bugatti Veyron 16.4 Coupe 2009,images/train/train_05702.jpg
train_05703,45,Bugatti Veyron 16.4 Coupe 2009,images/train/train_05703.jpg
train_05704,45,Bugatti Veyron 16.4 Coupe 2009,images/train/train_05704.jpg
train_05705,45,Bugatti Veyron 16.4 Coupe 2009,images/train/train_05705.jpg
train_05706,46,Buick Regal GS 2012,images/train/train_05706.jpg
train_05707,46,Buick Regal GS 2012,images/train/train_05707.jpg
train_05708,46,Buick Regal GS 2012,images/train/train_05708.jpg
train_05709,46,Buick Regal GS 2012,images/train/train_05709.jpg
train_05710,46,Buick Regal GS 2012,images/train/train_05710.jpg
train_05711,46,Buick Regal GS 2012,images/train/train_05711.jpg
train_05712,46,Buick Regal GS 2012,images/train/train_05712.jpg
train_05713,46,Buick Regal GS 2012,images/train/train_05713.jpg
train_05715,46,Buick Regal GS 2012,images/train/train_05715.jpg
train_05716,46,Buick Regal GS 2012,images/train/train_05716.jpg
train_05717,46,Buick Regal GS 2012,images/train/train_05717.jpg
train_05718,46,Buick Regal GS 2012,images/train/train_05718.jpg
train_05720,46,Buick Regal GS 2012,images/train/train_05720.jpg
train_05721,46,Buick Regal GS 2012,images/train/train_05721.jpg
train_05722,46,Buick Regal GS 2012,images/train/train_05722.jpg
train_05724,46,Buick Regal GS 2012,images/train/train_05724.jpg
train_05725,46,Buick Regal GS 2012,images/train/train_05725.jpg
train_05726,46,Buick Regal GS 2012,images/train/train_05726.jpg
train_05727,46,Buick Regal GS 2012,images/train/train_05727.jpg
train_05728,46,Buick Regal GS 2012,images/train/train_05728.jpg
train_05729,46,Buick Regal GS 2012,images/train/train_05729.jpg
train_05730,46,Buick Regal GS 2012,images/train/train_05730.jpg
train_05731,46,Buick Regal GS 2012,images/train/train_05731.jpg
train_05732,46,Buick Regal GS 2012,images/train/train_05732.jpg
train_05733,46,Buick Regal GS 2012,images/train/train_05733.jpg
train_05734,46,Buick Regal GS 2012,images/train/train_05734.jpg
train_05735,46,Buick Regal GS 2012,images/train/train_05735.jpg
train_05736,46,Buick Regal GS 2012,images/train/train_05736.jpg
train_05737,46,Buick Regal GS 2012,images/train/train_05737.jpg
train_05738,46,Buick Regal GS 2012,images/train/train_05738.jpg
train_05742,47,Buick Rainier SUV 2007,images/train/train_05742.jpg
train_05743,47,Buick Rainier SUV 2007,images/train/train_05743.jpg
train_05744,47,Buick Rainier SUV 2007,images/train/train_05744.jpg
train_05745,47,Buick Rainier SUV 2007,images/train/train_05745.jpg
train_05746,47,Buick Rainier SUV 2007,images/train/train_05746.jpg
train_05747,47,Buick Rainier SUV 2007,images/train/train_05747.jpg
train_05748,47,Buick Rainier SUV 2007,images/train/train_05748.jpg
train_05749,47,Buick Rainier SUV 2007,images/train/train_05749.jpg
train_05750,47,Buick Rainier SUV 2007,images/train/train_05750.jpg
train_05751,47,Buick Rainier SUV 2007,images/train/train_05751.jpg
train_05752,47,Buick Rainier SUV 2007,images/train/train_05752.jpg
train_05754,47,Buick Rainier SUV 2007,images/train/train_05754.jpg
train_05757,47,Buick Rainier SUV 2007,images/train/train_05757.jpg
train_05758,47,Buick Rainier SUV 2007,images/train/train_05758.jpg
train_05759,47,Buick Rainier SUV 2007,images/train/train_05759.jpg
train_05760,47,Buick Rainier SUV 2007,images/train/train_05760.jpg
train_05761,47,Buick Rainier SUV 2007,images/train/train_05761.jpg
train_05762,47,Buick Rainier SUV 2007,images/train/train_05762.jpg
train_05763,47,Buick Rainier SUV 2007,images/train/train_05763.jpg
train_05764,47,Buick Rainier SUV 2007,images/train/train_05764.jpg
train_05765,47,Buick Rainier SUV 2007,images/train/train_05765.jpg
train_05766,47,Buick Rainier SUV 2007,images/train/train_05766.jpg
train_05767,47,Buick Rainier SUV 2007,images/train/train_05767.jpg
train_05768,47,Buick Rainier SUV 2007,images/train/train_05768.jpg
train_05769,47,Buick Rainier SUV 2007,images/train/train_05769.jpg
train_05770,47,Buick Rainier SUV 2007,images/train/train_05770.jpg
train_05771,47,Buick Rainier SUV 2007,images/train/train_05771.jpg
train_05773,47,Buick Rainier SUV 2007,images/train/train_05773.jpg
train_05774,47,Buick Rainier SUV 2007,images/train/train_05774.jpg
train_05775,47,Buick Rainier SUV 2007,images/train/train_05775.jpg
train_05776,47,Buick Rainier SUV 2007,images/train/train_05776.jpg
train_05777,47,Buick Rainier SUV 2007,images/train/train_05777.jpg
train_05779,47,Buick Rainier SUV 2007,images/train/train_05779.jpg
train_05780,47,Buick Rainier SUV 2007,images/train/train_05780.jpg
train_05781,47,Buick Rainier SUV 2007,images/train/train_05781.jpg
train_05782,47,Buick Rainier SUV 2007,images/train/train_05782.jpg
train_05783,47,Buick Rainier SUV 2007,images/train/train_05783.jpg
train_05784,48,Buick Verano Sedan 2012,images/train/train_05784.jpg
train_05785,48,Buick Verano Sedan 2012,images/train/train_05785.jpg
train_05787,48,Buick Verano Sedan 2012,images/train/train_05787.jpg
train_05788,48,Buick Verano Sedan 2012,images/train/train_05788.jpg
train_05789,48,Buick Verano Sedan 2012,images/train/train_05789.jpg
train_05790,48,Buick Verano Sedan 2012,images/train/train_05790.jpg
train_05794,48,Buick Verano Sedan 2012,images/train/train_05794.jpg
train_05795,48,Buick Verano Sedan 2012,images/train/train_05795.jpg
train_05796,48,Buick Verano Sedan 2012,images/train/train_05796.jpg
train_05797,48,Buick Verano Sedan 2012,images/train/train_05797.jpg
train_05798,48,Buick Verano Sedan 2012,images/train/train_05798.jpg
train_05799,48,Buick Verano Sedan 2012,images/train/train_05799.jpg
train_05800,48,Buick Verano Sedan 2012,images/train/train_05800.jpg
train_05801,48,Buick Verano Sedan 2012,images/train/train_05801.jpg
train_05802,48,Buick Verano Sedan 2012,images/train/train_05802.jpg
train_05803,48,Buick Verano Sedan 2012,images/train/train_05803.jpg
train_05804,48,Buick Verano Sedan 2012,images/train/train_05804.jpg
train_05807,48,Buick Verano Sedan 2012,images/train/train_05807.jpg
train_05808,48,Buick Verano Sedan 2012,images/train/train_05808.jpg
train_05809,48,Buick Verano Sedan 2012,images/train/train_05809.jpg
train_05810,48,Buick Verano Sedan 2012,images/train/train_05810.jpg
train_05811,48,Buick Verano Sedan 2012,images/train/train_05811.jpg
train_05812,48,Buick Verano Sedan 2012,images/train/train_05812.jpg
train_05813,48,Buick Verano Sedan 2012,images/train/train_05813.jpg
train_05814,48,Buick Verano Sedan 2012,images/train/train_05814.jpg
train_05815,48,Buick Verano Sedan 2012,images/train/train_05815.jpg
train_05816,48,Buick Verano Sedan 2012,images/train/train_05816.jpg
train_05817,48,Buick Verano Sedan 2012,images/train/train_05817.jpg
train_05818,48,Buick Verano Sedan 2012,images/train/train_05818.jpg
train_05819,48,Buick Verano Sedan 2012,images/train/train_05819.jpg
train_05820,48,Buick Verano Sedan 2012,images/train/train_05820.jpg
train_05821,48,Buick Verano Sedan 2012,images/train/train_05821.jpg
train_05822,49,Buick Enclave SUV 2012,images/train/train_05822.jpg
train_05823,49,Buick Enclave SUV 2012,images/train/train_05823.jpg
train_05825,49,Buick Enclave SUV 2012,images/train/train_05825.jpg
train_05826,49,Buick Enclave SUV 2012,images/train/train_05826.jpg
train_05827,49,Buick Enclave SUV 2012,images/train/train_05827.jpg
train_05828,49,Buick Enclave SUV 2012,images/train/train_05828.jpg
train_05829,49,Buick Enclave SUV 2012,images/train/train_05829.jpg
train_05830,49,Buick Enclave SUV 2012,images/train/train_05830.jpg
train_05831,49,Buick Enclave SUV 2012,images/train/train_05831.jpg
train_05832,49,Buick Enclave SUV 2012,images/train/train_05832.jpg
train_05833,49,Buick Enclave SUV 2012,images/train/train_05833.jpg
train_05834,49,Buick Enclave SUV 2012,images/train/train_05834.jpg
train_05835,49,Buick Enclave SUV 2012,images/train/train_05835.jpg
train_05836,49,Buick Enclave SUV 2012,images/train/train_05836.jpg
train_05837,49,Buick Enclave SUV 2012,images/train/train_05837.jpg
train_05838,49,Buick Enclave SUV 2012,images/train/train_05838.jpg
train_05839,49,Buick Enclave SUV 2012,images/train/train_05839.jpg
train_05840,49,Buick Enclave SUV 2012,images/train/train_05840.jpg
train_05841,49,Buick Enclave SUV 2012,images/train/train_05841.jpg
train_05842,49,Buick Enclave SUV 2012,images/train/train_05842.jpg
train_05843,49,Buick Enclave SUV 2012,images/train/train_05843.jpg
train_05844,49,Buick Enclave SUV 2012,images/train/train_05844.jpg
train_05845,49,Buick Enclave SUV 2012,images/train/train_05845.jpg
train_05846,49,Buick Enclave SUV 2012,images/train/train_05846.jpg
train_05849,49,Buick Enclave SUV 2012,images/train/train_05849.jpg
train_05850,49,Buick Enclave SUV 2012,images/train/train_05850.jpg
train_05851,49,Buick Enclave SUV 2012,images/train/train_05851.jpg
train_05853,49,Buick Enclave SUV 2012,images/train/train_05853.jpg
train_05855,49,Buick Enclave SUV 2012,images/train/train_05855.jpg
train_05856,49,Buick Enclave SUV 2012,images/train/train_05856.jpg
train_05857,49,Buick Enclave SUV 2012,images/train/train_05857.jpg
train_05858,49,Buick Enclave SUV 2012,images/train/train_05858.jpg
train_05859,49,Buick Enclave SUV 2012,images/train/train_05859.jpg
train_05860,49,Buick Enclave SUV 2012,images/train/train_05860.jpg
train_05861,49,Buick Enclave SUV 2012,images/train/train_05861.jpg
train_05862,49,Buick Enclave SUV 2012,images/train/train_05862.jpg
train_05864,5,Acura Integra Type R 2001,images/train/train_05864.jpg
train_05865,5,Acura Integra Type R 2001,images/train/train_05865.jpg
train_05868,5,Acura Integra Type R 2001,images/train/train_05868.jpg
train_05869,5,Acura Integra Type R 2001,images/train/train_05869.jpg
train_05871,5,Acura Integra Type R 2001,images/train/train_05871.jpg
train_05872,5,Acura Integra Type R 2001,images/train/train_05872.jpg
train_05873,5,Acura Integra Type R 2001,images/train/train_05873.jpg
train_05875,5,Acura Integra Type R 2001,images/train/train_05875.jpg
train_05876,5,Acura Integra Type R 2001,images/train/train_05876.jpg
train_05877,5,Acura Integra Type R 2001,images/train/train_05877.jpg
train_05878,5,Acura Integra Type R 2001,images/train/train_05878.jpg
train_05879,5,Acura Integra Type R 2001,images/train/train_05879.jpg
train_05880,5,Acura Integra Type R 2001,images/train/train_05880.jpg
train_05881,5,Acura Integra Type R 2001,images/train/train_05881.jpg
train_05882,5,Acura Integra Type R 2001,images/train/train_05882.jpg
train_05883,5,Acura Integra Type R 2001,images/train/train_05883.jpg
train_05884,5,Acura Integra Type R 2001,images/train/train_05884.jpg
train_05885,5,Acura Integra Type R 2001,images/train/train_05885.jpg
train_05886,5,Acura Integra Type R 2001,images/train/train_05886.jpg
train_05887,5,Acura Integra Type R 2001,images/train/train_05887.jpg
train_05888,5,Acura Integra Type R 2001,images/train/train_05888.jpg
train_05889,5,Acura Integra Type R 2001,images/train/train_05889.jpg
train_05890,5,Acura Integra Type R 2001,images/train/train_05890.jpg
train_05891,5,Acura Integra Type R 2001,images/train/train_05891.jpg
train_05892,5,Acura Integra Type R 2001,images/train/train_05892.jpg
train_05893,5,Acura Integra Type R 2001,images/train/train_05893.jpg
train_05894,5,Acura Integra Type R 2001,images/train/train_05894.jpg
train_05895,5,Acura Integra Type R 2001,images/train/train_05895.jpg
train_05896,5,Acura Integra Type R 2001,images/train/train_05896.jpg
train_05897,5,Acura Integra Type R 2001,images/train/train_05897.jpg
train_05899,5,Acura Integra Type R 2001,images/train/train_05899.jpg
train_05900,5,Acura Integra Type R 2001,images/train/train_05900.jpg
train_05901,5,Acura Integra Type R 2001,images/train/train_05901.jpg
train_05902,5,Acura Integra Type R 2001,images/train/train_05902.jpg
train_05904,5,Acura Integra Type R 2001,images/train/train_05904.jpg
train_05905,5,Acura Integra Type R 2001,images/train/train_05905.jpg
train_05906,5,Acura Integra Type R 2001,images/train/train_05906.jpg
train_05907,5,Acura Integra Type R 2001,images/train/train_05907.jpg
train_05909,50,Cadillac CTS-V Sedan 2012,images/train/train_05909.jpg
train_05910,50,Cadillac CTS-V Sedan 2012,images/train/train_05910.jpg
train_05911,50,Cadillac CTS-V Sedan 2012,images/train/train_05911.jpg
train_05912,50,Cadillac CTS-V Sedan 2012,images/train/train_05912.jpg
train_05913,50,Cadillac CTS-V Sedan 2012,images/train/train_05913.jpg
train_05914,50,Cadillac CTS-V Sedan 2012,images/train/train_05914.jpg
train_05915,50,Cadillac CTS-V Sedan 2012,images/train/train_05915.jpg
train_05916,50,Cadillac CTS-V Sedan 2012,images/train/train_05916.jpg
train_05917,50,Cadillac CTS-V Sedan 2012,images/train/train_05917.jpg
train_05918,50,Cadillac CTS-V Sedan 2012,images/train/train_05918.jpg
train_05919,50,Cadillac CTS-V Sedan 2012,images/train/train_05919.jpg
train_05920,50,Cadillac CTS-V Sedan 2012,images/train/train_05920.jpg
train_05922,50,Cadillac CTS-V Sedan 2012,images/train/train_05922.jpg
train_05923,50,Cadillac CTS-V Sedan 2012,images/train/train_05923.jpg
train_05924,50,Cadillac CTS-V Sedan 2012,images/train/train_05924.jpg
train_05926,50,Cadillac CTS-V Sedan 2012,images/train/train_05926.jpg
train_05927,50,Cadillac CTS-V Sedan 2012,images/train/train_05927.jpg
train_05928,50,Cadillac CTS-V Sedan 2012,images/train/train_05928.jpg
train_05929,50,Cadillac CTS-V Sedan 2012,images/train/train_05929.jpg
train_05930,50,Cadillac CTS-V Sedan 2012,images/train/train_05930.jpg
train_05931,50,Cadillac CTS-V Sedan 2012,images/train/train_05931.jpg
train_05933,50,Cadillac CTS-V Sedan 2012,images/train/train_05933.jpg
train_05934,50,Cadillac CTS-V Sedan 2012,images/train/train_05934.jpg
train_05935,50,Cadillac CTS-V Sedan 2012,images/train/train_05935.jpg
train_05936,50,Cadillac CTS-V Sedan 2012,images/train/train_05936.jpg
train_05938,50,Cadillac CTS-V Sedan 2012,images/train/train_05938.jpg
train_05939,50,Cadillac CTS-V Sedan 2012,images/train/train_05939.jpg
train_05940,50,Cadillac CTS-V Sedan 2012,images/train/train_05940.jpg
train_05941,50,Cadillac CTS-V Sedan 2012,images/train/train_05941.jpg
train_05943,50,Cadillac CTS-V Sedan 2012,images/train/train_05943.jpg
train_05944,50,Cadillac CTS-V Sedan 2012,images/train/train_05944.jpg
train_05945,50,Cadillac CTS-V Sedan 2012,images/train/train_05945.jpg
train_05947,50,Cadillac CTS-V Sedan 2012,images/train/train_05947.jpg
train_05948,50,Cadillac CTS-V Sedan 2012,images/train/train_05948.jpg
train_05949,50,Cadillac CTS-V Sedan 2012,images/train/train_05949.jpg
train_05950,50,Cadillac CTS-V Sedan 2012,images/train/train_05950.jpg
train_05951,50,Cadillac CTS-V Sedan 2012,images/train/train_05951.jpg
train_05952,51,Cadillac SRX SUV 2012,images/train/train_05952.jpg
train_05953,51,Cadillac SRX SUV 2012,images/train/train_05953.jpg
train_05954,51,Cadillac SRX SUV 2012,images/train/train_05954.jpg
train_05955,51,Cadillac SRX SUV 2012,images/train/train_05955.jpg
train_05956,51,Cadillac SRX SUV 2012,images/train/train_05956.jpg
train_05957,51,Cadillac SRX SUV 2012,images/train/train_05957.jpg
train_05958,51,Cadillac SRX SUV 2012,images/train/train_05958.jpg
train_05959,51,Cadillac SRX SUV 2012,images/train/train_05959.jpg
train_05962,51,Cadillac SRX SUV 2012,images/train/train_05962.jpg
train_05963,51,Cadillac SRX SUV 2012,images/train/train_05963.jpg
train_05966,51,Cadillac SRX SUV 2012,images/train/train_05966.jpg
train_05967,51,Cadillac SRX SUV 2012,images/train/train_05967.jpg
train_05968,51,Cadillac SRX SUV 2012,images/train/train_05968.jpg
train_05969,51,Cadillac SRX SUV 2012,images/train/train_05969.jpg
train_05970,51,Cadillac SRX SUV 2012,images/train/train_05970.jpg
train_05971,51,Cadillac SRX SUV 2012,images/train/train_05971.jpg
train_05972,51,Cadillac SRX SUV 2012,images/train/train_05972.jpg
train_05973,51,Cadillac SRX SUV 2012,images/train/train_05973.jpg
train_05974,51,Cadillac SRX SUV 2012,images/train/train_05974.jpg
train_05975,51,Cadillac SRX SUV 2012,images/train/train_05975.jpg
train_05976,51,Cadillac SRX SUV 2012,images/train/train_05976.jpg
train_05977,51,Cadillac SRX SUV 2012,images/train/train_05977.jpg
train_05978,51,Cadillac SRX SUV 2012,images/train/train_05978.jpg
train_05979,51,Cadillac SRX SUV 2012,images/train/train_05979.jpg
train_05980,51,Cadillac SRX SUV 2012,images/train/train_05980.jpg
train_05981,51,Cadillac SRX SUV 2012,images/train/train_05981.jpg
train_05982,51,Cadillac SRX SUV 2012,images/train/train_05982.jpg
train_05983,51,Cadillac SRX SUV 2012,images/train/train_05983.jpg
train_05984,51,Cadillac SRX SUV 2012,images/train/train_05984.jpg
train_05985,51,Cadillac SRX SUV 2012,images/train/train_05985.jpg
train_05986,51,Cadillac SRX SUV 2012,images/train/train_05986.jpg
train_05987,51,Cadillac SRX SUV 2012,images/train/train_05987.jpg
train_05988,51,Cadillac SRX SUV 2012,images/train/train_05988.jpg
train_05990,51,Cadillac SRX SUV 2012,images/train/train_05990.jpg
train_05991,51,Cadillac SRX SUV 2012,images/train/train_05991.jpg
train_05993,52,Cadillac Escalade EXT Crew Cab 2007,images/train/train_05993.jpg
train_05995,52,Cadillac Escalade EXT Crew Cab 2007,images/train/train_05995.jpg
train_05996,52,Cadillac Escalade EXT Crew Cab 2007,images/train/train_05996.jpg
train_05997,52,Cadillac Escalade EXT Crew Cab 2007,images/train/train_05997.jpg
train_05998,52,Cadillac Escalade EXT Crew Cab 2007,images/train/train_05998.jpg
train_06000,52,Cadillac Escalade EXT Crew Cab 2007,images/train/train_06000.jpg
train_06001,52,Cadillac Escalade EXT Crew Cab 2007,images/train/train_06001.jpg
train_06002,52,Cadillac Escalade EXT Crew Cab 2007,images/train/train_06002.jpg
train_06003,52,Cadillac Escalade EXT Crew Cab 2007,images/train/train_06003.jpg
train_06004,52,Cadillac Escalade EXT Crew Cab 2007,images/train/train_06004.jpg
train_06005,52,Cadillac Escalade EXT Crew Cab 2007,images/train/train_06005.jpg
train_06006,52,Cadillac Escalade EXT Crew Cab 2007,images/train/train_06006.jpg
train_06007,52,Cadillac Escalade EXT Crew Cab 2007,images/train/train_06007.jpg
train_06008,52,Cadillac Escalade EXT Crew Cab 2007,images/train/train_06008.jpg
train_06009,52,Cadillac Escalade EXT Crew Cab 2007,images/train/train_06009.jpg
train_06010,52,Cadillac Escalade EXT Crew Cab 2007,images/train/train_06010.jpg
train_06012,52,Cadillac Escalade EXT Crew Cab 2007,images/train/train_06012.jpg
train_06013,52,Cadillac Escalade EXT Crew Cab 2007,images/train/train_06013.jpg
train_06014,52,Cadillac Escalade EXT Crew Cab 2007,images/train/train_06014.jpg
train_06016,52,Cadillac Escalade EXT Crew Cab 2007,images/train/train_06016.jpg
train_06017,52,Cadillac Escalade EXT Crew Cab 2007,images/train/train_06017.jpg
train_06019,52,Cadillac Escalade EXT Crew Cab 2007,images/train/train_06019.jpg
train_06020,52,Cadillac Escalade EXT Crew Cab 2007,images/train/train_06020.jpg
train_06021,52,Cadillac Escalade EXT Crew Cab 2007,images/train/train_06021.jpg
train_06022,52,Cadillac Escalade EXT Crew Cab 2007,images/train/train_06022.jpg
train_06023,52,Cadillac Escalade EXT Crew Cab 2007,images/train/train_06023.jpg
train_06024,52,Cadillac Escalade EXT Crew Cab 2007,images/train/train_06024.jpg
train_06025,52,Cadillac Escalade EXT Crew Cab 2007,images/train/train_06025.jpg
train_06026,52,Cadillac Escalade EXT Crew Cab 2007,images/train/train_06026.jpg
train_06027,52,Cadillac Escalade EXT Crew Cab 2007,images/train/train_06027.jpg
train_06028,52,Cadillac Escalade EXT Crew Cab 2007,images/train/train_06028.jpg
train_06029,52,Cadillac Escalade EXT Crew Cab 2007,images/train/train_06029.jpg
train_06031,52,Cadillac Escalade EXT Crew Cab 2007,images/train/train_06031.jpg
train_06032,52,Cadillac Escalade EXT Crew Cab 2007,images/train/train_06032.jpg
train_06034,52,Cadillac Escalade EXT Crew Cab 2007,images/train/train_06034.jpg
train_06035,52,Cadillac Escalade EXT Crew Cab 2007,images/train/train_06035.jpg
train_06036,52,Cadillac Escalade EXT Crew Cab 2007,images/train/train_06036.jpg
train_06037,52,Cadillac Escalade EXT Crew Cab 2007,images/train/train_06037.jpg
train_06038,53,Chevrolet Silverado 1500 Hybrid Crew Cab 2012,images/train/train_06038.jpg
train_06039,53,Chevrolet Silverado 1500 Hybrid Crew Cab 2012,images/train/train_06039.jpg
train_06040,53,Chevrolet Silverado 1500 Hybrid Crew Cab 2012,images/train/train_06040.jpg
train_06041,53,Chevrolet Silverado 1500 Hybrid Crew Cab 2012,images/train/train_06041.jpg
train_06042,53,Chevrolet Silverado 1500 Hybrid Crew Cab 2012,images/train/train_06042.jpg
train_06044,53,Chevrolet Silverado 1500 Hybrid Crew Cab 2012,images/train/train_06044.jpg
train_06045,53,Chevrolet Silverado 1500 Hybrid Crew Cab 2012,images/train/train_06045.jpg
train_06046,53,Chevrolet Silverado 1500 Hybrid Crew Cab 2012,images/train/train_06046.jpg
train_06047,53,Chevrolet Silverado 1500 Hybrid Crew Cab 2012,images/train/train_06047.jpg
train_06049,53,Chevrolet Silverado 1500 Hybrid Crew Cab 2012,images/train/train_06049.jpg
train_06050,53,Chevrolet Silverado 1500 Hybrid Crew Cab 2012,images/train/train_06050.jpg
train_06051,53,Chevrolet Silverado 1500 Hybrid Crew Cab 2012,images/train/train_06051.jpg
train_06053,53,Chevrolet Silverado 1500 Hybrid Crew Cab 2012,images/train/train_06053.jpg
train_06054,53,Chevrolet Silverado 1500 Hybrid Crew Cab 2012,images/train/train_06054.jpg
train_06055,53,Chevrolet Silverado 1500 Hybrid Crew Cab 2012,images/train/train_06055.jpg
train_06056,53,Chevrolet Silverado 1500 Hybrid Crew Cab 2012,images/train/train_06056.jpg
train_06057,53,Chevrolet Silverado 1500 Hybrid Crew Cab 2012,images/train/train_06057.jpg
train_06058,53,Chevrolet Silverado 1500 Hybrid Crew Cab 2012,images/train/train_06058.jpg
train_06059,53,Chevrolet Silverado 1500 Hybrid Crew Cab 2012,images/train/train_06059.jpg
train_06060,53,Chevrolet Silverado 1500 Hybrid Crew Cab 2012,images/train/train_06060.jpg
train_06061,53,Chevrolet Silverado 1500 Hybrid Crew Cab 2012,images/train/train_06061.jpg
train_06062,53,Chevrolet Silverado 1500 Hybrid Crew Cab 2012,images/train/train_06062.jpg
train_06063,53,Chevrolet Silverado 1500 Hybrid Crew Cab 2012,images/train/train_06063.jpg
train_06064,53,Chevrolet Silverado 1500 Hybrid Crew Cab 2012,images/train/train_06064.jpg
train_06066,53,Chevrolet Silverado 1500 Hybrid Crew Cab 2012,images/train/train_06066.jpg
train_06067,53,Chevrolet Silverado 1500 Hybrid Crew Cab 2012,images/train/train_06067.jpg
train_06069,53,Chevrolet Silverado 1500 Hybrid Crew Cab 2012,images/train/train_06069.jpg
train_06070,53,Chevrolet Silverado 1500 Hybrid Crew Cab 2012,images/train/train_06070.jpg
train_06071,53,Chevrolet Silverado 1500 Hybrid Crew Cab 2012,images/train/train_06071.jpg
train_06072,53,Chevrolet Silverado 1500 Hybrid Crew Cab 2012,images/train/train_06072.jpg
train_06074,53,Chevrolet Silverado 1500 Hybrid Crew Cab 2012,images/train/train_06074.jpg
train_06075,53,Chevrolet Silverado 1500 Hybrid Crew Cab 2012,images/train/train_06075.jpg
train_06076,53,Chevrolet Silverado 1500 Hybrid Crew Cab 2012,images/train/train_06076.jpg
train_06077,53,Chevrolet Silverado 1500 Hybrid Crew Cab 2012,images/train/train_06077.jpg
train_06079,54,Chevrolet Corvette Convertible 2012,images/train/train_06079.jpg
train_06080,54,Chevrolet Corvette Convertible 2012,images/train/train_06080.jpg
train_06081,54,Chevrolet Corvette Convertible 2012,images/train/train_06081.jpg
train_06082,54,Chevrolet Corvette Convertible 2012,images/train/train_06082.jpg
train_06083,54,Chevrolet Corvette Convertible 2012,images/train/train_06083.jpg
train_06084,54,Chevrolet Corvette Convertible 2012,images/train/train_06084.jpg
train_06086,54,Chevrolet Corvette Convertible 2012,images/train/train_06086.jpg
train_06087,54,Chevrolet Corvette Convertible 2012,images/train/train_06087.jpg
train_06088,54,Chevrolet Corvette Convertible 2012,images/train/train_06088.jpg
train_06089,54,Chevrolet Corvette Convertible 2012,images/train/train_06089.jpg
train_06091,54,Chevrolet Corvette Convertible 2012,images/train/train_06091.jpg
train_06092,54,Chevrolet Corvette Convertible 2012,images/train/train_06092.jpg
train_06093,54,Chevrolet Corvette Convertible 2012,images/train/train_06093.jpg
train_06094,54,Chevrolet Corvette Convertible 2012,images/train/train_06094.jpg
train_06095,54,Chevrolet Corvette Convertible 2012,images/train/train_06095.jpg
train_06096,54,Chevrolet Corvette Convertible 2012,images/train/train_06096.jpg
train_06097,54,Chevrolet Corvette Convertible 2012,images/train/train_06097.jpg
train_06098,54,Chevrolet Corvette Convertible 2012,images/train/train_06098.jpg
train_06099,54,Chevrolet Corvette Convertible 2012,images/train/train_06099.jpg
train_06100,54,Chevrolet Corvette Convertible 2012,images/train/train_06100.jpg
train_06102,54,Chevrolet Corvette Convertible 2012,images/train/train_06102.jpg
train_06103,54,Chevrolet Corvette Convertible 2012,images/train/train_06103.jpg
train_06104,54,Chevrolet Corvette Convertible 2012,images/train/train_06104.jpg
train_06105,54,Chevrolet Corvette Convertible 2012,images/train/train_06105.jpg
train_06106,54,Chevrolet Corvette Convertible 2012,images/train/train_06106.jpg
train_06108,54,Chevrolet Corvette Convertible 2012,images/train/train_06108.jpg
train_06109,54,Chevrolet Corvette Convertible 2012,images/train/train_06109.jpg
train_06110,54,Chevrolet Corvette Convertible 2012,images/train/train_06110.jpg
train_06111,54,Chevrolet Corvette Convertible 2012,images/train/train_06111.jpg
train_06112,54,Chevrolet Corvette Convertible 2012,images/train/train_06112.jpg
train_06113,54,Chevrolet Corvette Convertible 2012,images/train/train_06113.jpg
train_06114,54,Chevrolet Corvette Convertible 2012,images/train/train_06114.jpg
train_06115,54,Chevrolet Corvette Convertible 2012,images/train/train_06115.jpg
train_06117,54,Chevrolet Corvette Convertible 2012,images/train/train_06117.jpg
train_06118,55,Chevrolet Corvette ZR1 2012,images/train/train_06118.jpg
train_06119,55,Chevrolet Corvette ZR1 2012,images/train/train_06119.jpg
train_06120,55,Chevrolet Corvette ZR1 2012,images/train/train_06120.jpg
train_06121,55,Chevrolet Corvette ZR1 2012,images/train/train_06121.jpg
train_06122,55,Chevrolet Corvette ZR1 2012,images/train/train_06122.jpg
train_06125,55,Chevrolet Corvette ZR1 2012,images/train/train_06125.jpg
train_06126,55,Chevrolet Corvette ZR1 2012,images/train/train_06126.jpg
train_06127,55,Chevrolet Corvette ZR1 2012,images/train/train_06127.jpg
train_06129,55,Chevrolet Corvette ZR1 2012,images/train/train_06129.jpg
train_06130,55,Chevrolet Corvette ZR1 2012,images/train/train_06130.jpg
train_06132,55,Chevrolet Corvette ZR1 2012,images/train/train_06132.jpg
train_06133,55,Chevrolet Corvette ZR1 2012,images/train/train_06133.jpg
train_06134,55,Chevrolet Corvette ZR1 2012,images/train/train_06134.jpg
train_06135,55,Chevrolet Corvette ZR1 2012,images/train/train_06135.jpg
train_06136,55,Chevrolet Corvette ZR1 2012,images/train/train_06136.jpg
train_06137,55,Chevrolet Corvette ZR1 2012,images/train/train_06137.jpg
train_06138,55,Chevrolet Corvette ZR1 2012,images/train/train_06138.jpg
train_06139,55,Chevrolet Corvette ZR1 2012,images/train/train_06139.jpg
train_06140,55,Chevrolet Corvette ZR1 2012,images/train/train_06140.jpg
train_06141,55,Chevrolet Corvette ZR1 2012,images/train/train_06141.jpg
train_06142,55,Chevrolet Corvette ZR1 2012,images/train/train_06142.jpg
train_06143,55,Chevrolet Corvette ZR1 2012,images/train/train_06143.jpg
train_06145,55,Chevrolet Corvette ZR1 2012,images/train/train_06145.jpg
train_06146,55,Chevrolet Corvette ZR1 2012,images/train/train_06146.jpg
train_06148,55,Chevrolet Corvette ZR1 2012,images/train/train_06148.jpg
train_06149,55,Chevrolet Corvette ZR1 2012,images/train/train_06149.jpg
train_06150,55,Chevrolet Corvette ZR1 2012,images/train/train_06150.jpg
train_06151,55,Chevrolet Corvette ZR1 2012,images/train/train_06151.jpg
train_06152,55,Chevrolet Corvette ZR1 2012,images/train/train_06152.jpg
train_06153,55,Chevrolet Corvette ZR1 2012,images/train/train_06153.jpg
train_06155,55,Chevrolet Corvette ZR1 2012,images/train/train_06155.jpg
train_06156,55,Chevrolet Corvette ZR1 2012,images/train/train_06156.jpg
train_06157,55,Chevrolet Corvette ZR1 2012,images/train/train_06157.jpg
train_06158,55,Chevrolet Corvette ZR1 2012,images/train/train_06158.jpg
train_06159,55,Chevrolet Corvette ZR1 2012,images/train/train_06159.jpg
train_06160,55,Chevrolet Corvette ZR1 2012,images/train/train_06160.jpg
train_06161,55,Chevrolet Corvette ZR1 2012,images/train/train_06161.jpg
train_06162,55,Chevrolet Corvette ZR1 2012,images/train/train_06162.jpg
train_06163,55,Chevrolet Corvette ZR1 2012,images/train/train_06163.jpg
train_06164,55,Chevrolet Corvette ZR1 2012,images/train/train_06164.jpg
train_06165,56,Chevrolet Corvette Ron Fellows Edition Z06 2007,images/train/train_06165.jpg
train_06167,56,Chevrolet Corvette Ron Fellows Edition Z06 2007,images/train/train_06167.jpg
train_06168,56,Chevrolet Corvette Ron Fellows Edition Z06 2007,images/train/train_06168.jpg
train_06169,56,Chevrolet Corvette Ron Fellows Edition Z06 2007,images/train/train_06169.jpg
train_06171,56,Chevrolet Corvette Ron Fellows Edition Z06 2007,images/train/train_06171.jpg
train_06172,56,Chevrolet Corvette Ron Fellows Edition Z06 2007,images/train/train_06172.jpg
train_06173,56,Chevrolet Corvette Ron Fellows Edition Z06 2007,images/train/train_06173.jpg
train_06174,56,Chevrolet Corvette Ron Fellows Edition Z06 2007,images/train/train_06174.jpg
train_06175,56,Chevrolet Corvette Ron Fellows Edition Z06 2007,images/train/train_06175.jpg
train_06176,56,Chevrolet Corvette Ron Fellows Edition Z06 2007,images/train/train_06176.jpg
train_06177,56,Chevrolet Corvette Ron Fellows Edition Z06 2007,images/train/train_06177.jpg
train_06178,56,Chevrolet Corvette Ron Fellows Edition Z06 2007,images/train/train_06178.jpg
train_06179,56,Chevrolet Corvette Ron Fellows Edition Z06 2007,images/train/train_06179.jpg
train_06181,56,Chevrolet Corvette Ron Fellows Edition Z06 2007,images/train/train_06181.jpg
train_06182,56,Chevrolet Corvette Ron Fellows Edition Z06 2007,images/train/train_06182.jpg
train_06183,56,Chevrolet Corvette Ron Fellows Edition Z06 2007,images/train/train_06183.jpg
train_06184,56,Chevrolet Corvette Ron Fellows Edition Z06 2007,images/train/train_06184.jpg
train_06185,56,Chevrolet Corvette Ron Fellows Edition Z06 2007,images/train/train_06185.jpg
train_06186,56,Chevrolet Corvette Ron Fellows Edition Z06 2007,images/train/train_06186.jpg
train_06189,56,Chevrolet Corvette Ron Fellows Edition Z06 2007,images/train/train_06189.jpg
train_06190,56,Chevrolet Corvette Ron Fellows Edition Z06 2007,images/train/train_06190.jpg
train_06191,56,Chevrolet Corvette Ron Fellows Edition Z06 2007,images/train/train_06191.jpg
train_06192,56,Chevrolet Corvette Ron Fellows Edition Z06 2007,images/train/train_06192.jpg
train_06193,56,Chevrolet Corvette Ron Fellows Edition Z06 2007,images/train/train_06193.jpg
train_06194,56,Chevrolet Corvette Ron Fellows Edition Z06 2007,images/train/train_06194.jpg
train_06195,56,Chevrolet Corvette Ron Fellows Edition Z06 2007,images/train/train_06195.jpg
train_06196,56,Chevrolet Corvette Ron Fellows Edition Z06 2007,images/train/train_06196.jpg
train_06197,56,Chevrolet Corvette Ron Fellows Edition Z06 2007,images/train/train_06197.jpg
train_06198,56,Chevrolet Corvette Ron Fellows Edition Z06 2007,images/train/train_06198.jpg
train_06200,56,Chevrolet Corvette Ron Fellows Edition Z06 2007,images/train/train_06200.jpg
train_06201,56,Chevrolet Corvette Ron Fellows Edition Z06 2007,images/train/train_06201.jpg
train_06202,56,Chevrolet Corvette Ron Fellows Edition Z06 2007,images/train/train_06202.jpg
train_06205,57,Chevrolet Traverse SUV 2012,images/train/train_06205.jpg
train_06206,57,Chevrolet Traverse SUV 2012,images/train/train_06206.jpg
train_06208,57,Chevrolet Traverse SUV 2012,images/train/train_06208.jpg
train_06209,57,Chevrolet Traverse SUV 2012,images/train/train_06209.jpg
train_06210,57,Chevrolet Traverse SUV 2012,images/train/train_06210.jpg
train_06211,57,Chevrolet Traverse SUV 2012,images/train/train_06211.jpg
train_06212,57,Chevrolet Traverse SUV 2012,images/train/train_06212.jpg
train_06213,57,Chevrolet Traverse SUV 2012,images/train/train_06213.jpg
train_06214,57,Chevrolet Traverse SUV 2012,images/train/train_06214.jpg
train_06215,57,Chevrolet Traverse SUV 2012,images/train/train_06215.jpg
train_06216,57,Chevrolet Traverse SUV 2012,images/train/train_06216.jpg
train_06217,57,Chevrolet Traverse SUV 2012,images/train/train_06217.jpg
train_06218,57,Chevrolet Traverse SUV 2012,images/train/train_06218.jpg
train_06219,57,Chevrolet Traverse SUV 2012,images/train/train_06219.jpg
train_06220,57,Chevrolet Traverse SUV 2012,images/train/train_06220.jpg
train_06221,57,Chevrolet Traverse SUV 2012,images/train/train_06221.jpg
train_06222,57,Chevrolet Traverse SUV 2012,images/train/train_06222.jpg
train_06223,57,Chevrolet Traverse SUV 2012,images/train/train_06223.jpg
train_06224,57,Chevrolet Traverse SUV 2012,images/train/train_06224.jpg
train_06225,57,Chevrolet Traverse SUV 2012,images/train/train_06225.jpg
train_06227,57,Chevrolet Traverse SUV 2012,images/train/train_06227.jpg
train_06228,57,Chevrolet Traverse SUV 2012,images/train/train_06228.jpg
train_06229,57,Chevrolet Traverse SUV 2012,images/train/train_06229.jpg
train_06230,57,Chevrolet Traverse SUV 2012,images/train/train_06230.jpg
train_06231,57,Chevrolet Traverse SUV 2012,images/train/train_06231.jpg
train_06232,57,Chevrolet Traverse SUV 2012,images/train/train_06232.jpg
train_06233,57,Chevrolet Traverse SUV 2012,images/train/train_06233.jpg
train_06235,57,Chevrolet Traverse SUV 2012,images/train/train_06235.jpg
train_06236,57,Chevrolet Traverse SUV 2012,images/train/train_06236.jpg
train_06237,57,Chevrolet Traverse SUV 2012,images/train/train_06237.jpg
train_06238,57,Chevrolet Traverse SUV 2012,images/train/train_06238.jpg
train_06239,57,Chevrolet Traverse SUV 2012,images/train/train_06239.jpg
train_06240,57,Chevrolet Traverse SUV 2012,images/train/train_06240.jpg
train_06241,57,Chevrolet Traverse SUV 2012,images/train/train_06241.jpg
train_06242,57,Chevrolet Traverse SUV 2012,images/train/train_06242.jpg
train_06245,57,Chevrolet Traverse SUV 2012,images/train/train_06245.jpg
train_06246,57,Chevrolet Traverse SUV 2012,images/train/train_06246.jpg
train_06247,58,Chevrolet Camaro Convertible 2012,images/train/train_06247.jpg
train_06248,58,Chevrolet Camaro Convertible 2012,images/train/train_06248.jpg
train_06249,58,Chevrolet Camaro Convertible 2012,images/train/train_06249.jpg
train_06250,58,Chevrolet Camaro Convertible 2012,images/train/train_06250.jpg
train_06251,58,Chevrolet Camaro Convertible 2012,images/train/train_06251.jpg
train_06252,58,Chevrolet Camaro Convertible 2012,images/train/train_06252.jpg
train_06253,58,Chevrolet Camaro Convertible 2012,images/train/train_06253.jpg
train_06254,58,Chevrolet Camaro Convertible 2012,images/train/train_06254.jpg
train_06256,58,Chevrolet Camaro Convertible 2012,images/train/train_06256.jpg
train_06257,58,Chevrolet Camaro Convertible 2012,images/train/train_06257.jpg
train_06259,58,Chevrolet Camaro Convertible 2012,images/train/train_06259.jpg
train_06260,58,Chevrolet Camaro Convertible 2012,images/train/train_06260.jpg
train_06262,58,Chevrolet Camaro Convertible 2012,images/train/train_06262.jpg
train_06263,58,Chevrolet Camaro Convertible 2012,images/train/train_06263.jpg
train_06264,58,Chevrolet Camaro Convertible 2012,images/train/train_06264.jpg
train_06266,58,Chevrolet Camaro Convertible 2012,images/train/train_06266.jpg
train_06267,58,Chevrolet Camaro Convertible 2012,images/train/train_06267.jpg
train_06268,58,Chevrolet Camaro Convertible 2012,images/train/train_06268.jpg
train_06269,58,Chevrolet Camaro Convertible 2012,images/train/train_06269.jpg
train_06270,58,Chevrolet Camaro Convertible 2012,images/train/train_06270.jpg
train_06271,58,Chevrolet Camaro Convertible 2012,images/train/train_06271.jpg
train_06272,58,Chevrolet Camaro Convertible 2012,images/train/train_06272.jpg
train_06273,58,Chevrolet Camaro Convertible 2012,images/train/train_06273.jpg
train_06274,58,Chevrolet Camaro Convertible 2012,images/train/train_06274.jpg
train_06276,58,Chevrolet Camaro Convertible 2012,images/train/train_06276.jpg
train_06277,58,Chevrolet Camaro Convertible 2012,images/train/train_06277.jpg
train_06278,58,Chevrolet Camaro Convertible 2012,images/train/train_06278.jpg
train_06280,58,Chevrolet Camaro Convertible 2012,images/train/train_06280.jpg
train_06281,58,Chevrolet Camaro Convertible 2012,images/train/train_06281.jpg
train_06282,58,Chevrolet Camaro Convertible 2012,images/train/train_06282.jpg
train_06283,58,Chevrolet Camaro Convertible 2012,images/train/train_06283.jpg
train_06284,58,Chevrolet Camaro Convertible 2012,images/train/train_06284.jpg
train_06285,58,Chevrolet Camaro Convertible 2012,images/train/train_06285.jpg
train_06287,58,Chevrolet Camaro Convertible 2012,images/train/train_06287.jpg
train_06288,58,Chevrolet Camaro Convertible 2012,images/train/train_06288.jpg
train_06289,58,Chevrolet Camaro Convertible 2012,images/train/train_06289.jpg
train_06290,58,Chevrolet Camaro Convertible 2012,images/train/train_06290.jpg
train_06291,58,Chevrolet Camaro Convertible 2012,images/train/train_06291.jpg
train_06292,59,Chevrolet HHR SS 2010,images/train/train_06292.jpg
train_06293,59,Chevrolet HHR SS 2010,images/train/train_06293.jpg
train_06294,59,Chevrolet HHR SS 2010,images/train/train_06294.jpg
train_06295,59,Chevrolet HHR SS 2010,images/train/train_06295.jpg
train_06297,59,Chevrolet HHR SS 2010,images/train/train_06297.jpg
train_06299,59,Chevrolet HHR SS 2010,images/train/train_06299.jpg
train_06300,59,Chevrolet HHR SS 2010,images/train/train_06300.jpg
train_06302,59,Chevrolet HHR SS 2010,images/train/train_06302.jpg
train_06303,59,Chevrolet HHR SS 2010,images/train/train_06303.jpg
train_06305,59,Chevrolet HHR SS 2010,images/train/train_06305.jpg
train_06306,59,Chevrolet HHR SS 2010,images/train/train_06306.jpg
train_06307,59,Chevrolet HHR SS 2010,images/train/train_06307.jpg
train_06308,59,Chevrolet HHR SS 2010,images/train/train_06308.jpg
train_06309,59,Chevrolet HHR SS 2010,images/train/train_06309.jpg
train_06310,59,Chevrolet HHR SS 2010,images/train/train_06310.jpg
train_06311,59,Chevrolet HHR SS 2010,images/train/train_06311.jpg
train_06312,59,Chevrolet HHR SS 2010,images/train/train_06312.jpg
train_06313,59,Chevrolet HHR SS 2010,images/train/train_06313.jpg
train_06314,59,Chevrolet HHR SS 2010,images/train/train_06314.jpg
train_06316,59,Chevrolet HHR SS 2010,images/train/train_06316.jpg
train_06317,59,Chevrolet HHR SS 2010,images/train/train_06317.jpg
train_06318,59,Chevrolet HHR SS 2010,images/train/train_06318.jpg
train_06319,59,Chevrolet HHR SS 2010,images/train/train_06319.jpg
train_06320,59,Chevrolet HHR SS 2010,images/train/train_06320.jpg
train_06321,59,Chevrolet HHR SS 2010,images/train/train_06321.jpg
train_06322,59,Chevrolet HHR SS 2010,images/train/train_06322.jpg
train_06323,59,Chevrolet HHR SS 2010,images/train/train_06323.jpg
train_06324,59,Chevrolet HHR SS 2010,images/train/train_06324.jpg
train_06325,59,Chevrolet HHR SS 2010,images/train/train_06325.jpg
train_06326,59,Chevrolet HHR SS 2010,images/train/train_06326.jpg
train_06328,59,Chevrolet HHR SS 2010,images/train/train_06328.jpg
train_06329,6,Acura ZDX Hatchback 2012,images/train/train_06329.jpg
train_06330,6,Acura ZDX Hatchback 2012,images/train/train_06330.jpg
train_06331,6,Acura ZDX Hatchback 2012,images/train/train_06331.jpg
train_06332,6,Acura ZDX Hatchback 2012,images/train/train_06332.jpg
train_06334,6,Acura ZDX Hatchback 2012,images/train/train_06334.jpg
train_06335,6,Acura ZDX Hatchback 2012,images/train/train_06335.jpg
train_06336,6,Acura ZDX Hatchback 2012,images/train/train_06336.jpg
train_06337,6,Acura ZDX Hatchback 2012,images/train/train_06337.jpg
train_06338,6,Acura ZDX Hatchback 2012,images/train/train_06338.jpg
train_06339,6,Acura ZDX Hatchback 2012,images/train/train_06339.jpg
train_06340,6,Acura ZDX Hatchback 2012,images/train/train_06340.jpg
train_06341,6,Acura ZDX Hatchback 2012,images/train/train_06341.jpg
train_06342,6,Acura ZDX Hatchback 2012,images/train/train_06342.jpg
train_06343,6,Acura ZDX Hatchback 2012,images/train/train_06343.jpg
train_06344,6,Acura ZDX Hatchback 2012,images/train/train_06344.jpg
train_06346,6,Acura ZDX Hatchback 2012,images/train/train_06346.jpg
train_06347,6,Acura ZDX Hatchback 2012,images/train/train_06347.jpg
train_06349,6,Acura ZDX Hatchback 2012,images/train/train_06349.jpg
train_06350,6,Acura ZDX Hatchback 2012,images/train/train_06350.jpg
train_06352,6,Acura ZDX Hatchback 2012,images/train/train_06352.jpg
train_06353,6,Acura ZDX Hatchback 2012,images/train/train_06353.jpg
train_06355,6,Acura ZDX Hatchback 2012,images/train/train_06355.jpg
train_06356,6,Acura ZDX Hatchback 2012,images/train/train_06356.jpg
train_06357,6,Acura ZDX Hatchback 2012,images/train/train_06357.jpg
train_06358,6,Acura ZDX Hatchback 2012,images/train/train_06358.jpg
train_06359,6,Acura ZDX Hatchback 2012,images/train/train_06359.jpg
train_06360,6,Acura ZDX Hatchback 2012,images/train/train_06360.jpg
train_06361,6,Acura ZDX Hatchback 2012,images/train/train_06361.jpg
train_06362,6,Acura ZDX Hatchback 2012,images/train/train_06362.jpg
train_06363,6,Acura ZDX Hatchback 2012,images/train/train_06363.jpg
train_06364,6,Acura ZDX Hatchback 2012,images/train/train_06364.jpg
train_06365,6,Acura ZDX Hatchback 2012,images/train/train_06365.jpg
train_06367,6,Acura ZDX Hatchback 2012,images/train/train_06367.jpg
train_06368,60,Chevrolet Impala Sedan 2007,images/train/train_06368.jpg
train_06369,60,Chevrolet Impala Sedan 2007,images/train/train_06369.jpg
train_06370,60,Chevrolet Impala Sedan 2007,images/train/train_06370.jpg
train_06371,60,Chevrolet Impala Sedan 2007,images/train/train_06371.jpg
train_06372,60,Chevrolet Impala Sedan 2007,images/train/train_06372.jpg
train_06373,60,Chevrolet Impala Sedan 2007,images/train/train_06373.jpg
train_06374,60,Chevrolet Impala Sedan 2007,images/train/train_06374.jpg
train_06375,60,Chevrolet Impala Sedan 2007,images/train/train_06375.jpg
train_06376,60,Chevrolet Impala Sedan 2007,images/train/train_06376.jpg
train_06377,60,Chevrolet Impala Sedan 2007,images/train/train_06377.jpg
train_06378,60,Chevrolet Impala Sedan 2007,images/train/train_06378.jpg
train_06379,60,Chevrolet Impala Sedan 2007,images/train/train_06379.jpg
train_06381,60,Chevrolet Impala Sedan 2007,images/train/train_06381.jpg
train_06382,60,Chevrolet Impala Sedan 2007,images/train/train_06382.jpg
train_06383,60,Chevrolet Impala Sedan 2007,images/train/train_06383.jpg
train_06384,60,Chevrolet Impala Sedan 2007,images/train/train_06384.jpg
train_06385,60,Chevrolet Impala Sedan 2007,images/train/train_06385.jpg
train_06386,60,Chevrolet Impala Sedan 2007,images/train/train_06386.jpg
train_06388,60,Chevrolet Impala Sedan 2007,images/train/train_06388.jpg
train_06389,60,Chevrolet Impala Sedan 2007,images/train/train_06389.jpg
train_06390,60,Chevrolet Impala Sedan 2007,images/train/train_06390.jpg
train_06393,60,Chevrolet Impala Sedan 2007,images/train/train_06393.jpg
train_06394,60,Chevrolet Impala Sedan 2007,images/train/train_06394.jpg
train_06395,60,Chevrolet Impala Sedan 2007,images/train/train_06395.jpg
train_06396,60,Chevrolet Impala Sedan 2007,images/train/train_06396.jpg
train_06397,60,Chevrolet Impala Sedan 2007,images/train/train_06397.jpg
train_06398,60,Chevrolet Impala Sedan 2007,images/train/train_06398.jpg
train_06399,60,Chevrolet Impala Sedan 2007,images/train/train_06399.jpg
train_06400,60,Chevrolet Impala Sedan 2007,images/train/train_06400.jpg
train_06401,60,Chevrolet Impala Sedan 2007,images/train/train_06401.jpg
train_06403,60,Chevrolet Impala Sedan 2007,images/train/train_06403.jpg
train_06404,60,Chevrolet Impala Sedan 2007,images/train/train_06404.jpg
train_06405,60,Chevrolet Impala Sedan 2007,images/train/train_06405.jpg
train_06406,60,Chevrolet Impala Sedan 2007,images/train/train_06406.jpg
train_06407,60,Chevrolet Impala Sedan 2007,images/train/train_06407.jpg
train_06408,60,Chevrolet Impala Sedan 2007,images/train/train_06408.jpg
train_06410,60,Chevrolet Impala Sedan 2007,images/train/train_06410.jpg
train_06412,61,Chevrolet Tahoe Hybrid SUV 2012,images/train/train_06412.jpg
train_06413,61,Chevrolet Tahoe Hybrid SUV 2012,images/train/train_06413.jpg
train_06414,61,Chevrolet Tahoe Hybrid SUV 2012,images/train/train_06414.jpg
train_06415,61,Chevrolet Tahoe Hybrid SUV 2012,images/train/train_06415.jpg
train_06416,61,Chevrolet Tahoe Hybrid SUV 2012,images/train/train_06416.jpg
train_06417,61,Chevrolet Tahoe Hybrid SUV 2012,images/train/train_06417.jpg
train_06418,61,Chevrolet Tahoe Hybrid SUV 2012,images/train/train_06418.jpg
train_06419,61,Chevrolet Tahoe Hybrid SUV 2012,images/train/train_06419.jpg
train_06420,61,Chevrolet Tahoe Hybrid SUV 2012,images/train/train_06420.jpg
train_06421,61,Chevrolet Tahoe Hybrid SUV 2012,images/train/train_06421.jpg
train_06422,61,Chevrolet Tahoe Hybrid SUV 2012,images/train/train_06422.jpg
train_06423,61,Chevrolet Tahoe Hybrid SUV 2012,images/train/train_06423.jpg
train_06424,61,Chevrolet Tahoe Hybrid SUV 2012,images/train/train_06424.jpg
train_06425,61,Chevrolet Tahoe Hybrid SUV 2012,images/train/train_06425.jpg
train_06427,61,Chevrolet Tahoe Hybrid SUV 2012,images/train/train_06427.jpg
train_06428,61,Chevrolet Tahoe Hybrid SUV 2012,images/train/train_06428.jpg
train_06429,61,Chevrolet Tahoe Hybrid SUV 2012,images/train/train_06429.jpg
train_06430,61,Chevrolet Tahoe Hybrid SUV 2012,images/train/train_06430.jpg
train_06431,61,Chevrolet Tahoe Hybrid SUV 2012,images/train/train_06431.jpg
train_06432,61,Chevrolet Tahoe Hybrid SUV 2012,images/train/train_06432.jpg
train_06434,61,Chevrolet Tahoe Hybrid SUV 2012,images/train/train_06434.jpg
train_06435,61,Chevrolet Tahoe Hybrid SUV 2012,images/train/train_06435.jpg
train_06436,61,Chevrolet Tahoe Hybrid SUV 2012,images/train/train_06436.jpg
train_06437,61,Chevrolet Tahoe Hybrid SUV 2012,images/train/train_06437.jpg
train_06438,61,Chevrolet Tahoe Hybrid SUV 2012,images/train/train_06438.jpg
train_06441,61,Chevrolet Tahoe Hybrid SUV 2012,images/train/train_06441.jpg
train_06442,61,Chevrolet Tahoe Hybrid SUV 2012,images/train/train_06442.jpg
train_06443,61,Chevrolet Tahoe Hybrid SUV 2012,images/train/train_06443.jpg
train_06444,61,Chevrolet Tahoe Hybrid SUV 2012,images/train/train_06444.jpg
train_06445,61,Chevrolet Tahoe Hybrid SUV 2012,images/train/train_06445.jpg
train_06447,61,Chevrolet Tahoe Hybrid SUV 2012,images/train/train_06447.jpg
train_06448,62,Chevrolet Sonic Sedan 2012,images/train/train_06448.jpg
train_06449,62,Chevrolet Sonic Sedan 2012,images/train/train_06449.jpg
train_06450,62,Chevrolet Sonic Sedan 2012,images/train/train_06450.jpg
train_06451,62,Chevrolet Sonic Sedan 2012,images/train/train_06451.jpg
train_06452,62,Chevrolet Sonic Sedan 2012,images/train/train_06452.jpg
train_06453,62,Chevrolet Sonic Sedan 2012,images/train/train_06453.jpg
train_06454,62,Chevrolet Sonic Sedan 2012,images/train/train_06454.jpg
train_06455,62,Chevrolet Sonic Sedan 2012,images/train/train_06455.jpg
train_06456,62,Chevrolet Sonic Sedan 2012,images/train/train_06456.jpg
train_06459,62,Chevrolet Sonic Sedan 2012,images/train/train_06459.jpg
train_06460,62,Chevrolet Sonic Sedan 2012,images/train/train_06460.jpg
train_06461,62,Chevrolet Sonic Sedan 2012,images/train/train_06461.jpg
train_06462,62,Chevrolet Sonic Sedan 2012,images/train/train_06462.jpg
train_06463,62,Chevrolet Sonic Sedan 2012,images/train/train_06463.jpg
train_06464,62,Chevrolet Sonic Sedan 2012,images/train/train_06464.jpg
train_06466,62,Chevrolet Sonic Sedan 2012,images/train/train_06466.jpg
train_06467,62,Chevrolet Sonic Sedan 2012,images/train/train_06467.jpg
train_06468,62,Chevrolet Sonic Sedan 2012,images/train/train_06468.jpg
train_06469,62,Chevrolet Sonic Sedan 2012,images/train/train_06469.jpg
train_06470,62,Chevrolet Sonic Sedan 2012,images/train/train_06470.jpg
train_06471,62,Chevrolet Sonic Sedan 2012,images/train/train_06471.jpg
train_06473,62,Chevrolet Sonic Sedan 2012,images/train/train_06473.jpg
train_06474,62,Chevrolet Sonic Sedan 2012,images/train/train_06474.jpg
train_06476,62,Chevrolet Sonic Sedan 2012,images/train/train_06476.jpg
train_06477,62,Chevrolet Sonic Sedan 2012,images/train/train_06477.jpg
train_06478,62,Chevrolet Sonic Sedan 2012,images/train/train_06478.jpg
train_06479,62,Chevrolet Sonic Sedan 2012,images/train/train_06479.jpg
train_06480,62,Chevrolet Sonic Sedan 2012,images/train/train_06480.jpg
train_06481,62,Chevrolet Sonic Sedan 2012,images/train/train_06481.jpg
train_06482,62,Chevrolet Sonic Sedan 2012,images/train/train_06482.jpg
train_06483,62,Chevrolet Sonic Sedan 2012,images/train/train_06483.jpg
train_06484,62,Chevrolet Sonic Sedan 2012,images/train/train_06484.jpg
train_06485,62,Chevrolet Sonic Sedan 2012,images/train/train_06485.jpg
train_06486,62,Chevrolet Sonic Sedan 2012,images/train/train_06486.jpg
train_06488,62,Chevrolet Sonic Sedan 2012,images/train/train_06488.jpg
train_06489,62,Chevrolet Sonic Sedan 2012,images/train/train_06489.jpg
train_06490,62,Chevrolet Sonic Sedan 2012,images/train/train_06490.jpg
train_06492,63,Chevrolet Express Cargo Van 2007,images/train/train_06492.jpg
train_06493,63,Chevrolet Express Cargo Van 2007,images/train/train_06493.jpg
train_06495,63,Chevrolet Express Cargo Van 2007,images/train/train_06495.jpg
train_06496,63,Chevrolet Express Cargo Van 2007,images/train/train_06496.jpg
train_06497,63,Chevrolet Express Cargo Van 2007,images/train/train_06497.jpg
train_06498,63,Chevrolet Express Cargo Van 2007,images/train/train_06498.jpg
train_06499,63,Chevrolet Express Cargo Van 2007,images/train/train_06499.jpg
train_06500,63,Chevrolet Express Cargo Van 2007,images/train/train_06500.jpg
train_06501,63,Chevrolet Express Cargo Van 2007,images/train/train_06501.jpg
train_06503,63,Chevrolet Express Cargo Van 2007,images/train/train_06503.jpg
train_06504,63,Chevrolet Express Cargo Van 2007,images/train/train_06504.jpg
train_06505,63,Chevrolet Express Cargo Van 2007,images/train/train_06505.jpg
train_06506,63,Chevrolet Express Cargo Van 2007,images/train/train_06506.jpg
train_06507,63,Chevrolet Express Cargo Van 2007,images/train/train_06507.jpg
train_06508,63,Chevrolet Express Cargo Van 2007,images/train/train_06508.jpg
train_06509,63,Chevrolet Express Cargo Van 2007,images/train/train_06509.jpg
train_06512,63,Chevrolet Express Cargo Van 2007,images/train/train_06512.jpg
train_06513,63,Chevrolet Express Cargo Van 2007,images/train/train_06513.jpg
train_06514,63,Chevrolet Express Cargo Van 2007,images/train/train_06514.jpg
train_06515,63,Chevrolet Express Cargo Van 2007,images/train/train_06515.jpg
train_06516,63,Chevrolet Express Cargo Van 2007,images/train/train_06516.jpg
train_06517,63,Chevrolet Express Cargo Van 2007,images/train/train_06517.jpg
train_06518,63,Chevrolet Express Cargo Van 2007,images/train/train_06518.jpg
train_06519,63,Chevrolet Express Cargo Van 2007,images/train/train_06519.jpg
train_06520,63,Chevrolet Express Cargo Van 2007,images/train/train_06520.jpg
train_06521,63,Chevrolet Express Cargo Van 2007,images/train/train_06521.jpg
train_06522,64,Chevrolet Avalanche Crew Cab 2012,images/train/train_06522.jpg
train_06523,64,Chevrolet Avalanche Crew Cab 2012,images/train/train_06523.jpg
train_06524,64,Chevrolet Avalanche Crew Cab 2012,images/train/train_06524.jpg
train_06525,64,Chevrolet Avalanche Crew Cab 2012,images/train/train_06525.jpg
train_06526,64,Chevrolet Avalanche Crew Cab 2012,images/train/train_06526.jpg
train_06527,64,Chevrolet Avalanche Crew Cab 2012,images/train/train_06527.jpg
train_06529,64,Chevrolet Avalanche Crew Cab 2012,images/train/train_06529.jpg
train_06531,64,Chevrolet Avalanche Crew Cab 2012,images/train/train_06531.jpg
train_06533,64,Chevrolet Avalanche Crew Cab 2012,images/train/train_06533.jpg
train_06534,64,Chevrolet Avalanche Crew Cab 2012,images/train/train_06534.jpg
train_06535,64,Chevrolet Avalanche Crew Cab 2012,images/train/train_06535.jpg
train_06536,64,Chevrolet Avalanche Crew Cab 2012,images/train/train_06536.jpg
train_06537,64,Chevrolet Avalanche Crew Cab 2012,images/train/train_06537.jpg
train_06538,64,Chevrolet Avalanche Crew Cab 2012,images/train/train_06538.jpg
train_06539,64,Chevrolet Avalanche Crew Cab 2012,images/train/train_06539.jpg
train_06540,64,Chevrolet Avalanche Crew Cab 2012,images/train/train_06540.jpg
train_06541,64,Chevrolet Avalanche Crew Cab 2012,images/train/train_06541.jpg
train_06542,64,Chevrolet Avalanche Crew Cab 2012,images/train/train_06542.jpg
train_06543,64,Chevrolet Avalanche Crew Cab 2012,images/train/train_06543.jpg
train_06544,64,Chevrolet Avalanche Crew Cab 2012,images/train/train_06544.jpg
train_06546,64,Chevrolet Avalanche Crew Cab 2012,images/train/train_06546.jpg
train_06547,64,Chevrolet Avalanche Crew Cab 2012,images/train/train_06547.jpg
train_06548,64,Chevrolet Avalanche Crew Cab 2012,images/train/train_06548.jpg
train_06549,64,Chevrolet Avalanche Crew Cab 2012,images/train/train_06549.jpg
train_06550,64,Chevrolet Avalanche Crew Cab 2012,images/train/train_06550.jpg
train_06551,64,Chevrolet Avalanche Crew Cab 2012,images/train/train_06551.jpg
train_06552,64,Chevrolet Avalanche Crew Cab 2012,images/train/train_06552.jpg
train_06555,64,Chevrolet Avalanche Crew Cab 2012,images/train/train_06555.jpg
train_06557,64,Chevrolet Avalanche Crew Cab 2012,images/train/train_06557.jpg
train_06558,64,Chevrolet Avalanche Crew Cab 2012,images/train/train_06558.jpg
train_06559,64,Chevrolet Avalanche Crew Cab 2012,images/train/train_06559.jpg
train_06560,64,Chevrolet Avalanche Crew Cab 2012,images/train/train_06560.jpg
train_06561,64,Chevrolet Avalanche Crew Cab 2012,images/train/train_06561.jpg
train_06562,64,Chevrolet Avalanche Crew Cab 2012,images/train/train_06562.jpg
train_06563,64,Chevrolet Avalanche Crew Cab 2012,images/train/train_06563.jpg
train_06564,64,Chevrolet Avalanche Crew Cab 2012,images/train/train_06564.jpg
train_06565,64,Chevrolet Avalanche Crew Cab 2012,images/train/train_06565.jpg
train_06566,64,Chevrolet Avalanche Crew Cab 2012,images/train/train_06566.jpg
train_06567,65,Chevrolet Cobalt SS 2010,images/train/train_06567.jpg
train_06568,65,Chevrolet Cobalt SS 2010,images/train/train_06568.jpg
train_06569,65,Chevrolet Cobalt SS 2010,images/train/train_06569.jpg
train_06570,65,Chevrolet Cobalt SS 2010,images/train/train_06570.jpg
train_06571,65,Chevrolet Cobalt SS 2010,images/train/train_06571.jpg
train_06572,65,Chevrolet Cobalt SS 2010,images/train/train_06572.jpg
train_06573,65,Chevrolet Cobalt SS 2010,images/train/train_06573.jpg
train_06574,65,Chevrolet Cobalt SS 2010,images/train/train_06574.jpg
train_06576,65,Chevrolet Cobalt SS 2010,images/train/train_06576.jpg
train_06577,65,Chevrolet Cobalt SS 2010,images/train/train_06577.jpg
train_06579,65,Chevrolet Cobalt SS 2010,images/train/train_06579.jpg
train_06580,65,Chevrolet Cobalt SS 2010,images/train/train_06580.jpg
train_06581,65,Chevrolet Cobalt SS 2010,images/train/train_06581.jpg
train_06582,65,Chevrolet Cobalt SS 2010,images/train/train_06582.jpg
train_06583,65,Chevrolet Cobalt SS 2010,images/train/train_06583.jpg
train_06584,65,Chevrolet Cobalt SS 2010,images/train/train_06584.jpg
train_06585,65,Chevrolet Cobalt SS 2010,images/train/train_06585.jpg
train_06586,65,Chevrolet Cobalt SS 2010,images/train/train_06586.jpg
train_06587,65,Chevrolet Cobalt SS 2010,images/train/train_06587.jpg
train_06589,65,Chevrolet Cobalt SS 2010,images/train/train_06589.jpg
train_06590,65,Chevrolet Cobalt SS 2010,images/train/train_06590.jpg
train_06591,65,Chevrolet Cobalt SS 2010,images/train/train_06591.jpg
train_06592,65,Chevrolet Cobalt SS 2010,images/train/train_06592.jpg
train_06593,65,Chevrolet Cobalt SS 2010,images/train/train_06593.jpg
train_06594,65,Chevrolet Cobalt SS 2010,images/train/train_06594.jpg
train_06596,65,Chevrolet Cobalt SS 2010,images/train/train_06596.jpg
train_06598,65,Chevrolet Cobalt SS 2010,images/train/train_06598.jpg
train_06599,65,Chevrolet Cobalt SS 2010,images/train/train_06599.jpg
train_06600,65,Chevrolet Cobalt SS 2010,images/train/train_06600.jpg
train_06602,65,Chevrolet Cobalt SS 2010,images/train/train_06602.jpg
train_06603,65,Chevrolet Cobalt SS 2010,images/train/train_06603.jpg
train_06604,65,Chevrolet Cobalt SS 2010,images/train/train_06604.jpg
train_06605,65,Chevrolet Cobalt SS 2010,images/train/train_06605.jpg
train_06606,65,Chevrolet Cobalt SS 2010,images/train/train_06606.jpg
train_06607,65,Chevrolet Cobalt SS 2010,images/train/train_06607.jpg
train_06608,65,Chevrolet Cobalt SS 2010,images/train/train_06608.jpg
train_06609,66,Chevrolet Malibu Hybrid Sedan 2010,images/train/train_06609.jpg
train_06610,66,Chevrolet Malibu Hybrid Sedan 2010,images/train/train_06610.jpg
train_06612,66,Chevrolet Malibu Hybrid Sedan 2010,images/train/train_06612.jpg
train_06613,66,Chevrolet Malibu Hybrid Sedan 2010,images/train/train_06613.jpg
train_06614,66,Chevrolet Malibu Hybrid Sedan 2010,images/train/train_06614.jpg
train_06615,66,Chevrolet Malibu Hybrid Sedan 2010,images/train/train_06615.jpg
train_06616,66,Chevrolet Malibu Hybrid Sedan 2010,images/train/train_06616.jpg
train_06617,66,Chevrolet Malibu Hybrid Sedan 2010,images/train/train_06617.jpg
train_06618,66,Chevrolet Malibu Hybrid Sedan 2010,images/train/train_06618.jpg
train_06620,66,Chevrolet Malibu Hybrid Sedan 2010,images/train/train_06620.jpg
train_06621,66,Chevrolet Malibu Hybrid Sedan 2010,images/train/train_06621.jpg
train_06622,66,Chevrolet Malibu Hybrid Sedan 2010,images/train/train_06622.jpg
train_06623,66,Chevrolet Malibu Hybrid Sedan 2010,images/train/train_06623.jpg
train_06624,66,Chevrolet Malibu Hybrid Sedan 2010,images/train/train_06624.jpg
train_06625,66,Chevrolet Malibu Hybrid Sedan 2010,images/train/train_06625.jpg
train_06626,66,Chevrolet Malibu Hybrid Sedan 2010,images/train/train_06626.jpg
train_06627,66,Chevrolet Malibu Hybrid Sedan 2010,images/train/train_06627.jpg
train_06628,66,Chevrolet Malibu Hybrid Sedan 2010,images/train/train_06628.jpg
train_06630,66,Chevrolet Malibu Hybrid Sedan 2010,images/train/train_06630.jpg
train_06631,66,Chevrolet Malibu Hybrid Sedan 2010,images/train/train_06631.jpg
train_06632,66,Chevrolet Malibu Hybrid Sedan 2010,images/train/train_06632.jpg
train_06634,66,Chevrolet Malibu Hybrid Sedan 2010,images/train/train_06634.jpg
train_06635,66,Chevrolet Malibu Hybrid Sedan 2010,images/train/train_06635.jpg
train_06636,66,Chevrolet Malibu Hybrid Sedan 2010,images/train/train_06636.jpg
train_06638,66,Chevrolet Malibu Hybrid Sedan 2010,images/train/train_06638.jpg
train_06639,66,Chevrolet Malibu Hybrid Sedan 2010,images/train/train_06639.jpg
train_06640,66,Chevrolet Malibu Hybrid Sedan 2010,images/train/train_06640.jpg
train_06641,66,Chevrolet Malibu Hybrid Sedan 2010,images/train/train_06641.jpg
train_06642,66,Chevrolet Malibu Hybrid Sedan 2010,images/train/train_06642.jpg
train_06644,66,Chevrolet Malibu Hybrid Sedan 2010,images/train/train_06644.jpg
train_06645,66,Chevrolet Malibu Hybrid Sedan 2010,images/train/train_06645.jpg
train_06646,66,Chevrolet Malibu Hybrid Sedan 2010,images/train/train_06646.jpg
train_06647,66,Chevrolet Malibu Hybrid Sedan 2010,images/train/train_06647.jpg
train_06648,67,Chevrolet TrailBlazer SS 2009,images/train/train_06648.jpg
train_06649,67,Chevrolet TrailBlazer SS 2009,images/train/train_06649.jpg
train_06652,67,Chevrolet TrailBlazer SS 2009,images/train/train_06652.jpg
train_06653,67,Chevrolet TrailBlazer SS 2009,images/train/train_06653.jpg
train_06654,67,Chevrolet TrailBlazer SS 2009,images/train/train_06654.jpg
train_06655,67,Chevrolet TrailBlazer SS 2009,images/train/train_06655.jpg
train_06657,67,Chevrolet TrailBlazer SS 2009,images/train/train_06657.jpg
train_06658,67,Chevrolet TrailBlazer SS 2009,images/train/train_06658.jpg
train_06659,67,Chevrolet TrailBlazer SS 2009,images/train/train_06659.jpg
train_06660,67,Chevrolet TrailBlazer SS 2009,images/train/train_06660.jpg
train_06661,67,Chevrolet TrailBlazer SS 2009,images/train/train_06661.jpg
train_06662,67,Chevrolet TrailBlazer SS 2009,images/train/train_06662.jpg
train_06663,67,Chevrolet TrailBlazer SS 2009,images/train/train_06663.jpg
train_06664,67,Chevrolet TrailBlazer SS 2009,images/train/train_06664.jpg
train_06665,67,Chevrolet TrailBlazer SS 2009,images/train/train_06665.jpg
train_06666,67,Chevrolet TrailBlazer SS 2009,images/train/train_06666.jpg
train_06667,67,Chevrolet TrailBlazer SS 2009,images/train/train_06667.jpg
train_06668,67,Chevrolet TrailBlazer SS 2009,images/train/train_06668.jpg
train_06669,67,Chevrolet TrailBlazer SS 2009,images/train/train_06669.jpg
train_06670,67,Chevrolet TrailBlazer SS 2009,images/train/train_06670.jpg
train_06671,67,Chevrolet TrailBlazer SS 2009,images/train/train_06671.jpg
train_06672,67,Chevrolet TrailBlazer SS 2009,images/train/train_06672.jpg
train_06673,67,Chevrolet TrailBlazer SS 2009,images/train/train_06673.jpg
train_06674,67,Chevrolet TrailBlazer SS 2009,images/train/train_06674.jpg
train_06675,67,Chevrolet TrailBlazer SS 2009,images/train/train_06675.jpg
train_06676,67,Chevrolet TrailBlazer SS 2009,images/train/train_06676.jpg
train_06677,67,Chevrolet TrailBlazer SS 2009,images/train/train_06677.jpg
train_06680,67,Chevrolet TrailBlazer SS 2009,images/train/train_06680.jpg
train_06681,67,Chevrolet TrailBlazer SS 2009,images/train/train_06681.jpg
train_06682,67,Chevrolet TrailBlazer SS 2009,images/train/train_06682.jpg
train_06683,67,Chevrolet TrailBlazer SS 2009,images/train/train_06683.jpg
train_06684,67,Chevrolet TrailBlazer SS 2009,images/train/train_06684.jpg
train_06686,67,Chevrolet TrailBlazer SS 2009,images/train/train_06686.jpg
train_06687,67,Chevrolet TrailBlazer SS 2009,images/train/train_06687.jpg
train_06688,68,Chevrolet Silverado 2500HD Regular Cab 2012,images/train/train_06688.jpg
train_06690,68,Chevrolet Silverado 2500HD Regular Cab 2012,images/train/train_06690.jpg
train_06691,68,Chevrolet Silverado 2500HD Regular Cab 2012,images/train/train_06691.jpg
train_06692,68,Chevrolet Silverado 2500HD Regular Cab 2012,images/train/train_06692.jpg
train_06694,68,Chevrolet Silverado 2500HD Regular Cab 2012,images/train/train_06694.jpg
train_06697,68,Chevrolet Silverado 2500HD Regular Cab 2012,images/train/train_06697.jpg
train_06698,68,Chevrolet Silverado 2500HD Regular Cab 2012,images/train/train_06698.jpg
train_06700,68,Chevrolet Silverado 2500HD Regular Cab 2012,images/train/train_06700.jpg
train_06701,68,Chevrolet Silverado 2500HD Regular Cab 2012,images/train/train_06701.jpg
train_06702,68,Chevrolet Silverado 2500HD Regular Cab 2012,images/train/train_06702.jpg
train_06704,68,Chevrolet Silverado 2500HD Regular Cab 2012,images/train/train_06704.jpg
train_06705,68,Chevrolet Silverado 2500HD Regular Cab 2012,images/train/train_06705.jpg
train_06706,68,Chevrolet Silverado 2500HD Regular Cab 2012,images/train/train_06706.jpg
train_06707,68,Chevrolet Silverado 2500HD Regular Cab 2012,images/train/train_06707.jpg
train_06708,68,Chevrolet Silverado 2500HD Regular Cab 2012,images/train/train_06708.jpg
train_06709,68,Chevrolet Silverado 2500HD Regular Cab 2012,images/train/train_06709.jpg
train_06710,68,Chevrolet Silverado 2500HD Regular Cab 2012,images/train/train_06710.jpg
train_06711,68,Chevrolet Silverado 2500HD Regular Cab 2012,images/train/train_06711.jpg
train_06712,68,Chevrolet Silverado 2500HD Regular Cab 2012,images/train/train_06712.jpg
train_06713,68,Chevrolet Silverado 2500HD Regular Cab 2012,images/train/train_06713.jpg
train_06714,68,Chevrolet Silverado 2500HD Regular Cab 2012,images/train/train_06714.jpg
train_06715,68,Chevrolet Silverado 2500HD Regular Cab 2012,images/train/train_06715.jpg
train_06716,68,Chevrolet Silverado 2500HD Regular Cab 2012,images/train/train_06716.jpg
train_06717,68,Chevrolet Silverado 2500HD Regular Cab 2012,images/train/train_06717.jpg
train_06718,68,Chevrolet Silverado 2500HD Regular Cab 2012,images/train/train_06718.jpg
train_06719,68,Chevrolet Silverado 2500HD Regular Cab 2012,images/train/train_06719.jpg
train_06720,68,Chevrolet Silverado 2500HD Regular Cab 2012,images/train/train_06720.jpg
train_06721,68,Chevrolet Silverado 2500HD Regular Cab 2012,images/train/train_06721.jpg
train_06722,68,Chevrolet Silverado 2500HD Regular Cab 2012,images/train/train_06722.jpg
train_06723,68,Chevrolet Silverado 2500HD Regular Cab 2012,images/train/train_06723.jpg
train_06724,68,Chevrolet Silverado 2500HD Regular Cab 2012,images/train/train_06724.jpg
train_06725,68,Chevrolet Silverado 2500HD Regular Cab 2012,images/train/train_06725.jpg
train_06726,69,Chevrolet Silverado 1500 Classic Extended Cab 2007,images/train/train_06726.jpg
train_06728,69,Chevrolet Silverado 1500 Classic Extended Cab 2007,images/train/train_06728.jpg
train_06729,69,Chevrolet Silverado 1500 Classic Extended Cab 2007,images/train/train_06729.jpg
train_06730,69,Chevrolet Silverado 1500 Classic Extended Cab 2007,images/train/train_06730.jpg
train_06731,69,Chevrolet Silverado 1500 Classic Extended Cab 2007,images/train/train_06731.jpg
train_06732,69,Chevrolet Silverado 1500 Classic Extended Cab 2007,images/train/train_06732.jpg
train_06733,69,Chevrolet Silverado 1500 Classic Extended Cab 2007,images/train/train_06733.jpg
train_06734,69,Chevrolet Silverado 1500 Classic Extended Cab 2007,images/train/train_06734.jpg
train_06737,69,Chevrolet Silverado 1500 Classic Extended Cab 2007,images/train/train_06737.jpg
train_06738,69,Chevrolet Silverado 1500 Classic Extended Cab 2007,images/train/train_06738.jpg
train_06739,69,Chevrolet Silverado 1500 Classic Extended Cab 2007,images/train/train_06739.jpg
train_06740,69,Chevrolet Silverado 1500 Classic Extended Cab 2007,images/train/train_06740.jpg
train_06742,69,Chevrolet Silverado 1500 Classic Extended Cab 2007,images/train/train_06742.jpg
train_06743,69,Chevrolet Silverado 1500 Classic Extended Cab 2007,images/train/train_06743.jpg
train_06744,69,Chevrolet Silverado 1500 Classic Extended Cab 2007,images/train/train_06744.jpg
train_06745,69,Chevrolet Silverado 1500 Classic Extended Cab 2007,images/train/train_06745.jpg
train_06746,69,Chevrolet Silverado 1500 Classic Extended Cab 2007,images/train/train_06746.jpg
train_06747,69,Chevrolet Silverado 1500 Classic Extended Cab 2007,images/train/train_06747.jpg
train_06748,69,Chevrolet Silverado 1500 Classic Extended Cab 2007,images/train/train_06748.jpg
train_06749,69,Chevrolet Silverado 1500 Classic Extended Cab 2007,images/train/train_06749.jpg
train_06750,69,Chevrolet Silverado 1500 Classic Extended Cab 2007,images/train/train_06750.jpg
train_06751,69,Chevrolet Silverado 1500 Classic Extended Cab 2007,images/train/train_06751.jpg
train_06752,69,Chevrolet Silverado 1500 Classic Extended Cab 2007,images/train/train_06752.jpg
train_06753,69,Chevrolet Silverado 1500 Classic Extended Cab 2007,images/train/train_06753.jpg
train_06754,69,Chevrolet Silverado 1500 Classic Extended Cab 2007,images/train/train_06754.jpg
train_06755,69,Chevrolet Silverado 1500 Classic Extended Cab 2007,images/train/train_06755.jpg
train_06756,69,Chevrolet Silverado 1500 Classic Extended Cab 2007,images/train/train_06756.jpg
train_06757,69,Chevrolet Silverado 1500 Classic Extended Cab 2007,images/train/train_06757.jpg
train_06758,69,Chevrolet Silverado 1500 Classic Extended Cab 2007,images/train/train_06758.jpg
train_06759,69,Chevrolet Silverado 1500 Classic Extended Cab 2007,images/train/train_06759.jpg
train_06760,69,Chevrolet Silverado 1500 Classic Extended Cab 2007,images/train/train_06760.jpg
train_06761,69,Chevrolet Silverado 1500 Classic Extended Cab 2007,images/train/train_06761.jpg
train_06762,69,Chevrolet Silverado 1500 Classic Extended Cab 2007,images/train/train_06762.jpg
train_06763,69,Chevrolet Silverado 1500 Classic Extended Cab 2007,images/train/train_06763.jpg
train_06764,69,Chevrolet Silverado 1500 Classic Extended Cab 2007,images/train/train_06764.jpg
train_06765,69,Chevrolet Silverado 1500 Classic Extended Cab 2007,images/train/train_06765.jpg
train_06766,69,Chevrolet Silverado 1500 Classic Extended Cab 2007,images/train/train_06766.jpg
train_06769,7,Aston Martin V8 Vantage Convertible 2012,images/train/train_06769.jpg
train_06770,7,Aston Martin V8 Vantage Convertible 2012,images/train/train_06770.jpg
train_06771,7,Aston Martin V8 Vantage Convertible 2012,images/train/train_06771.jpg
train_06773,7,Aston Martin V8 Vantage Convertible 2012,images/train/train_06773.jpg
train_06774,7,Aston Martin V8 Vantage Convertible 2012,images/train/train_06774.jpg
train_06775,7,Aston Martin V8 Vantage Convertible 2012,images/train/train_06775.jpg
train_06777,7,Aston Martin V8 Vantage Convertible 2012,images/train/train_06777.jpg
train_06778,7,Aston Martin V8 Vantage Convertible 2012,images/train/train_06778.jpg
train_06779,7,Aston Martin V8 Vantage Convertible 2012,images/train/train_06779.jpg
train_06780,7,Aston Martin V8 Vantage Convertible 2012,images/train/train_06780.jpg
train_06781,7,Aston Martin V8 Vantage Convertible 2012,images/train/train_06781.jpg
train_06782,7,Aston Martin V8 Vantage Convertible 2012,images/train/train_06782.jpg
train_06783,7,Aston Martin V8 Vantage Convertible 2012,images/train/train_06783.jpg
train_06784,7,Aston Martin V8 Vantage Convertible 2012,images/train/train_06784.jpg
train_06785,7,Aston Martin V8 Vantage Convertible 2012,images/train/train_06785.jpg
train_06787,7,Aston Martin V8 Vantage Convertible 2012,images/train/train_06787.jpg
train_06789,7,Aston Martin V8 Vantage Convertible 2012,images/train/train_06789.jpg
train_06790,7,Aston Martin V8 Vantage Convertible 2012,images/train/train_06790.jpg
train_06793,7,Aston Martin V8 Vantage Convertible 2012,images/train/train_06793.jpg
train_06794,7,Aston Martin V8 Vantage Convertible 2012,images/train/train_06794.jpg
train_06795,7,Aston Martin V8 Vantage Convertible 2012,images/train/train_06795.jpg
train_06796,7,Aston Martin V8 Vantage Convertible 2012,images/train/train_06796.jpg
train_06797,7,Aston Martin V8 Vantage Convertible 2012,images/train/train_06797.jpg
train_06798,7,Aston Martin V8 Vantage Convertible 2012,images/train/train_06798.jpg
train_06799,7,Aston Martin V8 Vantage Convertible 2012,images/train/train_06799.jpg
train_06800,7,Aston Martin V8 Vantage Convertible 2012,images/train/train_06800.jpg
train_06801,7,Aston Martin V8 Vantage Convertible 2012,images/train/train_06801.jpg
train_06802,7,Aston Martin V8 Vantage Convertible 2012,images/train/train_06802.jpg
train_06804,7,Aston Martin V8 Vantage Convertible 2012,images/train/train_06804.jpg
train_06805,7,Aston Martin V8 Vantage Convertible 2012,images/train/train_06805.jpg
train_06806,7,Aston Martin V8 Vantage Convertible 2012,images/train/train_06806.jpg
train_06807,7,Aston Martin V8 Vantage Convertible 2012,images/train/train_06807.jpg
train_06808,7,Aston Martin V8 Vantage Convertible 2012,images/train/train_06808.jpg
train_06809,7,Aston Martin V8 Vantage Convertible 2012,images/train/train_06809.jpg
train_06810,7,Aston Martin V8 Vantage Convertible 2012,images/train/train_06810.jpg
train_06811,7,Aston Martin V8 Vantage Convertible 2012,images/train/train_06811.jpg
train_06812,7,Aston Martin V8 Vantage Convertible 2012,images/train/train_06812.jpg
train_06813,7,Aston Martin V8 Vantage Convertible 2012,images/train/train_06813.jpg
train_06814,70,Chevrolet Express Van 2007,images/train/train_06814.jpg
train_06815,70,Chevrolet Express Van 2007,images/train/train_06815.jpg
train_06816,70,Chevrolet Express Van 2007,images/train/train_06816.jpg
train_06817,70,Chevrolet Express Van 2007,images/train/train_06817.jpg
train_06818,70,Chevrolet Express Van 2007,images/train/train_06818.jpg
train_06819,70,Chevrolet Express Van 2007,images/train/train_06819.jpg
train_06820,70,Chevrolet Express Van 2007,images/train/train_06820.jpg
train_06821,70,Chevrolet Express Van 2007,images/train/train_06821.jpg
train_06822,70,Chevrolet Express Van 2007,images/train/train_06822.jpg
train_06824,70,Chevrolet Express Van 2007,images/train/train_06824.jpg
train_06826,70,Chevrolet Express Van 2007,images/train/train_06826.jpg
train_06828,70,Chevrolet Express Van 2007,images/train/train_06828.jpg
train_06829,70,Chevrolet Express Van 2007,images/train/train_06829.jpg
train_06830,70,Chevrolet Express Van 2007,images/train/train_06830.jpg
train_06831,70,Chevrolet Express Van 2007,images/train/train_06831.jpg
train_06832,70,Chevrolet Express Van 2007,images/train/train_06832.jpg
train_06833,70,Chevrolet Express Van 2007,images/train/train_06833.jpg
train_06834,70,Chevrolet Express Van 2007,images/train/train_06834.jpg
train_06836,70,Chevrolet Express Van 2007,images/train/train_06836.jpg
train_06837,70,Chevrolet Express Van 2007,images/train/train_06837.jpg
train_06838,70,Chevrolet Express Van 2007,images/train/train_06838.jpg
train_06839,70,Chevrolet Express Van 2007,images/train/train_06839.jpg
train_06841,70,Chevrolet Express Van 2007,images/train/train_06841.jpg
train_06842,70,Chevrolet Express Van 2007,images/train/train_06842.jpg
train_06843,70,Chevrolet Express Van 2007,images/train/train_06843.jpg
train_06844,70,Chevrolet Express Van 2007,images/train/train_06844.jpg
train_06845,70,Chevrolet Express Van 2007,images/train/train_06845.jpg
train_06846,70,Chevrolet Express Van 2007,images/train/train_06846.jpg
train_06847,70,Chevrolet Express Van 2007,images/train/train_06847.jpg
train_06848,70,Chevrolet Express Van 2007,images/train/train_06848.jpg
train_06850,71,Chevrolet Monte Carlo Coupe 2007,images/train/train_06850.jpg
train_06851,71,Chevrolet Monte Carlo Coupe 2007,images/train/train_06851.jpg
train_06852,71,Chevrolet Monte Carlo Coupe 2007,images/train/train_06852.jpg
train_06853,71,Chevrolet Monte Carlo Coupe 2007,images/train/train_06853.jpg
train_06854,71,Chevrolet Monte Carlo Coupe 2007,images/train/train_06854.jpg
train_06855,71,Chevrolet Monte Carlo Coupe 2007,images/train/train_06855.jpg
train_06856,71,Chevrolet Monte Carlo Coupe 2007,images/train/train_06856.jpg
train_06857,71,Chevrolet Monte Carlo Coupe 2007,images/train/train_06857.jpg
train_06858,71,Chevrolet Monte Carlo Coupe 2007,images/train/train_06858.jpg
train_06859,71,Chevrolet Monte Carlo Coupe 2007,images/train/train_06859.jpg
train_06860,71,Chevrolet Monte Carlo Coupe 2007,images/train/train_06860.jpg
train_06861,71,Chevrolet Monte Carlo Coupe 2007,images/train/train_06861.jpg
train_06862,71,Chevrolet Monte Carlo Coupe 2007,images/train/train_06862.jpg
train_06863,71,Chevrolet Monte Carlo Coupe 2007,images/train/train_06863.jpg
train_06865,71,Chevrolet Monte Carlo Coupe 2007,images/train/train_06865.jpg
train_06866,71,Chevrolet Monte Carlo Coupe 2007,images/train/train_06866.jpg
train_06867,71,Chevrolet Monte Carlo Coupe 2007,images/train/train_06867.jpg
train_06869,71,Chevrolet Monte Carlo Coupe 2007,images/train/train_06869.jpg
train_06870,71,Chevrolet Monte Carlo Coupe 2007,images/train/train_06870.jpg
train_06871,71,Chevrolet Monte Carlo Coupe 2007,images/train/train_06871.jpg
train_06872,71,Chevrolet Monte Carlo Coupe 2007,images/train/train_06872.jpg
train_06873,71,Chevrolet Monte Carlo Coupe 2007,images/train/train_06873.jpg
train_06874,71,Chevrolet Monte Carlo Coupe 2007,images/train/train_06874.jpg
train_06875,71,Chevrolet Monte Carlo Coupe 2007,images/train/train_06875.jpg
train_06878,71,Chevrolet Monte Carlo Coupe 2007,images/train/train_06878.jpg
train_06879,71,Chevrolet Monte Carlo Coupe 2007,images/train/train_06879.jpg
train_06880,71,Chevrolet Monte Carlo Coupe 2007,images/train/train_06880.jpg
train_06881,71,Chevrolet Monte Carlo Coupe 2007,images/train/train_06881.jpg
train_06884,71,Chevrolet Monte Carlo Coupe 2007,images/train/train_06884.jpg
train_06885,71,Chevrolet Monte Carlo Coupe 2007,images/train/train_06885.jpg
train_06886,71,Chevrolet Monte Carlo Coupe 2007,images/train/train_06886.jpg
train_06887,71,Chevrolet Monte Carlo Coupe 2007,images/train/train_06887.jpg
train_06888,71,Chevrolet Monte Carlo Coupe 2007,images/train/train_06888.jpg
train_06889,71,Chevrolet Monte Carlo Coupe 2007,images/train/train_06889.jpg
train_06890,71,Chevrolet Monte Carlo Coupe 2007,images/train/train_06890.jpg
train_06891,71,Chevrolet Monte Carlo Coupe 2007,images/train/train_06891.jpg
train_06892,71,Chevrolet Monte Carlo Coupe 2007,images/train/train_06892.jpg
train_06893,71,Chevrolet Monte Carlo Coupe 2007,images/train/train_06893.jpg
train_06894,72,Chevrolet Malibu Sedan 2007,images/train/train_06894.jpg
train_06895,72,Chevrolet Malibu Sedan 2007,images/train/train_06895.jpg
train_06896,72,Chevrolet Malibu Sedan 2007,images/train/train_06896.jpg
train_06897,72,Chevrolet Malibu Sedan 2007,images/train/train_06897.jpg
train_06898,72,Chevrolet Malibu Sedan 2007,images/train/train_06898.jpg
train_06900,72,Chevrolet Malibu Sedan 2007,images/train/train_06900.jpg
train_06901,72,Chevrolet Malibu Sedan 2007,images/train/train_06901.jpg
train_06902,72,Chevrolet Malibu Sedan 2007,images/train/train_06902.jpg
train_06904,72,Chevrolet Malibu Sedan 2007,images/train/train_06904.jpg
train_06905,72,Chevrolet Malibu Sedan 2007,images/train/train_06905.jpg
train_06906,72,Chevrolet Malibu Sedan 2007,images/train/train_06906.jpg
train_06907,72,Chevrolet Malibu Sedan 2007,images/train/train_06907.jpg
train_06908,72,Chevrolet Malibu Sedan 2007,images/train/train_06908.jpg
train_06910,72,Chevrolet Malibu Sedan 2007,images/train/train_06910.jpg
train_06911,72,Chevrolet Malibu Sedan 2007,images/train/train_06911.jpg
train_06912,72,Chevrolet Malibu Sedan 2007,images/train/train_06912.jpg
train_06913,72,Chevrolet Malibu Sedan 2007,images/train/train_06913.jpg
train_06914,72,Chevrolet Malibu Sedan 2007,images/train/train_06914.jpg
train_06915,72,Chevrolet Malibu Sedan 2007,images/train/train_06915.jpg
train_06916,72,Chevrolet Malibu Sedan 2007,images/train/train_06916.jpg
train_06917,72,Chevrolet Malibu Sedan 2007,images/train/train_06917.jpg
train_06918,72,Chevrolet Malibu Sedan 2007,images/train/train_06918.jpg
train_06919,72,Chevrolet Malibu Sedan 2007,images/train/train_06919.jpg
train_06920,72,Chevrolet Malibu Sedan 2007,images/train/train_06920.jpg
train_06921,72,Chevrolet Malibu Sedan 2007,images/train/train_06921.jpg
train_06923,72,Chevrolet Malibu Sedan 2007,images/train/train_06923.jpg
train_06924,72,Chevrolet Malibu Sedan 2007,images/train/train_06924.jpg
train_06925,72,Chevrolet Malibu Sedan 2007,images/train/train_06925.jpg
train_06926,72,Chevrolet Malibu Sedan 2007,images/train/train_06926.jpg
train_06928,72,Chevrolet Malibu Sedan 2007,images/train/train_06928.jpg
train_06929,72,Chevrolet Malibu Sedan 2007,images/train/train_06929.jpg
train_06930,72,Chevrolet Malibu Sedan 2007,images/train/train_06930.jpg
train_06931,72,Chevrolet Malibu Sedan 2007,images/train/train_06931.jpg
train_06932,72,Chevrolet Malibu Sedan 2007,images/train/train_06932.jpg
train_06935,72,Chevrolet Malibu Sedan 2007,images/train/train_06935.jpg
train_06936,72,Chevrolet Malibu Sedan 2007,images/train/train_06936.jpg
train_06937,72,Chevrolet Malibu Sedan 2007,images/train/train_06937.jpg
train_06938,72,Chevrolet Malibu Sedan 2007,images/train/train_06938.jpg
train_06939,73,Chevrolet Silverado 1500 Extended Cab 2012,images/train/train_06939.jpg
train_06941,73,Chevrolet Silverado 1500 Extended Cab 2012,images/train/train_06941.jpg
train_06942,73,Chevrolet Silverado 1500 Extended Cab 2012,images/train/train_06942.jpg
train_06944,73,Chevrolet Silverado 1500 Extended Cab 2012,images/train/train_06944.jpg
train_06945,73,Chevrolet Silverado 1500 Extended Cab 2012,images/train/train_06945.jpg
train_06947,73,Chevrolet Silverado 1500 Extended Cab 2012,images/train/train_06947.jpg
train_06948,73,Chevrolet Silverado 1500 Extended Cab 2012,images/train/train_06948.jpg
train_06949,73,Chevrolet Silverado 1500 Extended Cab 2012,images/train/train_06949.jpg
train_06950,73,Chevrolet Silverado 1500 Extended Cab 2012,images/train/train_06950.jpg
train_06952,73,Chevrolet Silverado 1500 Extended Cab 2012,images/train/train_06952.jpg
train_06954,73,Chevrolet Silverado 1500 Extended Cab 2012,images/train/train_06954.jpg
train_06955,73,Chevrolet Silverado 1500 Extended Cab 2012,images/train/train_06955.jpg
train_06956,73,Chevrolet Silverado 1500 Extended Cab 2012,images/train/train_06956.jpg
train_06957,73,Chevrolet Silverado 1500 Extended Cab 2012,images/train/train_06957.jpg
train_06958,73,Chevrolet Silverado 1500 Extended Cab 2012,images/train/train_06958.jpg
train_06959,73,Chevrolet Silverado 1500 Extended Cab 2012,images/train/train_06959.jpg
train_06960,73,Chevrolet Silverado 1500 Extended Cab 2012,images/train/train_06960.jpg
train_06961,73,Chevrolet Silverado 1500 Extended Cab 2012,images/train/train_06961.jpg
train_06962,73,Chevrolet Silverado 1500 Extended Cab 2012,images/train/train_06962.jpg
train_06963,73,Chevrolet Silverado 1500 Extended Cab 2012,images/train/train_06963.jpg
train_06964,73,Chevrolet Silverado 1500 Extended Cab 2012,images/train/train_06964.jpg
train_06965,73,Chevrolet Silverado 1500 Extended Cab 2012,images/train/train_06965.jpg
train_06966,73,Chevrolet Silverado 1500 Extended Cab 2012,images/train/train_06966.jpg
train_06967,73,Chevrolet Silverado 1500 Extended Cab 2012,images/train/train_06967.jpg
train_06968,73,Chevrolet Silverado 1500 Extended Cab 2012,images/train/train_06968.jpg
train_06969,73,Chevrolet Silverado 1500 Extended Cab 2012,images/train/train_06969.jpg
train_06970,73,Chevrolet Silverado 1500 Extended Cab 2012,images/train/train_06970.jpg
train_06971,73,Chevrolet Silverado 1500 Extended Cab 2012,images/train/train_06971.jpg
train_06972,73,Chevrolet Silverado 1500 Extended Cab 2012,images/train/train_06972.jpg
train_06973,73,Chevrolet Silverado 1500 Extended Cab 2012,images/train/train_06973.jpg
train_06975,73,Chevrolet Silverado 1500 Extended Cab 2012,images/train/train_06975.jpg
train_06976,73,Chevrolet Silverado 1500 Extended Cab 2012,images/train/train_06976.jpg
train_06977,73,Chevrolet Silverado 1500 Extended Cab 2012,images/train/train_06977.jpg
train_06979,73,Chevrolet Silverado 1500 Extended Cab 2012,images/train/train_06979.jpg
train_06980,73,Chevrolet Silverado 1500 Extended Cab 2012,images/train/train_06980.jpg
train_06981,73,Chevrolet Silverado 1500 Extended Cab 2012,images/train/train_06981.jpg
train_06982,73,Chevrolet Silverado 1500 Extended Cab 2012,images/train/train_06982.jpg
train_06983,74,Chevrolet Silverado 1500 Regular Cab 2012,images/train/train_06983.jpg
train_06985,74,Chevrolet Silverado 1500 Regular Cab 2012,images/train/train_06985.jpg
train_06986,74,Chevrolet Silverado 1500 Regular Cab 2012,images/train/train_06986.jpg
train_06987,74,Chevrolet Silverado 1500 Regular Cab 2012,images/train/train_06987.jpg
train_06988,74,Chevrolet Silverado 1500 Regular Cab 2012,images/train/train_06988.jpg
train_06989,74,Chevrolet Silverado 1500 Regular Cab 2012,images/train/train_06989.jpg
train_06990,74,Chevrolet Silverado 1500 Regular Cab 2012,images/train/train_06990.jpg
train_06991,74,Chevrolet Silverado 1500 Regular Cab 2012,images/train/train_06991.jpg
train_06992,74,Chevrolet Silverado 1500 Regular Cab 2012,images/train/train_06992.jpg
train_06993,74,Chevrolet Silverado 1500 Regular Cab 2012,images/train/train_06993.jpg
train_06994,74,Chevrolet Silverado 1500 Regular Cab 2012,images/train/train_06994.jpg
train_06995,74,Chevrolet Silverado 1500 Regular Cab 2012,images/train/train_06995.jpg
train_06996,74,Chevrolet Silverado 1500 Regular Cab 2012,images/train/train_06996.jpg
train_06998,74,Chevrolet Silverado 1500 Regular Cab 2012,images/train/train_06998.jpg
train_06999,74,Chevrolet Silverado 1500 Regular Cab 2012,images/train/train_06999.jpg
train_07000,74,Chevrolet Silverado 1500 Regular Cab 2012,images/train/train_07000.jpg
train_07004,74,Chevrolet Silverado 1500 Regular Cab 2012,images/train/train_07004.jpg
train_07005,74,Chevrolet Silverado 1500 Regular Cab 2012,images/train/train_07005.jpg
train_07006,74,Chevrolet Silverado 1500 Regular Cab 2012,images/train/train_07006.jpg
train_07007,74,Chevrolet Silverado 1500 Regular Cab 2012,images/train/train_07007.jpg
train_07008,74,Chevrolet Silverado 1500 Regular Cab 2012,images/train/train_07008.jpg
train_07009,74,Chevrolet Silverado 1500 Regular Cab 2012,images/train/train_07009.jpg
train_07010,74,Chevrolet Silverado 1500 Regular Cab 2012,images/train/train_07010.jpg
train_07011,74,Chevrolet Silverado 1500 Regular Cab 2012,images/train/train_07011.jpg
train_07013,74,Chevrolet Silverado 1500 Regular Cab 2012,images/train/train_07013.jpg
train_07015,74,Chevrolet Silverado 1500 Regular Cab 2012,images/train/train_07015.jpg
train_07016,74,Chevrolet Silverado 1500 Regular Cab 2012,images/train/train_07016.jpg
train_07017,74,Chevrolet Silverado 1500 Regular Cab 2012,images/train/train_07017.jpg
train_07018,74,Chevrolet Silverado 1500 Regular Cab 2012,images/train/train_07018.jpg
train_07019,74,Chevrolet Silverado 1500 Regular Cab 2012,images/train/train_07019.jpg
train_07020,74,Chevrolet Silverado 1500 Regular Cab 2012,images/train/train_07020.jpg
train_07021,74,Chevrolet Silverado 1500 Regular Cab 2012,images/train/train_07021.jpg
train_07022,74,Chevrolet Silverado 1500 Regular Cab 2012,images/train/train_07022.jpg
train_07023,74,Chevrolet Silverado 1500 Regular Cab 2012,images/train/train_07023.jpg
train_07024,74,Chevrolet Silverado 1500 Regular Cab 2012,images/train/train_07024.jpg
train_07025,74,Chevrolet Silverado 1500 Regular Cab 2012,images/train/train_07025.jpg
train_07026,74,Chevrolet Silverado 1500 Regular Cab 2012,images/train/train_07026.jpg
train_07027,75,Chrysler Aspen SUV 2009,images/train/train_07027.jpg
train_07028,75,Chrysler Aspen SUV 2009,images/train/train_07028.jpg
train_07029,75,Chrysler Aspen SUV 2009,images/train/train_07029.jpg
train_07031,75,Chrysler Aspen SUV 2009,images/train/train_07031.jpg
train_07034,75,Chrysler Aspen SUV 2009,images/train/train_07034.jpg
train_07035,75,Chrysler Aspen SUV 2009,images/train/train_07035.jpg
train_07036,75,Chrysler Aspen SUV 2009,images/train/train_07036.jpg
train_07037,75,Chrysler Aspen SUV 2009,images/train/train_07037.jpg
train_07038,75,Chrysler Aspen SUV 2009,images/train/train_07038.jpg
train_07039,75,Chrysler Aspen SUV 2009,images/train/train_07039.jpg
train_07040,75,Chrysler Aspen SUV 2009,images/train/train_07040.jpg
train_07041,75,Chrysler Aspen SUV 2009,images/train/train_07041.jpg
train_07042,75,Chrysler Aspen SUV 2009,images/train/train_07042.jpg
train_07044,75,Chrysler Aspen SUV 2009,images/train/train_07044.jpg
train_07045,75,Chrysler Aspen SUV 2009,images/train/train_07045.jpg
train_07046,75,Chrysler Aspen SUV 2009,images/train/train_07046.jpg
train_07047,75,Chrysler Aspen SUV 2009,images/train/train_07047.jpg
train_07048,75,Chrysler Aspen SUV 2009,images/train/train_07048.jpg
train_07049,75,Chrysler Aspen SUV 2009,images/train/train_07049.jpg
train_07050,75,Chrysler Aspen SUV 2009,images/train/train_07050.jpg
train_07051,75,Chrysler Aspen SUV 2009,images/train/train_07051.jpg
train_07052,75,Chrysler Aspen SUV 2009,images/train/train_07052.jpg
train_07053,75,Chrysler Aspen SUV 2009,images/train/train_07053.jpg
train_07054,75,Chrysler Aspen SUV 2009,images/train/train_07054.jpg
train_07055,75,Chrysler Aspen SUV 2009,images/train/train_07055.jpg
train_07056,75,Chrysler Aspen SUV 2009,images/train/train_07056.jpg
train_07058,75,Chrysler Aspen SUV 2009,images/train/train_07058.jpg
train_07059,75,Chrysler Aspen SUV 2009,images/train/train_07059.jpg
train_07060,75,Chrysler Aspen SUV 2009,images/train/train_07060.jpg
train_07061,75,Chrysler Aspen SUV 2009,images/train/train_07061.jpg
train_07062,75,Chrysler Aspen SUV 2009,images/train/train_07062.jpg
train_07064,75,Chrysler Aspen SUV 2009,images/train/train_07064.jpg
train_07065,75,Chrysler Aspen SUV 2009,images/train/train_07065.jpg
train_07066,75,Chrysler Aspen SUV 2009,images/train/train_07066.jpg
train_07067,75,Chrysler Aspen SUV 2009,images/train/train_07067.jpg
train_07068,75,Chrysler Aspen SUV 2009,images/train/train_07068.jpg
train_07070,75,Chrysler Aspen SUV 2009,images/train/train_07070.jpg
train_07071,76,Chrysler Sebring Convertible 2010,images/train/train_07071.jpg
train_07072,76,Chrysler Sebring Convertible 2010,images/train/train_07072.jpg
train_07073,76,Chrysler Sebring Convertible 2010,images/train/train_07073.jpg
train_07074,76,Chrysler Sebring Convertible 2010,images/train/train_07074.jpg
train_07076,76,Chrysler Sebring Convertible 2010,images/train/train_07076.jpg
train_07077,76,Chrysler Sebring Convertible 2010,images/train/train_07077.jpg
train_07078,76,Chrysler Sebring Convertible 2010,images/train/train_07078.jpg
train_07079,76,Chrysler Sebring Convertible 2010,images/train/train_07079.jpg
train_07080,76,Chrysler Sebring Convertible 2010,images/train/train_07080.jpg
train_07081,76,Chrysler Sebring Convertible 2010,images/train/train_07081.jpg
train_07084,76,Chrysler Sebring Convertible 2010,images/train/train_07084.jpg
train_07086,76,Chrysler Sebring Convertible 2010,images/train/train_07086.jpg
train_07087,76,Chrysler Sebring Convertible 2010,images/train/train_07087.jpg
train_07088,76,Chrysler Sebring Convertible 2010,images/train/train_07088.jpg
train_07089,76,Chrysler Sebring Convertible 2010,images/train/train_07089.jpg
train_07090,76,Chrysler Sebring Convertible 2010,images/train/train_07090.jpg
train_07092,76,Chrysler Sebring Convertible 2010,images/train/train_07092.jpg
train_07093,76,Chrysler Sebring Convertible 2010,images/train/train_07093.jpg
train_07094,76,Chrysler Sebring Convertible 2010,images/train/train_07094.jpg
train_07095,76,Chrysler Sebring Convertible 2010,images/train/train_07095.jpg
train_07096,76,Chrysler Sebring Convertible 2010,images/train/train_07096.jpg
train_07097,76,Chrysler Sebring Convertible 2010,images/train/train_07097.jpg
train_07098,76,Chrysler Sebring Convertible 2010,images/train/train_07098.jpg
train_07099,76,Chrysler Sebring Convertible 2010,images/train/train_07099.jpg
train_07100,76,Chrysler Sebring Convertible 2010,images/train/train_07100.jpg
train_07101,76,Chrysler Sebring Convertible 2010,images/train/train_07101.jpg
train_07102,76,Chrysler Sebring Convertible 2010,images/train/train_07102.jpg
train_07103,76,Chrysler Sebring Convertible 2010,images/train/train_07103.jpg
train_07104,76,Chrysler Sebring Convertible 2010,images/train/train_07104.jpg
train_07105,76,Chrysler Sebring Convertible 2010,images/train/train_07105.jpg
train_07106,76,Chrysler Sebring Convertible 2010,images/train/train_07106.jpg
train_07107,76,Chrysler Sebring Convertible 2010,images/train/train_07107.jpg
train_07108,76,Chrysler Sebring Convertible 2010,images/train/train_07108.jpg
train_07109,76,Chrysler Sebring Convertible 2010,images/train/train_07109.jpg
train_07111,76,Chrysler Sebring Convertible 2010,images/train/train_07111.jpg
train_07114,77,Chrysler Town and Country Minivan 2012,images/train/train_07114.jpg
train_07115,77,Chrysler Town and Country Minivan 2012,images/train/train_07115.jpg
train_07116,77,Chrysler Town and Country Minivan 2012,images/train/train_07116.jpg
train_07117,77,Chrysler Town and Country Minivan 2012,images/train/train_07117.jpg
train_07118,77,Chrysler Town and Country Minivan 2012,images/train/train_07118.jpg
train_07119,77,Chrysler Town and Country Minivan 2012,images/train/train_07119.jpg
train_07120,77,Chrysler Town and Country Minivan 2012,images/train/train_07120.jpg
train_07121,77,Chrysler Town and Country Minivan 2012,images/train/train_07121.jpg
train_07122,77,Chrysler Town and Country Minivan 2012,images/train/train_07122.jpg
train_07123,77,Chrysler Town and Country Minivan 2012,images/train/train_07123.jpg
train_07124,77,Chrysler Town and Country Minivan 2012,images/train/train_07124.jpg
train_07125,77,Chrysler Town and Country Minivan 2012,images/train/train_07125.jpg
train_07127,77,Chrysler Town and Country Minivan 2012,images/train/train_07127.jpg
train_07128,77,Chrysler Town and Country Minivan 2012,images/train/train_07128.jpg
train_07130,77,Chrysler Town and Country Minivan 2012,images/train/train_07130.jpg
train_07131,77,Chrysler Town and Country Minivan 2012,images/train/train_07131.jpg
train_07132,77,Chrysler Town and Country Minivan 2012,images/train/train_07132.jpg
train_07133,77,Chrysler Town and Country Minivan 2012,images/train/train_07133.jpg
train_07134,77,Chrysler Town and Country Minivan 2012,images/train/train_07134.jpg
train_07135,77,Chrysler Town and Country Minivan 2012,images/train/train_07135.jpg
train_07136,77,Chrysler Town and Country Minivan 2012,images/train/train_07136.jpg
train_07137,77,Chrysler Town and Country Minivan 2012,images/train/train_07137.jpg
train_07138,77,Chrysler Town and Country Minivan 2012,images/train/train_07138.jpg
train_07139,77,Chrysler Town and Country Minivan 2012,images/train/train_07139.jpg
train_07140,77,Chrysler Town and Country Minivan 2012,images/train/train_07140.jpg
train_07141,77,Chrysler Town and Country Minivan 2012,images/train/train_07141.jpg
train_07143,77,Chrysler Town and Country Minivan 2012,images/train/train_07143.jpg
train_07144,77,Chrysler Town and Country Minivan 2012,images/train/train_07144.jpg
train_07145,77,Chrysler Town and Country Minivan 2012,images/train/train_07145.jpg
train_07146,77,Chrysler Town and Country Minivan 2012,images/train/train_07146.jpg
train_07147,77,Chrysler Town and Country Minivan 2012,images/train/train_07147.jpg
train_07149,77,Chrysler Town and Country Minivan 2012,images/train/train_07149.jpg
train_07150,78,Chrysler 300 SRT-8 2010,images/train/train_07150.jpg
train_07151,78,Chrysler 300 SRT-8 2010,images/train/train_07151.jpg
train_07152,78,Chrysler 300 SRT-8 2010,images/train/train_07152.jpg
train_07153,78,Chrysler 300 SRT-8 2010,images/train/train_07153.jpg
train_07154,78,Chrysler 300 SRT-8 2010,images/train/train_07154.jpg
train_07155,78,Chrysler 300 SRT-8 2010,images/train/train_07155.jpg
train_07157,78,Chrysler 300 SRT-8 2010,images/train/train_07157.jpg
train_07158,78,Chrysler 300 SRT-8 2010,images/train/train_07158.jpg
train_07160,78,Chrysler 300 SRT-8 2010,images/train/train_07160.jpg
train_07161,78,Chrysler 300 SRT-8 2010,images/train/train_07161.jpg
train_07162,78,Chrysler 300 SRT-8 2010,images/train/train_07162.jpg
train_07164,78,Chrysler 300 SRT-8 2010,images/train/train_07164.jpg
train_07165,78,Chrysler 300 SRT-8 2010,images/train/train_07165.jpg
train_07167,78,Chrysler 300 SRT-8 2010,images/train/train_07167.jpg
train_07168,78,Chrysler 300 SRT-8 2010,images/train/train_07168.jpg
train_07170,78,Chrysler 300 SRT-8 2010,images/train/train_07170.jpg
train_07171,78,Chrysler 300 SRT-8 2010,images/train/train_07171.jpg
train_07172,78,Chrysler 300 SRT-8 2010,images/train/train_07172.jpg
train_07173,78,Chrysler 300 SRT-8 2010,images/train/train_07173.jpg
train_07174,78,Chrysler 300 SRT-8 2010,images/train/train_07174.jpg
train_07175,78,Chrysler 300 SRT-8 2010,images/train/train_07175.jpg
train_07177,78,Chrysler 300 SRT-8 2010,images/train/train_07177.jpg
train_07178,78,Chrysler 300 SRT-8 2010,images/train/train_07178.jpg
train_07179,78,Chrysler 300 SRT-8 2010,images/train/train_07179.jpg
train_07180,78,Chrysler 300 SRT-8 2010,images/train/train_07180.jpg
train_07181,78,Chrysler 300 SRT-8 2010,images/train/train_07181.jpg
train_07182,78,Chrysler 300 SRT-8 2010,images/train/train_07182.jpg
train_07183,78,Chrysler 300 SRT-8 2010,images/train/train_07183.jpg
train_07184,78,Chrysler 300 SRT-8 2010,images/train/train_07184.jpg
train_07185,78,Chrysler 300 SRT-8 2010,images/train/train_07185.jpg
train_07186,78,Chrysler 300 SRT-8 2010,images/train/train_07186.jpg
train_07187,78,Chrysler 300 SRT-8 2010,images/train/train_07187.jpg
train_07188,78,Chrysler 300 SRT-8 2010,images/train/train_07188.jpg
train_07189,78,Chrysler 300 SRT-8 2010,images/train/train_07189.jpg
train_07190,78,Chrysler 300 SRT-8 2010,images/train/train_07190.jpg
train_07192,78,Chrysler 300 SRT-8 2010,images/train/train_07192.jpg
train_07193,78,Chrysler 300 SRT-8 2010,images/train/train_07193.jpg
train_07194,78,Chrysler 300 SRT-8 2010,images/train/train_07194.jpg
train_07195,78,Chrysler 300 SRT-8 2010,images/train/train_07195.jpg
train_07196,78,Chrysler 300 SRT-8 2010,images/train/train_07196.jpg
train_07197,78,Chrysler 300 SRT-8 2010,images/train/train_07197.jpg
train_07198,78,Chrysler 300 SRT-8 2010,images/train/train_07198.jpg
train_07199,79,Chrysler Crossfire Convertible 2008,images/train/train_07199.jpg
train_07200,79,Chrysler Crossfire Convertible 2008,images/train/train_07200.jpg
train_07201,79,Chrysler Crossfire Convertible 2008,images/train/train_07201.jpg
train_07202,79,Chrysler Crossfire Convertible 2008,images/train/train_07202.jpg
train_07203,79,Chrysler Crossfire Convertible 2008,images/train/train_07203.jpg
train_07204,79,Chrysler Crossfire Convertible 2008,images/train/train_07204.jpg
train_07205,79,Chrysler Crossfire Convertible 2008,images/train/train_07205.jpg
train_07206,79,Chrysler Crossfire Convertible 2008,images/train/train_07206.jpg
train_07207,79,Chrysler Crossfire Convertible 2008,images/train/train_07207.jpg
train_07209,79,Chrysler Crossfire Convertible 2008,images/train/train_07209.jpg
train_07210,79,Chrysler Crossfire Convertible 2008,images/train/train_07210.jpg
train_07211,79,Chrysler Crossfire Convertible 2008,images/train/train_07211.jpg
train_07213,79,Chrysler Crossfire Convertible 2008,images/train/train_07213.jpg
train_07215,79,Chrysler Crossfire Convertible 2008,images/train/train_07215.jpg
train_07216,79,Chrysler Crossfire Convertible 2008,images/train/train_07216.jpg
train_07217,79,Chrysler Crossfire Convertible 2008,images/train/train_07217.jpg
train_07219,79,Chrysler Crossfire Convertible 2008,images/train/train_07219.jpg
train_07220,79,Chrysler Crossfire Convertible 2008,images/train/train_07220.jpg
train_07221,79,Chrysler Crossfire Convertible 2008,images/train/train_07221.jpg
train_07222,79,Chrysler Crossfire Convertible 2008,images/train/train_07222.jpg
train_07223,79,Chrysler Crossfire Convertible 2008,images/train/train_07223.jpg
train_07224,79,Chrysler Crossfire Convertible 2008,images/train/train_07224.jpg
train_07225,79,Chrysler Crossfire Convertible 2008,images/train/train_07225.jpg
train_07226,79,Chrysler Crossfire Convertible 2008,images/train/train_07226.jpg
train_07227,79,Chrysler Crossfire Convertible 2008,images/train/train_07227.jpg
train_07228,79,Chrysler Crossfire Convertible 2008,images/train/train_07228.jpg
train_07229,79,Chrysler Crossfire Convertible 2008,images/train/train_07229.jpg
train_07230,79,Chrysler Crossfire Convertible 2008,images/train/train_07230.jpg
train_07232,79,Chrysler Crossfire Convertible 2008,images/train/train_07232.jpg
train_07233,79,Chrysler Crossfire Convertible 2008,images/train/train_07233.jpg
train_07234,79,Chrysler Crossfire Convertible 2008,images/train/train_07234.jpg
train_07235,79,Chrysler Crossfire Convertible 2008,images/train/train_07235.jpg
train_07236,79,Chrysler Crossfire Convertible 2008,images/train/train_07236.jpg
train_07238,79,Chrysler Crossfire Convertible 2008,images/train/train_07238.jpg
train_07239,79,Chrysler Crossfire Convertible 2008,images/train/train_07239.jpg
train_07240,79,Chrysler Crossfire Convertible 2008,images/train/train_07240.jpg
train_07241,79,Chrysler Crossfire Convertible 2008,images/train/train_07241.jpg
train_07242,8,Aston Martin V8 Vantage Coupe 2012,images/train/train_07242.jpg
train_07243,8,Aston Martin V8 Vantage Coupe 2012,images/train/train_07243.jpg
train_07244,8,Aston Martin V8 Vantage Coupe 2012,images/train/train_07244.jpg
train_07245,8,Aston Martin V8 Vantage Coupe 2012,images/train/train_07245.jpg
train_07246,8,Aston Martin V8 Vantage Coupe 2012,images/train/train_07246.jpg
train_07247,8,Aston Martin V8 Vantage Coupe 2012,images/train/train_07247.jpg
train_07248,8,Aston Martin V8 Vantage Coupe 2012,images/train/train_07248.jpg
train_07250,8,Aston Martin V8 Vantage Coupe 2012,images/train/train_07250.jpg
train_07251,8,Aston Martin V8 Vantage Coupe 2012,images/train/train_07251.jpg
train_07253,8,Aston Martin V8 Vantage Coupe 2012,images/train/train_07253.jpg
train_07254,8,Aston Martin V8 Vantage Coupe 2012,images/train/train_07254.jpg
train_07255,8,Aston Martin V8 Vantage Coupe 2012,images/train/train_07255.jpg
train_07257,8,Aston Martin V8 Vantage Coupe 2012,images/train/train_07257.jpg
train_07258,8,Aston Martin V8 Vantage Coupe 2012,images/train/train_07258.jpg
train_07259,8,Aston Martin V8 Vantage Coupe 2012,images/train/train_07259.jpg
train_07261,8,Aston Martin V8 Vantage Coupe 2012,images/train/train_07261.jpg
train_07263,8,Aston Martin V8 Vantage Coupe 2012,images/train/train_07263.jpg
train_07264,8,Aston Martin V8 Vantage Coupe 2012,images/train/train_07264.jpg
train_07265,8,Aston Martin V8 Vantage Coupe 2012,images/train/train_07265.jpg
train_07266,8,Aston Martin V8 Vantage Coupe 2012,images/train/train_07266.jpg
train_07267,8,Aston Martin V8 Vantage Coupe 2012,images/train/train_07267.jpg
train_07268,8,Aston Martin V8 Vantage Coupe 2012,images/train/train_07268.jpg
train_07269,8,Aston Martin V8 Vantage Coupe 2012,images/train/train_07269.jpg
train_07271,8,Aston Martin V8 Vantage Coupe 2012,images/train/train_07271.jpg
train_07272,8,Aston Martin V8 Vantage Coupe 2012,images/train/train_07272.jpg
train_07273,8,Aston Martin V8 Vantage Coupe 2012,images/train/train_07273.jpg
train_07274,8,Aston Martin V8 Vantage Coupe 2012,images/train/train_07274.jpg
train_07275,8,Aston Martin V8 Vantage Coupe 2012,images/train/train_07275.jpg
train_07276,8,Aston Martin V8 Vantage Coupe 2012,images/train/train_07276.jpg
train_07277,8,Aston Martin V8 Vantage Coupe 2012,images/train/train_07277.jpg
train_07278,8,Aston Martin V8 Vantage Coupe 2012,images/train/train_07278.jpg
train_07279,8,Aston Martin V8 Vantage Coupe 2012,images/train/train_07279.jpg
train_07280,8,Aston Martin V8 Vantage Coupe 2012,images/train/train_07280.jpg
train_07281,8,Aston Martin V8 Vantage Coupe 2012,images/train/train_07281.jpg
train_07282,8,Aston Martin V8 Vantage Coupe 2012,images/train/train_07282.jpg
train_07283,80,Chrysler PT Cruiser Convertible 2008,images/train/train_07283.jpg
train_07284,80,Chrysler PT Cruiser Convertible 2008,images/train/train_07284.jpg
train_07286,80,Chrysler PT Cruiser Convertible 2008,images/train/train_07286.jpg
train_07287,80,Chrysler PT Cruiser Convertible 2008,images/train/train_07287.jpg
train_07288,80,Chrysler PT Cruiser Convertible 2008,images/train/train_07288.jpg
train_07290,80,Chrysler PT Cruiser Convertible 2008,images/train/train_07290.jpg
train_07291,80,Chrysler PT Cruiser Convertible 2008,images/train/train_07291.jpg
train_07292,80,Chrysler PT Cruiser Convertible 2008,images/train/train_07292.jpg
train_07293,80,Chrysler PT Cruiser Convertible 2008,images/train/train_07293.jpg
train_07294,80,Chrysler PT Cruiser Convertible 2008,images/train/train_07294.jpg
train_07295,80,Chrysler PT Cruiser Convertible 2008,images/train/train_07295.jpg
train_07296,80,Chrysler PT Cruiser Convertible 2008,images/train/train_07296.jpg
train_07297,80,Chrysler PT Cruiser Convertible 2008,images/train/train_07297.jpg
train_07298,80,Chrysler PT Cruiser Convertible 2008,images/train/train_07298.jpg
train_07299,80,Chrysler PT Cruiser Convertible 2008,images/train/train_07299.jpg
train_07300,80,Chrysler PT Cruiser Convertible 2008,images/train/train_07300.jpg
train_07301,80,Chrysler PT Cruiser Convertible 2008,images/train/train_07301.jpg
train_07302,80,Chrysler PT Cruiser Convertible 2008,images/train/train_07302.jpg
train_07303,80,Chrysler PT Cruiser Convertible 2008,images/train/train_07303.jpg
train_07304,80,Chrysler PT Cruiser Convertible 2008,images/train/train_07304.jpg
train_07305,80,Chrysler PT Cruiser Convertible 2008,images/train/train_07305.jpg
train_07307,80,Chrysler PT Cruiser Convertible 2008,images/train/train_07307.jpg
train_07308,80,Chrysler PT Cruiser Convertible 2008,images/train/train_07308.jpg
train_07309,80,Chrysler PT Cruiser Convertible 2008,images/train/train_07309.jpg
train_07310,80,Chrysler PT Cruiser Convertible 2008,images/train/train_07310.jpg
train_07311,80,Chrysler PT Cruiser Convertible 2008,images/train/train_07311.jpg
train_07313,80,Chrysler PT Cruiser Convertible 2008,images/train/train_07313.jpg
train_07314,80,Chrysler PT Cruiser Convertible 2008,images/train/train_07314.jpg
train_07315,80,Chrysler PT Cruiser Convertible 2008,images/train/train_07315.jpg
train_07316,80,Chrysler PT Cruiser Convertible 2008,images/train/train_07316.jpg
train_07317,80,Chrysler PT Cruiser Convertible 2008,images/train/train_07317.jpg
train_07318,80,Chrysler PT Cruiser Convertible 2008,images/train/train_07318.jpg
train_07319,80,Chrysler PT Cruiser Convertible 2008,images/train/train_07319.jpg
train_07321,80,Chrysler PT Cruiser Convertible 2008,images/train/train_07321.jpg
train_07322,80,Chrysler PT Cruiser Convertible 2008,images/train/train_07322.jpg
train_07324,80,Chrysler PT Cruiser Convertible 2008,images/train/train_07324.jpg
train_07326,80,Chrysler PT Cruiser Convertible 2008,images/train/train_07326.jpg
train_07327,80,Chrysler PT Cruiser Convertible 2008,images/train/train_07327.jpg
train_07328,81,Daewoo Nubira Wagon 2002,images/train/train_07328.jpg
train_07329,81,Daewoo Nubira Wagon 2002,images/train/train_07329.jpg
train_07330,81,Daewoo Nubira Wagon 2002,images/train/train_07330.jpg
train_07331,81,Daewoo Nubira Wagon 2002,images/train/train_07331.jpg
train_07332,81,Daewoo Nubira Wagon 2002,images/train/train_07332.jpg
train_07333,81,Daewoo Nubira Wagon 2002,images/train/train_07333.jpg
train_07334,81,Daewoo Nubira Wagon 2002,images/train/train_07334.jpg
train_07336,81,Daewoo Nubira Wagon 2002,images/train/train_07336.jpg
train_07337,81,Daewoo Nubira Wagon 2002,images/train/train_07337.jpg
train_07338,81,Daewoo Nubira Wagon 2002,images/train/train_07338.jpg
train_07339,81,Daewoo Nubira Wagon 2002,images/train/train_07339.jpg
train_07340,81,Daewoo Nubira Wagon 2002,images/train/train_07340.jpg
train_07341,81,Daewoo Nubira Wagon 2002,images/train/train_07341.jpg
train_07342,81,Daewoo Nubira Wagon 2002,images/train/train_07342.jpg
train_07343,81,Daewoo Nubira Wagon 2002,images/train/train_07343.jpg
train_07344,81,Daewoo Nubira Wagon 2002,images/train/train_07344.jpg
train_07346,81,Daewoo Nubira Wagon 2002,images/train/train_07346.jpg
train_07347,81,Daewoo Nubira Wagon 2002,images/train/train_07347.jpg
train_07348,81,Daewoo Nubira Wagon 2002,images/train/train_07348.jpg
train_07349,81,Daewoo Nubira Wagon 2002,images/train/train_07349.jpg
train_07350,81,Daewoo Nubira Wagon 2002,images/train/train_07350.jpg
train_07351,81,Daewoo Nubira Wagon 2002,images/train/train_07351.jpg
train_07352,81,Daewoo Nubira Wagon 2002,images/train/train_07352.jpg
train_07353,81,Daewoo Nubira Wagon 2002,images/train/train_07353.jpg
train_07355,81,Daewoo Nubira Wagon 2002,images/train/train_07355.jpg
train_07356,81,Daewoo Nubira Wagon 2002,images/train/train_07356.jpg
train_07357,81,Daewoo Nubira Wagon 2002,images/train/train_07357.jpg
train_07358,81,Daewoo Nubira Wagon 2002,images/train/train_07358.jpg
train_07360,81,Daewoo Nubira Wagon 2002,images/train/train_07360.jpg
train_07361,81,Daewoo Nubira Wagon 2002,images/train/train_07361.jpg
train_07362,81,Daewoo Nubira Wagon 2002,images/train/train_07362.jpg
train_07364,81,Daewoo Nubira Wagon 2002,images/train/train_07364.jpg
train_07365,81,Daewoo Nubira Wagon 2002,images/train/train_07365.jpg
train_07366,81,Daewoo Nubira Wagon 2002,images/train/train_07366.jpg
train_07367,81,Daewoo Nubira Wagon 2002,images/train/train_07367.jpg
train_07369,81,Daewoo Nubira Wagon 2002,images/train/train_07369.jpg
train_07370,81,Daewoo Nubira Wagon 2002,images/train/train_07370.jpg
train_07371,81,Daewoo Nubira Wagon 2002,images/train/train_07371.jpg
train_07374,82,Dodge Caliber Wagon 2012,images/train/train_07374.jpg
train_07375,82,Dodge Caliber Wagon 2012,images/train/train_07375.jpg
train_07376,82,Dodge Caliber Wagon 2012,images/train/train_07376.jpg
train_07378,82,Dodge Caliber Wagon 2012,images/train/train_07378.jpg
train_07379,82,Dodge Caliber Wagon 2012,images/train/train_07379.jpg
train_07380,82,Dodge Caliber Wagon 2012,images/train/train_07380.jpg
train_07381,82,Dodge Caliber Wagon 2012,images/train/train_07381.jpg
train_07382,82,Dodge Caliber Wagon 2012,images/train/train_07382.jpg
train_07383,82,Dodge Caliber Wagon 2012,images/train/train_07383.jpg
train_07384,82,Dodge Caliber Wagon 2012,images/train/train_07384.jpg
train_07386,82,Dodge Caliber Wagon 2012,images/train/train_07386.jpg
train_07387,82,Dodge Caliber Wagon 2012,images/train/train_07387.jpg
train_07388,82,Dodge Caliber Wagon 2012,images/train/train_07388.jpg
train_07389,82,Dodge Caliber Wagon 2012,images/train/train_07389.jpg
train_07390,82,Dodge Caliber Wagon 2012,images/train/train_07390.jpg
train_07391,82,Dodge Caliber Wagon 2012,images/train/train_07391.jpg
train_07392,82,Dodge Caliber Wagon 2012,images/train/train_07392.jpg
train_07393,82,Dodge Caliber Wagon 2012,images/train/train_07393.jpg
train_07394,82,Dodge Caliber Wagon 2012,images/train/train_07394.jpg
train_07395,82,Dodge Caliber Wagon 2012,images/train/train_07395.jpg
train_07396,82,Dodge Caliber Wagon 2012,images/train/train_07396.jpg
train_07397,82,Dodge Caliber Wagon 2012,images/train/train_07397.jpg
train_07398,82,Dodge Caliber Wagon 2012,images/train/train_07398.jpg
train_07401,82,Dodge Caliber Wagon 2012,images/train/train_07401.jpg
train_07402,82,Dodge Caliber Wagon 2012,images/train/train_07402.jpg
train_07403,82,Dodge Caliber Wagon 2012,images/train/train_07403.jpg
train_07405,82,Dodge Caliber Wagon 2012,images/train/train_07405.jpg
train_07406,82,Dodge Caliber Wagon 2012,images/train/train_07406.jpg
train_07407,82,Dodge Caliber Wagon 2012,images/train/train_07407.jpg
train_07408,82,Dodge Caliber Wagon 2012,images/train/train_07408.jpg
train_07409,82,Dodge Caliber Wagon 2012,images/train/train_07409.jpg
train_07410,82,Dodge Caliber Wagon 2012,images/train/train_07410.jpg
train_07411,82,Dodge Caliber Wagon 2012,images/train/train_07411.jpg
train_07412,82,Dodge Caliber Wagon 2012,images/train/train_07412.jpg
train_07413,82,Dodge Caliber Wagon 2012,images/train/train_07413.jpg
train_07414,83,Dodge Caliber Wagon 2007,images/train/train_07414.jpg
train_07415,83,Dodge Caliber Wagon 2007,images/train/train_07415.jpg
train_07416,83,Dodge Caliber Wagon 2007,images/train/train_07416.jpg
train_07417,83,Dodge Caliber Wagon 2007,images/train/train_07417.jpg
train_07418,83,Dodge Caliber Wagon 2007,images/train/train_07418.jpg
train_07419,83,Dodge Caliber Wagon 2007,images/train/train_07419.jpg
train_07420,83,Dodge Caliber Wagon 2007,images/train/train_07420.jpg
train_07422,83,Dodge Caliber Wagon 2007,images/train/train_07422.jpg
train_07423,83,Dodge Caliber Wagon 2007,images/train/train_07423.jpg
train_07426,83,Dodge Caliber Wagon 2007,images/train/train_07426.jpg
train_07428,83,Dodge Caliber Wagon 2007,images/train/train_07428.jpg
train_07429,83,Dodge Caliber Wagon 2007,images/train/train_07429.jpg
train_07430,83,Dodge Caliber Wagon 2007,images/train/train_07430.jpg
train_07431,83,Dodge Caliber Wagon 2007,images/train/train_07431.jpg
train_07432,83,Dodge Caliber Wagon 2007,images/train/train_07432.jpg
train_07433,83,Dodge Caliber Wagon 2007,images/train/train_07433.jpg
train_07434,83,Dodge Caliber Wagon 2007,images/train/train_07434.jpg
train_07436,83,Dodge Caliber Wagon 2007,images/train/train_07436.jpg
train_07438,83,Dodge Caliber Wagon 2007,images/train/train_07438.jpg
train_07439,83,Dodge Caliber Wagon 2007,images/train/train_07439.jpg
train_07440,83,Dodge Caliber Wagon 2007,images/train/train_07440.jpg
train_07441,83,Dodge Caliber Wagon 2007,images/train/train_07441.jpg
train_07442,83,Dodge Caliber Wagon 2007,images/train/train_07442.jpg
train_07443,83,Dodge Caliber Wagon 2007,images/train/train_07443.jpg
train_07444,83,Dodge Caliber Wagon 2007,images/train/train_07444.jpg
train_07445,83,Dodge Caliber Wagon 2007,images/train/train_07445.jpg
train_07446,83,Dodge Caliber Wagon 2007,images/train/train_07446.jpg
train_07447,83,Dodge Caliber Wagon 2007,images/train/train_07447.jpg
train_07448,83,Dodge Caliber Wagon 2007,images/train/train_07448.jpg
train_07449,83,Dodge Caliber Wagon 2007,images/train/train_07449.jpg
train_07450,83,Dodge Caliber Wagon 2007,images/train/train_07450.jpg
train_07451,83,Dodge Caliber Wagon 2007,images/train/train_07451.jpg
train_07452,83,Dodge Caliber Wagon 2007,images/train/train_07452.jpg
train_07453,83,Dodge Caliber Wagon 2007,images/train/train_07453.jpg
train_07454,83,Dodge Caliber Wagon 2007,images/train/train_07454.jpg
train_07455,83,Dodge Caliber Wagon 2007,images/train/train_07455.jpg
train_07456,84,Dodge Caravan Minivan 1997,images/train/train_07456.jpg
train_07457,84,Dodge Caravan Minivan 1997,images/train/train_07457.jpg
train_07458,84,Dodge Caravan Minivan 1997,images/train/train_07458.jpg
train_07459,84,Dodge Caravan Minivan 1997,images/train/train_07459.jpg
train_07460,84,Dodge Caravan Minivan 1997,images/train/train_07460.jpg
train_07461,84,Dodge Caravan Minivan 1997,images/train/train_07461.jpg
train_07462,84,Dodge Caravan Minivan 1997,images/train/train_07462.jpg
train_07463,84,Dodge Caravan Minivan 1997,images/train/train_07463.jpg
train_07464,84,Dodge Caravan Minivan 1997,images/train/train_07464.jpg
train_07465,84,Dodge Caravan Minivan 1997,images/train/train_07465.jpg
train_07466,84,Dodge Caravan Minivan 1997,images/train/train_07466.jpg
train_07467,84,Dodge Caravan Minivan 1997,images/train/train_07467.jpg
train_07469,84,Dodge Caravan Minivan 1997,images/train/train_07469.jpg
train_07470,84,Dodge Caravan Minivan 1997,images/train/train_07470.jpg
train_07472,84,Dodge Caravan Minivan 1997,images/train/train_07472.jpg
train_07473,84,Dodge Caravan Minivan 1997,images/train/train_07473.jpg
train_07474,84,Dodge Caravan Minivan 1997,images/train/train_07474.jpg
train_07475,84,Dodge Caravan Minivan 1997,images/train/train_07475.jpg
train_07476,84,Dodge Caravan Minivan 1997,images/train/train_07476.jpg
train_07477,84,Dodge Caravan Minivan 1997,images/train/train_07477.jpg
train_07479,84,Dodge Caravan Minivan 1997,images/train/train_07479.jpg
train_07480,84,Dodge Caravan Minivan 1997,images/train/train_07480.jpg
train_07481,84,Dodge Caravan Minivan 1997,images/train/train_07481.jpg
train_07482,84,Dodge Caravan Minivan 1997,images/train/train_07482.jpg
train_07483,84,Dodge Caravan Minivan 1997,images/train/train_07483.jpg
train_07484,84,Dodge Caravan Minivan 1997,images/train/train_07484.jpg
train_07485,84,Dodge Caravan Minivan 1997,images/train/train_07485.jpg
train_07486,84,Dodge Caravan Minivan 1997,images/train/train_07486.jpg
train_07487,84,Dodge Caravan Minivan 1997,images/train/train_07487.jpg
train_07489,84,Dodge Caravan Minivan 1997,images/train/train_07489.jpg
train_07490,84,Dodge Caravan Minivan 1997,images/train/train_07490.jpg
train_07491,84,Dodge Caravan Minivan 1997,images/train/train_07491.jpg
train_07492,84,Dodge Caravan Minivan 1997,images/train/train_07492.jpg
train_07493,84,Dodge Caravan Minivan 1997,images/train/train_07493.jpg
train_07494,84,Dodge Caravan Minivan 1997,images/train/train_07494.jpg
train_07497,84,Dodge Caravan Minivan 1997,images/train/train_07497.jpg
train_07498,84,Dodge Caravan Minivan 1997,images/train/train_07498.jpg
train_07500,85,Dodge Ram Pickup 3500 Crew Cab 2010,images/train/train_07500.jpg
train_07502,85,Dodge Ram Pickup 3500 Crew Cab 2010,images/train/train_07502.jpg
train_07503,85,Dodge Ram Pickup 3500 Crew Cab 2010,images/train/train_07503.jpg
train_07505,85,Dodge Ram Pickup 3500 Crew Cab 2010,images/train/train_07505.jpg
train_07506,85,Dodge Ram Pickup 3500 Crew Cab 2010,images/train/train_07506.jpg
train_07507,85,Dodge Ram Pickup 3500 Crew Cab 2010,images/train/train_07507.jpg
train_07508,85,Dodge Ram Pickup 3500 Crew Cab 2010,images/train/train_07508.jpg
train_07509,85,Dodge Ram Pickup 3500 Crew Cab 2010,images/train/train_07509.jpg
train_07510,85,Dodge Ram Pickup 3500 Crew Cab 2010,images/train/train_07510.jpg
train_07513,85,Dodge Ram Pickup 3500 Crew Cab 2010,images/train/train_07513.jpg
train_07514,85,Dodge Ram Pickup 3500 Crew Cab 2010,images/train/train_07514.jpg
train_07515,85,Dodge Ram Pickup 3500 Crew Cab 2010,images/train/train_07515.jpg
train_07516,85,Dodge Ram Pickup 3500 Crew Cab 2010,images/train/train_07516.jpg
train_07517,85,Dodge Ram Pickup 3500 Crew Cab 2010,images/train/train_07517.jpg
train_07518,85,Dodge Ram Pickup 3500 Crew Cab 2010,images/train/train_07518.jpg
train_07519,85,Dodge Ram Pickup 3500 Crew Cab 2010,images/train/train_07519.jpg
train_07520,85,Dodge Ram Pickup 3500 Crew Cab 2010,images/train/train_07520.jpg
train_07521,85,Dodge Ram Pickup 3500 Crew Cab 2010,images/train/train_07521.jpg
train_07522,85,Dodge Ram Pickup 3500 Crew Cab 2010,images/train/train_07522.jpg
train_07524,85,Dodge Ram Pickup 3500 Crew Cab 2010,images/train/train_07524.jpg
train_07525,85,Dodge Ram Pickup 3500 Crew Cab 2010,images/train/train_07525.jpg
train_07526,85,Dodge Ram Pickup 3500 Crew Cab 2010,images/train/train_07526.jpg
train_07527,85,Dodge Ram Pickup 3500 Crew Cab 2010,images/train/train_07527.jpg
train_07528,85,Dodge Ram Pickup 3500 Crew Cab 2010,images/train/train_07528.jpg
train_07529,85,Dodge Ram Pickup 3500 Crew Cab 2010,images/train/train_07529.jpg
train_07530,85,Dodge Ram Pickup 3500 Crew Cab 2010,images/train/train_07530.jpg
train_07532,85,Dodge Ram Pickup 3500 Crew Cab 2010,images/train/train_07532.jpg
train_07533,85,Dodge Ram Pickup 3500 Crew Cab 2010,images/train/train_07533.jpg
train_07534,85,Dodge Ram Pickup 3500 Crew Cab 2010,images/train/train_07534.jpg
train_07535,85,Dodge Ram Pickup 3500 Crew Cab 2010,images/train/train_07535.jpg
train_07536,85,Dodge Ram Pickup 3500 Crew Cab 2010,images/train/train_07536.jpg
train_07537,85,Dodge Ram Pickup 3500 Crew Cab 2010,images/train/train_07537.jpg
train_07538,85,Dodge Ram Pickup 3500 Crew Cab 2010,images/train/train_07538.jpg
train_07539,85,Dodge Ram Pickup 3500 Crew Cab 2010,images/train/train_07539.jpg
train_07540,85,Dodge Ram Pickup 3500 Crew Cab 2010,images/train/train_07540.jpg
train_07541,85,Dodge Ram Pickup 3500 Crew Cab 2010,images/train/train_07541.jpg
train_07542,85,Dodge Ram Pickup 3500 Crew Cab 2010,images/train/train_07542.jpg
train_07543,86,Dodge Ram Pickup 3500 Quad Cab 2009,images/train/train_07543.jpg
train_07545,86,Dodge Ram Pickup 3500 Quad Cab 2009,images/train/train_07545.jpg
train_07546,86,Dodge Ram Pickup 3500 Quad Cab 2009,images/train/train_07546.jpg
train_07547,86,Dodge Ram Pickup 3500 Quad Cab 2009,images/train/train_07547.jpg
train_07548,86,Dodge Ram Pickup 3500 Quad Cab 2009,images/train/train_07548.jpg
train_07549,86,Dodge Ram Pickup 3500 Quad Cab 2009,images/train/train_07549.jpg
train_07550,86,Dodge Ram Pickup 3500 Quad Cab 2009,images/train/train_07550.jpg
train_07551,86,Dodge Ram Pickup 3500 Quad Cab 2009,images/train/train_07551.jpg
train_07552,86,Dodge Ram Pickup 3500 Quad Cab 2009,images/train/train_07552.jpg
train_07553,86,Dodge Ram Pickup 3500 Quad Cab 2009,images/train/train_07553.jpg
train_07554,86,Dodge Ram Pickup 3500 Quad Cab 2009,images/train/train_07554.jpg
train_07555,86,Dodge Ram Pickup 3500 Quad Cab 2009,images/train/train_07555.jpg
train_07556,86,Dodge Ram Pickup 3500 Quad Cab 2009,images/train/train_07556.jpg
train_07557,86,Dodge Ram Pickup 3500 Quad Cab 2009,images/train/train_07557.jpg
train_07558,86,Dodge Ram Pickup 3500 Quad Cab 2009,images/train/train_07558.jpg
train_07559,86,Dodge Ram Pickup 3500 Quad Cab 2009,images/train/train_07559.jpg
train_07560,86,Dodge Ram Pickup 3500 Quad Cab 2009,images/train/train_07560.jpg
train_07561,86,Dodge Ram Pickup 3500 Quad Cab 2009,images/train/train_07561.jpg
train_07562,86,Dodge Ram Pickup 3500 Quad Cab 2009,images/train/train_07562.jpg
train_07565,86,Dodge Ram Pickup 3500 Quad Cab 2009,images/train/train_07565.jpg
train_07566,86,Dodge Ram Pickup 3500 Quad Cab 2009,images/train/train_07566.jpg
train_07569,86,Dodge Ram Pickup 3500 Quad Cab 2009,images/train/train_07569.jpg
train_07570,86,Dodge Ram Pickup 3500 Quad Cab 2009,images/train/train_07570.jpg
train_07571,86,Dodge Ram Pickup 3500 Quad Cab 2009,images/train/train_07571.jpg
train_07572,86,Dodge Ram Pickup 3500 Quad Cab 2009,images/train/train_07572.jpg
train_07573,86,Dodge Ram Pickup 3500 Quad Cab 2009,images/train/train_07573.jpg
train_07574,86,Dodge Ram Pickup 3500 Quad Cab 2009,images/train/train_07574.jpg
train_07576,86,Dodge Ram Pickup 3500 Quad Cab 2009,images/train/train_07576.jpg
train_07577,86,Dodge Ram Pickup 3500 Quad Cab 2009,images/train/train_07577.jpg
train_07578,86,Dodge Ram Pickup 3500 Quad Cab 2009,images/train/train_07578.jpg
train_07580,86,Dodge Ram Pickup 3500 Quad Cab 2009,images/train/train_07580.jpg
train_07581,86,Dodge Ram Pickup 3500 Quad Cab 2009,images/train/train_07581.jpg
train_07582,86,Dodge Ram Pickup 3500 Quad Cab 2009,images/train/train_07582.jpg
train_07583,86,Dodge Ram Pickup 3500 Quad Cab 2009,images/train/train_07583.jpg
train_07584,86,Dodge Ram Pickup 3500 Quad Cab 2009,images/train/train_07584.jpg
train_07585,86,Dodge Ram Pickup 3500 Quad Cab 2009,images/train/train_07585.jpg
train_07586,86,Dodge Ram Pickup 3500 Quad Cab 2009,images/train/train_07586.jpg
train_07587,87,Dodge Sprinter Cargo Van 2009,images/train/train_07587.jpg
train_07588,87,Dodge Sprinter Cargo Van 2009,images/train/train_07588.jpg
train_07589,87,Dodge Sprinter Cargo Van 2009,images/train/train_07589.jpg
train_07590,87,Dodge Sprinter Cargo Van 2009,images/train/train_07590.jpg
train_07591,87,Dodge Sprinter Cargo Van 2009,images/train/train_07591.jpg
train_07592,87,Dodge Sprinter Cargo Van 2009,images/train/train_07592.jpg
train_07593,87,Dodge Sprinter Cargo Van 2009,images/train/train_07593.jpg
train_07594,87,Dodge Sprinter Cargo Van 2009,images/train/train_07594.jpg
train_07595,87,Dodge Sprinter Cargo Van 2009,images/train/train_07595.jpg
train_07596,87,Dodge Sprinter Cargo Van 2009,images/train/train_07596.jpg
train_07597,87,Dodge Sprinter Cargo Van 2009,images/train/train_07597.jpg
train_07599,87,Dodge Sprinter Cargo Van 2009,images/train/train_07599.jpg
train_07600,87,Dodge Sprinter Cargo Van 2009,images/train/train_07600.jpg
train_07601,87,Dodge Sprinter Cargo Van 2009,images/train/train_07601.jpg
train_07603,87,Dodge Sprinter Cargo Van 2009,images/train/train_07603.jpg
train_07604,87,Dodge Sprinter Cargo Van 2009,images/train/train_07604.jpg
train_07605,87,Dodge Sprinter Cargo Van 2009,images/train/train_07605.jpg
train_07606,87,Dodge Sprinter Cargo Van 2009,images/train/train_07606.jpg
train_07608,87,Dodge Sprinter Cargo Van 2009,images/train/train_07608.jpg
train_07609,87,Dodge Sprinter Cargo Van 2009,images/train/train_07609.jpg
train_07610,87,Dodge Sprinter Cargo Van 2009,images/train/train_07610.jpg
train_07611,87,Dodge Sprinter Cargo Van 2009,images/train/train_07611.jpg
train_07612,87,Dodge Sprinter Cargo Van 2009,images/train/train_07612.jpg
train_07614,87,Dodge Sprinter Cargo Van 2009,images/train/train_07614.jpg
train_07616,87,Dodge Sprinter Cargo Van 2009,images/train/train_07616.jpg
train_07617,87,Dodge Sprinter Cargo Van 2009,images/train/train_07617.jpg
train_07618,87,Dodge Sprinter Cargo Van 2009,images/train/train_07618.jpg
train_07619,87,Dodge Sprinter Cargo Van 2009,images/train/train_07619.jpg
train_07620,87,Dodge Sprinter Cargo Van 2009,images/train/train_07620.jpg
train_07621,87,Dodge Sprinter Cargo Van 2009,images/train/train_07621.jpg
train_07622,87,Dodge Sprinter Cargo Van 2009,images/train/train_07622.jpg
train_07623,87,Dodge Sprinter Cargo Van 2009,images/train/train_07623.jpg
train_07624,87,Dodge Sprinter Cargo Van 2009,images/train/train_07624.jpg
train_07626,87,Dodge Sprinter Cargo Van 2009,images/train/train_07626.jpg
train_07627,88,Dodge Journey SUV 2012,images/train/train_07627.jpg
train_07628,88,Dodge Journey SUV 2012,images/train/train_07628.jpg
train_07629,88,Dodge Journey SUV 2012,images/train/train_07629.jpg
train_07631,88,Dodge Journey SUV 2012,images/train/train_07631.jpg
train_07634,88,Dodge Journey SUV 2012,images/train/train_07634.jpg
train_07636,88,Dodge Journey SUV 2012,images/train/train_07636.jpg
train_07637,88,Dodge Journey SUV 2012,images/train/train_07637.jpg
train_07638,88,Dodge Journey SUV 2012,images/train/train_07638.jpg
train_07639,88,Dodge Journey SUV 2012,images/train/train_07639.jpg
train_07640,88,Dodge Journey SUV 2012,images/train/train_07640.jpg
train_07641,88,Dodge Journey SUV 2012,images/train/train_07641.jpg
train_07643,88,Dodge Journey SUV 2012,images/train/train_07643.jpg
train_07644,88,Dodge Journey SUV 2012,images/train/train_07644.jpg
train_07645,88,Dodge Journey SUV 2012,images/train/train_07645.jpg
train_07646,88,Dodge Journey SUV 2012,images/train/train_07646.jpg
train_07648,88,Dodge Journey SUV 2012,images/train/train_07648.jpg
train_07649,88,Dodge Journey SUV 2012,images/train/train_07649.jpg
train_07650,88,Dodge Journey SUV 2012,images/train/train_07650.jpg
train_07651,88,Dodge Journey SUV 2012,images/train/train_07651.jpg
train_07652,88,Dodge Journey SUV 2012,images/train/train_07652.jpg
train_07653,88,Dodge Journey SUV 2012,images/train/train_07653.jpg
train_07654,88,Dodge Journey SUV 2012,images/train/train_07654.jpg
train_07655,88,Dodge Journey SUV 2012,images/train/train_07655.jpg
train_07656,88,Dodge Journey SUV 2012,images/train/train_07656.jpg
train_07657,88,Dodge Journey SUV 2012,images/train/train_07657.jpg
train_07658,88,Dodge Journey SUV 2012,images/train/train_07658.jpg
train_07659,88,Dodge Journey SUV 2012,images/train/train_07659.jpg
train_07660,88,Dodge Journey SUV 2012,images/train/train_07660.jpg
train_07661,88,Dodge Journey SUV 2012,images/train/train_07661.jpg
train_07662,88,Dodge Journey SUV 2012,images/train/train_07662.jpg
train_07663,88,Dodge Journey SUV 2012,images/train/train_07663.jpg
train_07664,88,Dodge Journey SUV 2012,images/train/train_07664.jpg
train_07665,88,Dodge Journey SUV 2012,images/train/train_07665.jpg
train_07667,88,Dodge Journey SUV 2012,images/train/train_07667.jpg
train_07668,88,Dodge Journey SUV 2012,images/train/train_07668.jpg
train_07669,88,Dodge Journey SUV 2012,images/train/train_07669.jpg
train_07670,88,Dodge Journey SUV 2012,images/train/train_07670.jpg
train_07671,89,Dodge Dakota Crew Cab 2010,images/train/train_07671.jpg
train_07672,89,Dodge Dakota Crew Cab 2010,images/train/train_07672.jpg
train_07674,89,Dodge Dakota Crew Cab 2010,images/train/train_07674.jpg
train_07676,89,Dodge Dakota Crew Cab 2010,images/train/train_07676.jpg
train_07677,89,Dodge Dakota Crew Cab 2010,images/train/train_07677.jpg
train_07680,89,Dodge Dakota Crew Cab 2010,images/train/train_07680.jpg
train_07681,89,Dodge Dakota Crew Cab 2010,images/train/train_07681.jpg
train_07682,89,Dodge Dakota Crew Cab 2010,images/train/train_07682.jpg
train_07683,89,Dodge Dakota Crew Cab 2010,images/train/train_07683.jpg
train_07684,89,Dodge Dakota Crew Cab 2010,images/train/train_07684.jpg
train_07685,89,Dodge Dakota Crew Cab 2010,images/train/train_07685.jpg
train_07686,89,Dodge Dakota Crew Cab 2010,images/train/train_07686.jpg
train_07687,89,Dodge Dakota Crew Cab 2010,images/train/train_07687.jpg
train_07688,89,Dodge Dakota Crew Cab 2010,images/train/train_07688.jpg
train_07689,89,Dodge Dakota Crew Cab 2010,images/train/train_07689.jpg
train_07690,89,Dodge Dakota Crew Cab 2010,images/train/train_07690.jpg
train_07691,89,Dodge Dakota Crew Cab 2010,images/train/train_07691.jpg
train_07692,89,Dodge Dakota Crew Cab 2010,images/train/train_07692.jpg
train_07693,89,Dodge Dakota Crew Cab 2010,images/train/train_07693.jpg
train_07694,89,Dodge Dakota Crew Cab 2010,images/train/train_07694.jpg
train_07695,89,Dodge Dakota Crew Cab 2010,images/train/train_07695.jpg
train_07697,89,Dodge Dakota Crew Cab 2010,images/train/train_07697.jpg
train_07698,89,Dodge Dakota Crew Cab 2010,images/train/train_07698.jpg
train_07699,89,Dodge Dakota Crew Cab 2010,images/train/train_07699.jpg
train_07700,89,Dodge Dakota Crew Cab 2010,images/train/train_07700.jpg
train_07701,89,Dodge Dakota Crew Cab 2010,images/train/train_07701.jpg
train_07702,89,Dodge Dakota Crew Cab 2010,images/train/train_07702.jpg
train_07703,89,Dodge Dakota Crew Cab 2010,images/train/train_07703.jpg
train_07704,89,Dodge Dakota Crew Cab 2010,images/train/train_07704.jpg
train_07705,89,Dodge Dakota Crew Cab 2010,images/train/train_07705.jpg
train_07706,89,Dodge Dakota Crew Cab 2010,images/train/train_07706.jpg
train_07708,89,Dodge Dakota Crew Cab 2010,images/train/train_07708.jpg
train_07709,89,Dodge Dakota Crew Cab 2010,images/train/train_07709.jpg
train_07710,89,Dodge Dakota Crew Cab 2010,images/train/train_07710.jpg
train_07711,89,Dodge Dakota Crew Cab 2010,images/train/train_07711.jpg
train_07712,9,Aston Martin Virage Convertible 2012,images/train/train_07712.jpg
train_07713,9,Aston Martin Virage Convertible 2012,images/train/train_07713.jpg
train_07714,9,Aston Martin Virage Convertible 2012,images/train/train_07714.jpg
train_07715,9,Aston Martin Virage Convertible 2012,images/train/train_07715.jpg
train_07716,9,Aston Martin Virage Convertible 2012,images/train/train_07716.jpg
train_07717,9,Aston Martin Virage Convertible 2012,images/train/train_07717.jpg
train_07718,9,Aston Martin Virage Convertible 2012,images/train/train_07718.jpg
train_07719,9,Aston Martin Virage Convertible 2012,images/train/train_07719.jpg
train_07721,9,Aston Martin Virage Convertible 2012,images/train/train_07721.jpg
train_07722,9,Aston Martin Virage Convertible 2012,images/train/train_07722.jpg
train_07723,9,Aston Martin Virage Convertible 2012,images/train/train_07723.jpg
train_07726,9,Aston Martin Virage Convertible 2012,images/train/train_07726.jpg
train_07727,9,Aston Martin Virage Convertible 2012,images/train/train_07727.jpg
train_07728,9,Aston Martin Virage Convertible 2012,images/train/train_07728.jpg
train_07729,9,Aston Martin Virage Convertible 2012,images/train/train_07729.jpg
train_07730,9,Aston Martin Virage Convertible 2012,images/train/train_07730.jpg
train_07731,9,Aston Martin Virage Convertible 2012,images/train/train_07731.jpg
train_07732,9,Aston Martin Virage Convertible 2012,images/train/train_07732.jpg
train_07733,9,Aston Martin Virage Convertible 2012,images/train/train_07733.jpg
train_07735,9,Aston Martin Virage Convertible 2012,images/train/train_07735.jpg
train_07736,9,Aston Martin Virage Convertible 2012,images/train/train_07736.jpg
train_07737,9,Aston Martin Virage Convertible 2012,images/train/train_07737.jpg
train_07738,9,Aston Martin Virage Convertible 2012,images/train/train_07738.jpg
train_07740,9,Aston Martin Virage Convertible 2012,images/train/train_07740.jpg
train_07741,9,Aston Martin Virage Convertible 2012,images/train/train_07741.jpg
train_07742,9,Aston Martin Virage Convertible 2012,images/train/train_07742.jpg
train_07743,9,Aston Martin Virage Convertible 2012,images/train/train_07743.jpg
train_07744,9,Aston Martin Virage Convertible 2012,images/train/train_07744.jpg
train_07746,90,Dodge Dakota Club Cab 2007,images/train/train_07746.jpg
train_07747,90,Dodge Dakota Club Cab 2007,images/train/train_07747.jpg
train_07748,90,Dodge Dakota Club Cab 2007,images/train/train_07748.jpg
train_07749,90,Dodge Dakota Club Cab 2007,images/train/train_07749.jpg
train_07751,90,Dodge Dakota Club Cab 2007,images/train/train_07751.jpg
train_07752,90,Dodge Dakota Club Cab 2007,images/train/train_07752.jpg
train_07753,90,Dodge Dakota Club Cab 2007,images/train/train_07753.jpg
train_07754,90,Dodge Dakota Club Cab 2007,images/train/train_07754.jpg
train_07755,90,Dodge Dakota Club Cab 2007,images/train/train_07755.jpg
train_07756,90,Dodge Dakota Club Cab 2007,images/train/train_07756.jpg
train_07757,90,Dodge Dakota Club Cab 2007,images/train/train_07757.jpg
train_07758,90,Dodge Dakota Club Cab 2007,images/train/train_07758.jpg
train_07759,90,Dodge Dakota Club Cab 2007,images/train/train_07759.jpg
train_07760,90,Dodge Dakota Club Cab 2007,images/train/train_07760.jpg
train_07762,90,Dodge Dakota Club Cab 2007,images/train/train_07762.jpg
train_07764,90,Dodge Dakota Club Cab 2007,images/train/train_07764.jpg
train_07765,90,Dodge Dakota Club Cab 2007,images/train/train_07765.jpg
train_07766,90,Dodge Dakota Club Cab 2007,images/train/train_07766.jpg
train_07767,90,Dodge Dakota Club Cab 2007,images/train/train_07767.jpg
train_07768,90,Dodge Dakota Club Cab 2007,images/train/train_07768.jpg
train_07769,90,Dodge Dakota Club Cab 2007,images/train/train_07769.jpg
train_07770,90,Dodge Dakota Club Cab 2007,images/train/train_07770.jpg
train_07771,90,Dodge Dakota Club Cab 2007,images/train/train_07771.jpg
train_07772,90,Dodge Dakota Club Cab 2007,images/train/train_07772.jpg
train_07775,90,Dodge Dakota Club Cab 2007,images/train/train_07775.jpg
train_07776,90,Dodge Dakota Club Cab 2007,images/train/train_07776.jpg
train_07777,90,Dodge Dakota Club Cab 2007,images/train/train_07777.jpg
train_07778,90,Dodge Dakota Club Cab 2007,images/train/train_07778.jpg
train_07779,90,Dodge Dakota Club Cab 2007,images/train/train_07779.jpg
train_07780,90,Dodge Dakota Club Cab 2007,images/train/train_07780.jpg
train_07781,90,Dodge Dakota Club Cab 2007,images/train/train_07781.jpg
train_07782,90,Dodge Dakota Club Cab 2007,images/train/train_07782.jpg
train_07783,90,Dodge Dakota Club Cab 2007,images/train/train_07783.jpg
train_07784,91,Dodge Magnum Wagon 2008,images/train/train_07784.jpg
train_07786,91,Dodge Magnum Wagon 2008,images/train/train_07786.jpg
train_07787,91,Dodge Magnum Wagon 2008,images/train/train_07787.jpg
train_07788,91,Dodge Magnum Wagon 2008,images/train/train_07788.jpg
train_07789,91,Dodge Magnum Wagon 2008,images/train/train_07789.jpg
train_07790,91,Dodge Magnum Wagon 2008,images/train/train_07790.jpg
train_07791,91,Dodge Magnum Wagon 2008,images/train/train_07791.jpg
train_07793,91,Dodge Magnum Wagon 2008,images/train/train_07793.jpg
train_07794,91,Dodge Magnum Wagon 2008,images/train/train_07794.jpg
train_07795,91,Dodge Magnum Wagon 2008,images/train/train_07795.jpg
train_07796,91,Dodge Magnum Wagon 2008,images/train/train_07796.jpg
train_07797,91,Dodge Magnum Wagon 2008,images/train/train_07797.jpg
train_07798,91,Dodge Magnum Wagon 2008,images/train/train_07798.jpg
train_07799,91,Dodge Magnum Wagon 2008,images/train/train_07799.jpg
train_07800,91,Dodge Magnum Wagon 2008,images/train/train_07800.jpg
train_07801,91,Dodge Magnum Wagon 2008,images/train/train_07801.jpg
train_07803,91,Dodge Magnum Wagon 2008,images/train/train_07803.jpg
train_07804,91,Dodge Magnum Wagon 2008,images/train/train_07804.jpg
train_07805,91,Dodge Magnum Wagon 2008,images/train/train_07805.jpg
train_07807,91,Dodge Magnum Wagon 2008,images/train/train_07807.jpg
train_07809,91,Dodge Magnum Wagon 2008,images/train/train_07809.jpg
train_07810,91,Dodge Magnum Wagon 2008,images/train/train_07810.jpg
train_07811,91,Dodge Magnum Wagon 2008,images/train/train_07811.jpg
train_07812,91,Dodge Magnum Wagon 2008,images/train/train_07812.jpg
train_07813,91,Dodge Magnum Wagon 2008,images/train/train_07813.jpg
train_07814,91,Dodge Magnum Wagon 2008,images/train/train_07814.jpg
train_07816,91,Dodge Magnum Wagon 2008,images/train/train_07816.jpg
train_07817,91,Dodge Magnum Wagon 2008,images/train/train_07817.jpg
train_07818,91,Dodge Magnum Wagon 2008,images/train/train_07818.jpg
train_07819,91,Dodge Magnum Wagon 2008,images/train/train_07819.jpg
train_07820,91,Dodge Magnum Wagon 2008,images/train/train_07820.jpg
train_07821,91,Dodge Magnum Wagon 2008,images/train/train_07821.jpg
train_07822,91,Dodge Magnum Wagon 2008,images/train/train_07822.jpg
train_07823,91,Dodge Magnum Wagon 2008,images/train/train_07823.jpg
train_07825,92,Dodge Challenger SRT8 2011,images/train/train_07825.jpg
train_07826,92,Dodge Challenger SRT8 2011,images/train/train_07826.jpg
train_07827,92,Dodge Challenger SRT8 2011,images/train/train_07827.jpg
train_07829,92,Dodge Challenger SRT8 2011,images/train/train_07829.jpg
train_07830,92,Dodge Challenger SRT8 2011,images/train/train_07830.jpg
train_07831,92,Dodge Challenger SRT8 2011,images/train/train_07831.jpg
train_07832,92,Dodge Challenger SRT8 2011,images/train/train_07832.jpg
train_07833,92,Dodge Challenger SRT8 2011,images/train/train_07833.jpg
train_07834,92,Dodge Challenger SRT8 2011,images/train/train_07834.jpg
train_07835,92,Dodge Challenger SRT8 2011,images/train/train_07835.jpg
train_07836,92,Dodge Challenger SRT8 2011,images/train/train_07836.jpg
train_07837,92,Dodge Challenger SRT8 2011,images/train/train_07837.jpg
train_07839,92,Dodge Challenger SRT8 2011,images/train/train_07839.jpg
train_07840,92,Dodge Challenger SRT8 2011,images/train/train_07840.jpg
train_07841,92,Dodge Challenger SRT8 2011,images/train/train_07841.jpg
train_07842,92,Dodge Challenger SRT8 2011,images/train/train_07842.jpg
train_07843,92,Dodge Challenger SRT8 2011,images/train/train_07843.jpg
train_07844,92,Dodge Challenger SRT8 2011,images/train/train_07844.jpg
train_07845,92,Dodge Challenger SRT8 2011,images/train/train_07845.jpg
train_07846,92,Dodge Challenger SRT8 2011,images/train/train_07846.jpg
train_07847,92,Dodge Challenger SRT8 2011,images/train/train_07847.jpg
train_07848,92,Dodge Challenger SRT8 2011,images/train/train_07848.jpg
train_07850,92,Dodge Challenger SRT8 2011,images/train/train_07850.jpg
train_07851,92,Dodge Challenger SRT8 2011,images/train/train_07851.jpg
train_07852,92,Dodge Challenger SRT8 2011,images/train/train_07852.jpg
train_07853,92,Dodge Challenger SRT8 2011,images/train/train_07853.jpg
train_07854,92,Dodge Challenger SRT8 2011,images/train/train_07854.jpg
train_07855,92,Dodge Challenger SRT8 2011,images/train/train_07855.jpg
train_07856,92,Dodge Challenger SRT8 2011,images/train/train_07856.jpg
train_07858,92,Dodge Challenger SRT8 2011,images/train/train_07858.jpg
train_07859,92,Dodge Challenger SRT8 2011,images/train/train_07859.jpg
train_07860,92,Dodge Challenger SRT8 2011,images/train/train_07860.jpg
train_07861,92,Dodge Challenger SRT8 2011,images/train/train_07861.jpg
train_07863,93,Dodge Durango SUV 2012,images/train/train_07863.jpg
train_07864,93,Dodge Durango SUV 2012,images/train/train_07864.jpg
train_07866,93,Dodge Durango SUV 2012,images/train/train_07866.jpg
train_07867,93,Dodge Durango SUV 2012,images/train/train_07867.jpg
train_07868,93,Dodge Durango SUV 2012,images/train/train_07868.jpg
train_07869,93,Dodge Durango SUV 2012,images/train/train_07869.jpg
train_07870,93,Dodge Durango SUV 2012,images/train/train_07870.jpg
train_07872,93,Dodge Durango SUV 2012,images/train/train_07872.jpg
train_07873,93,Dodge Durango SUV 2012,images/train/train_07873.jpg
train_07874,93,Dodge Durango SUV 2012,images/train/train_07874.jpg
train_07876,93,Dodge Durango SUV 2012,images/train/train_07876.jpg
train_07877,93,Dodge Durango SUV 2012,images/train/train_07877.jpg
train_07878,93,Dodge Durango SUV 2012,images/train/train_07878.jpg
train_07880,93,Dodge Durango SUV 2012,images/train/train_07880.jpg
train_07881,93,Dodge Durango SUV 2012,images/train/train_07881.jpg
train_07882,93,Dodge Durango SUV 2012,images/train/train_07882.jpg
train_07883,93,Dodge Durango SUV 2012,images/train/train_07883.jpg
train_07884,93,Dodge Durango SUV 2012,images/train/train_07884.jpg
train_07885,93,Dodge Durango SUV 2012,images/train/train_07885.jpg
train_07886,93,Dodge Durango SUV 2012,images/train/train_07886.jpg
train_07888,93,Dodge Durango SUV 2012,images/train/train_07888.jpg
train_07889,93,Dodge Durango SUV 2012,images/train/train_07889.jpg
train_07890,93,Dodge Durango SUV 2012,images/train/train_07890.jpg
train_07891,93,Dodge Durango SUV 2012,images/train/train_07891.jpg
train_07893,93,Dodge Durango SUV 2012,images/train/train_07893.jpg
train_07894,93,Dodge Durango SUV 2012,images/train/train_07894.jpg
train_07895,93,Dodge Durango SUV 2012,images/train/train_07895.jpg
train_07896,93,Dodge Durango SUV 2012,images/train/train_07896.jpg
train_07897,93,Dodge Durango SUV 2012,images/train/train_07897.jpg
train_07898,93,Dodge Durango SUV 2012,images/train/train_07898.jpg
train_07899,93,Dodge Durango SUV 2012,images/train/train_07899.jpg
train_07900,93,Dodge Durango SUV 2012,images/train/train_07900.jpg
train_07901,93,Dodge Durango SUV 2012,images/train/train_07901.jpg
train_07902,93,Dodge Durango SUV 2012,images/train/train_07902.jpg
train_07903,93,Dodge Durango SUV 2012,images/train/train_07903.jpg
train_07904,93,Dodge Durango SUV 2012,images/train/train_07904.jpg
train_07905,93,Dodge Durango SUV 2012,images/train/train_07905.jpg
train_07907,94,Dodge Durango SUV 2007,images/train/train_07907.jpg
train_07908,94,Dodge Durango SUV 2007,images/train/train_07908.jpg
train_07909,94,Dodge Durango SUV 2007,images/train/train_07909.jpg
train_07910,94,Dodge Durango SUV 2007,images/train/train_07910.jpg
train_07912,94,Dodge Durango SUV 2007,images/train/train_07912.jpg
train_07913,94,Dodge Durango SUV 2007,images/train/train_07913.jpg
train_07914,94,Dodge Durango SUV 2007,images/train/train_07914.jpg
train_07915,94,Dodge Durango SUV 2007,images/train/train_07915.jpg
train_07916,94,Dodge Durango SUV 2007,images/train/train_07916.jpg
train_07917,94,Dodge Durango SUV 2007,images/train/train_07917.jpg
train_07918,94,Dodge Durango SUV 2007,images/train/train_07918.jpg
train_07920,94,Dodge Durango SUV 2007,images/train/train_07920.jpg
train_07921,94,Dodge Durango SUV 2007,images/train/train_07921.jpg
train_07923,94,Dodge Durango SUV 2007,images/train/train_07923.jpg
train_07924,94,Dodge Durango SUV 2007,images/train/train_07924.jpg
train_07926,94,Dodge Durango SUV 2007,images/train/train_07926.jpg
train_07927,94,Dodge Durango SUV 2007,images/train/train_07927.jpg
train_07928,94,Dodge Durango SUV 2007,images/train/train_07928.jpg
train_07929,94,Dodge Durango SUV 2007,images/train/train_07929.jpg
train_07931,94,Dodge Durango SUV 2007,images/train/train_07931.jpg
train_07932,94,Dodge Durango SUV 2007,images/train/train_07932.jpg
train_07933,94,Dodge Durango SUV 2007,images/train/train_07933.jpg
train_07935,94,Dodge Durango SUV 2007,images/train/train_07935.jpg
train_07936,94,Dodge Durango SUV 2007,images/train/train_07936.jpg
train_07937,94,Dodge Durango SUV 2007,images/train/train_07937.jpg
train_07938,94,Dodge Durango SUV 2007,images/train/train_07938.jpg
train_07939,94,Dodge Durango SUV 2007,images/train/train_07939.jpg
train_07940,94,Dodge Durango SUV 2007,images/train/train_07940.jpg
train_07942,94,Dodge Durango SUV 2007,images/train/train_07942.jpg
train_07943,94,Dodge Durango SUV 2007,images/train/train_07943.jpg
train_07944,94,Dodge Durango SUV 2007,images/train/train_07944.jpg
train_07945,94,Dodge Durango SUV 2007,images/train/train_07945.jpg
train_07946,94,Dodge Durango SUV 2007,images/train/train_07946.jpg
train_07947,94,Dodge Durango SUV 2007,images/train/train_07947.jpg
train_07948,94,Dodge Durango SUV 2007,images/train/train_07948.jpg
train_07949,94,Dodge Durango SUV 2007,images/train/train_07949.jpg
train_07950,94,Dodge Durango SUV 2007,images/train/train_07950.jpg
train_07951,94,Dodge Durango SUV 2007,images/train/train_07951.jpg
train_07952,94,Dodge Durango SUV 2007,images/train/train_07952.jpg
train_07954,95,Dodge Charger Sedan 2012,images/train/train_07954.jpg
train_07955,95,Dodge Charger Sedan 2012,images/train/train_07955.jpg
train_07956,95,Dodge Charger Sedan 2012,images/train/train_07956.jpg
train_07957,95,Dodge Charger Sedan 2012,images/train/train_07957.jpg
train_07958,95,Dodge Charger Sedan 2012,images/train/train_07958.jpg
train_07959,95,Dodge Charger Sedan 2012,images/train/train_07959.jpg
train_07960,95,Dodge Charger Sedan 2012,images/train/train_07960.jpg
train_07961,95,Dodge Charger Sedan 2012,images/train/train_07961.jpg
train_07962,95,Dodge Charger Sedan 2012,images/train/train_07962.jpg
train_07963,95,Dodge Charger Sedan 2012,images/train/train_07963.jpg
train_07965,95,Dodge Charger Sedan 2012,images/train/train_07965.jpg
train_07966,95,Dodge Charger Sedan 2012,images/train/train_07966.jpg
train_07967,95,Dodge Charger Sedan 2012,images/train/train_07967.jpg
train_07968,95,Dodge Charger Sedan 2012,images/train/train_07968.jpg
train_07969,95,Dodge Charger Sedan 2012,images/train/train_07969.jpg
train_07970,95,Dodge Charger Sedan 2012,images/train/train_07970.jpg
train_07971,95,Dodge Charger Sedan 2012,images/train/train_07971.jpg
train_07972,95,Dodge Charger Sedan 2012,images/train/train_07972.jpg
train_07973,95,Dodge Charger Sedan 2012,images/train/train_07973.jpg
train_07975,95,Dodge Charger Sedan 2012,images/train/train_07975.jpg
train_07976,95,Dodge Charger Sedan 2012,images/train/train_07976.jpg
train_07977,95,Dodge Charger Sedan 2012,images/train/train_07977.jpg
train_07978,95,Dodge Charger Sedan 2012,images/train/train_07978.jpg
train_07979,95,Dodge Charger Sedan 2012,images/train/train_07979.jpg
train_07980,95,Dodge Charger Sedan 2012,images/train/train_07980.jpg
train_07981,95,Dodge Charger Sedan 2012,images/train/train_07981.jpg
train_07983,95,Dodge Charger Sedan 2012,images/train/train_07983.jpg
train_07984,95,Dodge Charger Sedan 2012,images/train/train_07984.jpg
train_07985,95,Dodge Charger Sedan 2012,images/train/train_07985.jpg
train_07986,95,Dodge Charger Sedan 2012,images/train/train_07986.jpg
train_07987,95,Dodge Charger Sedan 2012,images/train/train_07987.jpg
train_07988,95,Dodge Charger Sedan 2012,images/train/train_07988.jpg
train_07989,95,Dodge Charger Sedan 2012,images/train/train_07989.jpg
train_07991,95,Dodge Charger Sedan 2012,images/train/train_07991.jpg
train_07992,95,Dodge Charger Sedan 2012,images/train/train_07992.jpg
train_07994,96,Dodge Charger SRT-8 2009,images/train/train_07994.jpg
train_07996,96,Dodge Charger SRT-8 2009,images/train/train_07996.jpg
train_07997,96,Dodge Charger SRT-8 2009,images/train/train_07997.jpg
train_07998,96,Dodge Charger SRT-8 2009,images/train/train_07998.jpg
train_07999,96,Dodge Charger SRT-8 2009,images/train/train_07999.jpg
train_08000,96,Dodge Charger SRT-8 2009,images/train/train_08000.jpg
train_08001,96,Dodge Charger SRT-8 2009,images/train/train_08001.jpg
train_08002,96,Dodge Charger SRT-8 2009,images/train/train_08002.jpg
train_08003,96,Dodge Charger SRT-8 2009,images/train/train_08003.jpg
train_08004,96,Dodge Charger SRT-8 2009,images/train/train_08004.jpg
train_08005,96,Dodge Charger SRT-8 2009,images/train/train_08005.jpg
train_08006,96,Dodge Charger SRT-8 2009,images/train/train_08006.jpg
train_08007,96,Dodge Charger SRT-8 2009,images/train/train_08007.jpg
train_08008,96,Dodge Charger SRT-8 2009,images/train/train_08008.jpg
train_08009,96,Dodge Charger SRT-8 2009,images/train/train_08009.jpg
train_08010,96,Dodge Charger SRT-8 2009,images/train/train_08010.jpg
train_08011,96,Dodge Charger SRT-8 2009,images/train/train_08011.jpg
train_08012,96,Dodge Charger SRT-8 2009,images/train/train_08012.jpg
train_08013,96,Dodge Charger SRT-8 2009,images/train/train_08013.jpg
train_08014,96,Dodge Charger SRT-8 2009,images/train/train_08014.jpg
train_08015,96,Dodge Charger SRT-8 2009,images/train/train_08015.jpg
train_08016,96,Dodge Charger SRT-8 2009,images/train/train_08016.jpg
train_08017,96,Dodge Charger SRT-8 2009,images/train/train_08017.jpg
train_08018,96,Dodge Charger SRT-8 2009,images/train/train_08018.jpg
train_08019,96,Dodge Charger SRT-8 2009,images/train/train_08019.jpg
train_08020,96,Dodge Charger SRT-8 2009,images/train/train_08020.jpg
train_08023,96,Dodge Charger SRT-8 2009,images/train/train_08023.jpg
train_08024,96,Dodge Charger SRT-8 2009,images/train/train_08024.jpg
train_08025,96,Dodge Charger SRT-8 2009,images/train/train_08025.jpg
train_08027,96,Dodge Charger SRT-8 2009,images/train/train_08027.jpg
train_08028,96,Dodge Charger SRT-8 2009,images/train/train_08028.jpg
train_08029,96,Dodge Charger SRT-8 2009,images/train/train_08029.jpg
train_08031,96,Dodge Charger SRT-8 2009,images/train/train_08031.jpg
train_08032,96,Dodge Charger SRT-8 2009,images/train/train_08032.jpg
train_08033,96,Dodge Charger SRT-8 2009,images/train/train_08033.jpg
train_08035,96,Dodge Charger SRT-8 2009,images/train/train_08035.jpg
train_08036,97,Eagle Talon Hatchback 1998,images/train/train_08036.jpg
train_08037,97,Eagle Talon Hatchback 1998,images/train/train_08037.jpg
train_08038,97,Eagle Talon Hatchback 1998,images/train/train_08038.jpg
train_08039,97,Eagle Talon Hatchback 1998,images/train/train_08039.jpg
train_08040,97,Eagle Talon Hatchback 1998,images/train/train_08040.jpg
train_08041,97,Eagle Talon Hatchback 1998,images/train/train_08041.jpg
train_08042,97,Eagle Talon Hatchback 1998,images/train/train_08042.jpg
train_08043,97,Eagle Talon Hatchback 1998,images/train/train_08043.jpg
train_08045,97,Eagle Talon Hatchback 1998,images/train/train_08045.jpg
train_08046,97,Eagle Talon Hatchback 1998,images/train/train_08046.jpg
train_08047,97,Eagle Talon Hatchback 1998,images/train/train_08047.jpg
train_08048,97,Eagle Talon Hatchback 1998,images/train/train_08048.jpg
train_08049,97,Eagle Talon Hatchback 1998,images/train/train_08049.jpg
train_08050,97,Eagle Talon Hatchback 1998,images/train/train_08050.jpg
train_08051,97,Eagle Talon Hatchback 1998,images/train/train_08051.jpg
train_08052,97,Eagle Talon Hatchback 1998,images/train/train_08052.jpg
train_08053,97,Eagle Talon Hatchback 1998,images/train/train_08053.jpg
train_08054,97,Eagle Talon Hatchback 1998,images/train/train_08054.jpg
train_08055,97,Eagle Talon Hatchback 1998,images/train/train_08055.jpg
train_08056,97,Eagle Talon Hatchback 1998,images/train/train_08056.jpg
train_08057,97,Eagle Talon Hatchback 1998,images/train/train_08057.jpg
train_08058,97,Eagle Talon Hatchback 1998,images/train/train_08058.jpg
train_08060,97,Eagle Talon Hatchback 1998,images/train/train_08060.jpg
train_08062,97,Eagle Talon Hatchback 1998,images/train/train_08062.jpg
train_08063,97,Eagle Talon Hatchback 1998,images/train/train_08063.jpg
train_08064,97,Eagle Talon Hatchback 1998,images/train/train_08064.jpg
train_08065,97,Eagle Talon Hatchback 1998,images/train/train_08065.jpg
train_08066,97,Eagle Talon Hatchback 1998,images/train/train_08066.jpg
train_08067,97,Eagle Talon Hatchback 1998,images/train/train_08067.jpg
train_08069,97,Eagle Talon Hatchback 1998,images/train/train_08069.jpg
train_08070,97,Eagle Talon Hatchback 1998,images/train/train_08070.jpg
train_08071,97,Eagle Talon Hatchback 1998,images/train/train_08071.jpg
train_08073,97,Eagle Talon Hatchback 1998,images/train/train_08073.jpg
train_08074,97,Eagle Talon Hatchback 1998,images/train/train_08074.jpg
train_08075,97,Eagle Talon Hatchback 1998,images/train/train_08075.jpg
train_08077,97,Eagle Talon Hatchback 1998,images/train/train_08077.jpg
train_08078,97,Eagle Talon Hatchback 1998,images/train/train_08078.jpg
train_08079,97,Eagle Talon Hatchback 1998,images/train/train_08079.jpg
train_08080,97,Eagle Talon Hatchback 1998,images/train/train_08080.jpg
train_08082,98,FIAT 500 Abarth 2012,images/train/train_08082.jpg
train_08084,98,FIAT 500 Abarth 2012,images/train/train_08084.jpg
train_08085,98,FIAT 500 Abarth 2012,images/train/train_08085.jpg
train_08086,98,FIAT 500 Abarth 2012,images/train/train_08086.jpg
train_08087,98,FIAT 500 Abarth 2012,images/train/train_08087.jpg
train_08088,98,FIAT 500 Abarth 2012,images/train/train_08088.jpg
train_08089,98,FIAT 500 Abarth 2012,images/train/train_08089.jpg
train_08090,98,FIAT 500 Abarth 2012,images/train/train_08090.jpg
train_08091,98,FIAT 500 Abarth 2012,images/train/train_08091.jpg
train_08092,98,FIAT 500 Abarth 2012,images/train/train_08092.jpg
train_08094,98,FIAT 500 Abarth 2012,images/train/train_08094.jpg
train_08095,98,FIAT 500 Abarth 2012,images/train/train_08095.jpg
train_08096,98,FIAT 500 Abarth 2012,images/train/train_08096.jpg
train_08097,98,FIAT 500 Abarth 2012,images/train/train_08097.jpg
train_08098,98,FIAT 500 Abarth 2012,images/train/train_08098.jpg
train_08099,98,FIAT 500 Abarth 2012,images/train/train_08099.jpg
train_08101,98,FIAT 500 Abarth 2012,images/train/train_08101.jpg
train_08102,98,FIAT 500 Abarth 2012,images/train/train_08102.jpg
train_08104,98,FIAT 500 Abarth 2012,images/train/train_08104.jpg
train_08105,98,FIAT 500 Abarth 2012,images/train/train_08105.jpg
train_08106,98,FIAT 500 Abarth 2012,images/train/train_08106.jpg
train_08107,98,FIAT 500 Abarth 2012,images/train/train_08107.jpg
train_08108,98,FIAT 500 Abarth 2012,images/train/train_08108.jpg
train_08109,98,FIAT 500 Abarth 2012,images/train/train_08109.jpg
train_08110,99,FIAT 500 Convertible 2012,images/train/train_08110.jpg
train_08111,99,FIAT 500 Convertible 2012,images/train/train_08111.jpg
train_08112,99,FIAT 500 Convertible 2012,images/train/train_08112.jpg
train_08113,99,FIAT 500 Convertible 2012,images/train/train_08113.jpg
train_08114,99,FIAT 500 Convertible 2012,images/train/train_08114.jpg
train_08115,99,FIAT 500 Convertible 2012,images/train/train_08115.jpg
train_08116,99,FIAT 500 Convertible 2012,images/train/train_08116.jpg
train_08117,99,FIAT 500 Convertible 2012,images/train/train_08117.jpg
train_08118,99,FIAT 500 Convertible 2012,images/train/train_08118.jpg
train_08119,99,FIAT 500 Convertible 2012,images/train/train_08119.jpg
train_08120,99,FIAT 500 Convertible 2012,images/train/train_08120.jpg
train_08121,99,FIAT 500 Convertible 2012,images/train/train_08121.jpg
train_08122,99,FIAT 500 Convertible 2012,images/train/train_08122.jpg
train_08124,99,FIAT 500 Convertible 2012,images/train/train_08124.jpg
train_08125,99,FIAT 500 Convertible 2012,images/train/train_08125.jpg
train_08127,99,FIAT 500 Convertible 2012,images/train/train_08127.jpg
train_08128,99,FIAT 500 Convertible 2012,images/train/train_08128.jpg
train_08130,99,FIAT 500 Convertible 2012,images/train/train_08130.jpg
train_08131,99,FIAT 500 Convertible 2012,images/train/train_08131.jpg
train_08133,99,FIAT 500 Convertible 2012,images/train/train_08133.jpg
train_08134,99,FIAT 500 Convertible 2012,images/train/train_08134.jpg
train_08135,99,FIAT 500 Convertible 2012,images/train/train_08135.jpg
train_08136,99,FIAT 500 Convertible 2012,images/train/train_08136.jpg
train_08137,99,FIAT 500 Convertible 2012,images/train/train_08137.jpg
train_08138,99,FIAT 500 Convertible 2012,images/train/train_08138.jpg
train_08139,99,FIAT 500 Convertible 2012,images/train/train_08139.jpg
train_08141,99,FIAT 500 Convertible 2012,images/train/train_08141.jpg
train_08142,99,FIAT 500 Convertible 2012,images/train/train_08142.jpg
train_08143,99,FIAT 500 Convertible 2012,images/train/train_08143.jpg
